'1033957',20260915,1,20260916,1,20260917,1,20260918,1,20260919,1,20260920,1,20260921,1,20260922,1,20260923,1,20260924,1,20260925,1,20260926,1,20260927,1,20260928,1,20260929,1,20260930,1,20261001,1,20261002,1,20261003,1,20261004,1,20261005,1,20261006,1,20261007,1,20261008,1,20261009,1,20261010,1,20261011,1,20261012,1
'1033958',20260915,1,20260916,1,20260917,1,20260918,1,20260919,1,20260920,1,20260921,1,20260922,1,20260923,1,20260924,1,20260925,1,20260926,1,20260927,1,20260928,1,20260929,1,20260930,1,20261001,1,20261002,1,20261003,1,20261004,1,20261005,1,20261006,1,20261007,1,20261008,1,20261009,1,20261010,1,20261011,1,20261012,1
'1033960',20260915,1,20260916,1,20260917,1,20260918,1,20260919,1,20260920,1,20260921,1,20260922,1,20260923,1,20260924,1,20260925,1,20260926,1,20260927,1,20260928,1,20260929,1,20260930,1,20261001,1,20261002,1,20261003,1,20261004,1
'1033961',20260915,1,20260916,1,20260917,1,20260918,1,20260919,1,20260920,1,20260921,1,20260922,1,20260923,1,20260924,1,20260925,1,20260926,1,20260927,1,20260928,1,20260929,1,20260930,1,20261001,1,20261002,1,20261003,1,20261004,1
'1033963',20260915,1,20260916,1,20260917,1,20260918,1,20260919,1,20260920,1,20260921,1,20260922,1,20260923,1,20260924,1,20260925,1,20260926,1,20260927,1,20260928,1,20260929,1,20260930,1,20261001,1,20261002,1,20261003,1,20261004,1
'1033964',20260915,1,20260916,1,20260917,1,20260918,1,20260919,1,20260920,1,20260921,1,20260922,1,20260923,1,20260924,1,20260925,1,20260926,1,20260927,1,20260928,1,20260929,1,20260930,1,20261001,1,20261002,1,20261003,1,20261004,1,20261005,1,20261006,1,20261007,1,20261008,1,20261009,1,20261010,1,20261011,1,20261012,1
'1033965',20260915,1,20260916,1,20260917,1,20260918,1,20260919,1,20260920,1,20260921,1,20260922,1,20260923,1,20260924,1,20260925,1,20260926,1,20260927,1,20260928,1,20260929,1,20260930,1,20261001,1,20261002,1,20261003,1,20261004,1,20261005,1,20261006,1,20261007,1,20261008,1,20261009,1,20261010,1,20261011,1,20261012,1
'1033967',20260915,1,20260916,1,20260917,1,20260918,1,20260919,1,20260920,1,20260921,1,20260922,1,20260923,1,20260924,1,20260925,1,20260926,1,20260927,1,20260928,1,20260929,1,20260930,1,20261001,1,20261002,1,20261003,1,20261004,1
'1033968',20260915,1,20260916,1,20260917,1,20260918,1,20260919,1,20260920,1,20260921,1,20260922,1,20260923,1,20260924,1,20260925,1,20260926,1,20260927,1,20260928,1,20260929,1,20260930,1,20261001,1,20261002,1,20261003,1,20261004,1
'1033969',20260915,1,20260916,1,20260917,1,20260918,1,20260919,1,20260920,1,20260921,1,20260922,1,20260923,1,20260924,1,20260925,1,20260926,1,20260927,1,20260928,1,20260929,1,20260930,1,20261001,1,20261002,1,20261003,1,20261004,1,20261005,1,20261006,1,20261007,1,20261008,1,20261009,1,20261010,1,20261011,1,20261012,1
'1033970',20260915,1,20260916,1,20260917,1,20260918,1,20260919,1,20260920,1,20260921,1,20260922,1,20260923,1,20260924,1,20260925,1,20260926,1,20260927,1,20260928,1,20260929,1,20260930,1,20261001,1,20261002,1,20261003,1,20261004,1
'1033971',20260915,1,20260916,1,20260917,1,20260918,1,20260919,1,20260920,1,20260921,1,20260922,1,20260923,1,20260924,1,20260925,1,20260926,1,20260927,1,20260928,1,20260929,1,20260930,1,20261001,1,20261002,1,20261003,1,20261004,1,20261005,1,20261006,1,20261007,1,20261008,1,20261009,1,20261010,1,20261011,1,20261012,1
'1033972',20260915,1,20260916,1,20260917,1,20260918,1,20260919,1,20260920,1,20260921,1,20260922,1,20260923,1,20260924,1,20260925,1,20260926,1,20260927,1,20260928,1,20260929,1,20260930,1,20261001,1,20261002,1,20261003,1,20261004,1,20261005,1,20261006,1,20261007,1,20261008,1,20261009,1,20261010,1,20261011,1,20261012,1
'1033973',20260915,1,20260916,1,20260917,1,20260918,1,20260919,1,20260920,1,20260921,1,20260922,1,20260923,1,20260924,1,20260925,1,20260926,1,20260927,1,20260928,1,20260929,1,20260930,1,20261001,1,20261002,1,20261003,1,20261004,1,20261005,1,20261006,1,20261007,1,20261008,1,20261009,1,20261010,1,20261011,1,20261012,1
'1033974',20260915,1,20260916,1,20260917,1,20260918,1,20260919,1,20260920,1,20260921,1,20260922,1,20260923,1,20260924,1,20260925,1,20260926,1,20260927,1,20260928,1,20260929,1,20260930,1,20261001,1,20261002,1,20261003,1,20261004,1,20261005,1,20261006,1,20261007,1,20261008,1,20261009,1,20261010,1,20261011,1,20261012,1
'1033976',20260915,1,20260916,1,20260917,1,20260918,1,20260919,1,20260920,1,20260921,1,20260922,1,20260923,1,20260924,1,20260925,1,20260926,1,20260927,1,20260928,1,20260929,1,20260930,1,20261001,1,20261002,1,20261003,1,20261004,1,20261005,1,20261006,1,20261007,1,20261008,1,20261009,1,20261010,1,20261011,1,20261012,1
'1033977',20260915,1,20260916,1,20260917,1,20260918,1,20260919,1,20260920,1,20260921,1,20260922,1,20260923,1,20260924,1,20260925,1,20260926,1,20260927,1,20260928,1,20260929,1,20260930,1,20261001,1,20261002,1,20261003,1,20261004,1,20261005,1,20261006,1,20261007,1,20261008,1,20261009,1,20261010,1,20261011,1,20261012,1
'1033978',20260915,1,20260916,1,20260917,1,20260918,1,20260919,1,20260920,1,20260921,1,20260922,1,20260923,1,20260924,1,20260925,1,20260926,1,20260927,1,20260928,1,20260929,1,20260930,1,20261001,1,20261002,1,20261003,1,20261004,1,20261005,1,20261006,1,20261007,1,20261008,1,20261009,1,20261010,1,20261011,1,20261012,1
'1033979',20260915,1,20260916,1,20260917,1,20260918,1,20260919,1,20260920,1,20260921,1,20260922,1,20260923,1,20260924,1,20260925,1,20260926,1,20260927,1,20260928,1,20260929,1,20260930,1,20261001,1,20261002,1,20261003,1,20261004,1
'1033980',20260915,1,20260916,1,20260917,1,20260918,1,20260919,1,20260920,1,20260921,1,20260922,1,20260923,1,20260924,1,20260925,1,20260926,1,20260927,1,20260928,1,20260929,1,20260930,1,20261001,1,20261002,1,20261003,1,20261004,1,20261005,1,20261006,1,20261007,1,20261008,1,20261009,1,20261010,1,20261011,1,20261012,1
'1033981',20260915,1,20260916,1,20260917,1,20260918,1,20260919,1,20260920,1,20260921,1,20260922,1,20260923,1,20260924,1,20260925,1,20260926,1,20260927,1,20260928,1,20260929,1,20260930,1,20261001,1,20261002,1,20261003,1,20261004,1,20261005,1,20261006,1,20261007,1,20261008,1,20261009,1,20261010,1,20261011,1,20261012,1
'1033982',20260915,1,20260916,1,20260917,1,20260918,1,20260919,1,20260920,1,20260921,1,20260922,1,20260923,1,20260924,1,20260925,1,20260926,1,20260927,1,20260928,1,20260929,1,20260930,1,20261001,1,20261002,1,20261003,1,20261004,1,20261005,1,20261006,1,20261007,1,20261008,1,20261009,1,20261010,1,20261011,1,20261012,1
'1033983',20260915,1,20260916,1,20260917,1,20260918,1,20260919,1,20260920,1,20260921,1,20260922,1,20260923,1,20260924,1,20260925,1,20260926,1,20260927,1,20260928,1,20260929,1,20260930,1,20261001,1,20261002,1,20261003,1,20261004,1
'1033986',20260915,1,20260916,1,20260917,1,20260918,1,20260919,1,20260920,1,20260921,1,20260922,1,20260923,1,20260924,1,20260925,1,20260926,1,20260927,1,20260928,1,20260929,1,20260930,1,20261001,1,20261002,1,20261003,1,20261004,1,20261005,1,20261006,1,20261007,1,20261008,1,20261009,1,20261010,1,20261011,1,20261012,1
'1033987',20260915,1,20260916,1,20260917,1,20260918,1,20260919,1,20260920,1,20260921,1,20260922,1,20260923,1,20260924,1,20260925,1,20260926,1,20260927,1,20260928,1,20260929,1,20260930,1,20261001,1,20261002,1,20261003,1,20261004,1,20261005,1,20261006,1,20261007,1,20261008,1,20261009,1,20261010,1,20261011,1,20261012,1
'1033988',20260915,1,20260916,1,20260917,1,20260918,1,20260919,1,20260920,1,20260921,1,20260922,1,20260923,1,20260924,1,20260925,1,20260926,1,20260927,1,20260928,1,20260929,1,20260930,1,20261001,1,20261002,1,20261003,1,20261004,1,20261005,1,20261006,1,20261007,1,20261008,1,20261009,1,20261010,1,20261011,1,20261012,1
'1033989',20260915,1,20260916,1,20260917,1,20260918,1,20260919,1,20260920,1,20260921,1,20260922,1,20260923,1,20260924,1,20260925,1,20260926,1,20260927,1,20260928,1,20260929,1,20260930,1,20261001,1,20261002,1,20261003,1,20261004,1
'1033990',20260915,1,20260916,1,20260917,1,20260918,1,20260919,1,20260920,1,20260921,1,20260922,1,20260923,1,20260924,1,20260925,1,20260926,1,20260927,1,20260928,1,20260929,1,20260930,1,20261001,1,20261002,1,20261003,1,20261004,1
'1033993',20260915,1,20260916,1,20260917,1,20260918,1,20260919,1,20260920,1,20260921,1,20260922,1,20260923,1,20260924,1,20260925,1,20260926,1,20260927,1,20260928,1,20260929,1,20260930,1,20261001,1,20261002,1,20261003,1,20261004,1,20261005,1,20261006,1,20261007,1,20261008,1,20261009,1,20261010,1,20261011,1,20261012,1
'1033994',20260915,1,20260916,1,20260917,1,20260918,1,20260919,1,20260920,1,20260921,1,20260922,1,20260923,1,20260924,1,20260925,1,20260926,1,20260927,1,20260928,1,20260929,1,20260930,1,20261001,1,20261002,1,20261003,1,20261004,1
'1033995',20260915,1,20260916,1,20260917,1,20260918,1,20260919,1,20260920,1,20260921,1,20260922,1,20260923,1,20260924,1,20260925,1,20260926,1,20260927,1,20260928,1,20260929,1,20260930,1,20261001,1,20261002,1,20261003,1,20261004,1,20261005,1,20261006,1,20261007,1,20261008,1,20261009,1,20261010,1,20261011,1,20261012,1
'1033996',20260915,1,20260916,1,20260917,1,20260918,1,20260919,1,20260920,1,20260921,1,20260922,1,20260923,1,20260924,1,20260925,1,20260926,1,20260927,1,20260928,1,20260929,1,20260930,1,20261001,1,20261002,1,20261003,1,20261004,1,20261005,1,20261006,1,20261007,1,20261008,1,20261009,1,20261010,1,20261011,1,20261012,1
'1033997',20260915,1,20260916,1,20260917,1,20260918,1,20260919,1,20260920,1,20260921,1,20260922,1,20260923,1,20260924,1,20260925,1,20260926,1,20260927,1,20260928,1,20260929,1,20260930,1,20261001,1,20261002,1,20261003,1,20261004,1,20261005,1,20261006,1,20261007,1,20261008,1,20261009,1,20261010,1,20261011,1,20261012,1
'1033998',20260915,1,20260916,1,20260917,1,20260918,1,20260919,1,20260920,1,20260921,1,20260922,1,20260923,1,20260924,1,20260925,1,20260926,1,20260927,1
'1033999',20260915,1,20260916,1,20260917,1,20260918,1,20260919,1,20260920,1,20260921,1,20260922,1,20260923,1,20260924,1,20260925,1,20260926,1,20260927,1,20260928,1,20260929,1,20260930,1,20261001,1,20261002,1,20261003,1,20261004,1
'1034000',20260915,1,20260916,1,20260917,1,20260918,1,20260919,1,20260920,1,20260921,1,20260922,1,20260923,1,20260924,1,20260925,1,20260926,1,20260927,1,20260928,1,20260929,1,20260930,1,20261001,1,20261002,1,20261003,1,20261004,1,20261005,1,20261006,1,20261007,1,20261008,1,20261009,1,20261010,1,20261011,1,20261012,1
'1034001',20260915,1,20260916,1,20260917,1,20260918,1,20260919,1,20260920,1,20260921,1,20260922,1,20260923,1,20260924,1,20260925,1,20260926,1,20260927,1,20260928,1,20260929,1,20260930,1,20261001,1,20261002,1,20261003,1,20261004,1,20261005,1,20261006,1,20261007,1,20261008,1,20261009,1,20261010,1,20261011,1,20261012,1
'1034002',20260915,1,20260916,1,20260917,1,20260918,1,20260919,1,20260920,1,20260921,1,20260922,1,20260923,1,20260924,1,20260925,1,20260926,1,20260927,1,20260928,1,20260929,1,20260930,1,20261001,1,20261002,1,20261003,1,20261004,1,20261005,1,20261006,1,20261007,1,20261008,1,20261009,1,20261010,1,20261011,1,20261012,1
'1034003',20260915,1,20260916,1,20260917,1,20260918,1,20260919,1,20260920,1,20260921,1,20260922,1,20260923,1,20260924,1,20260925,1,20260926,1,20260927,1,20260928,1,20260929,1,20260930,1,20261001,1,20261002,1,20261003,1,20261004,1,20261005,1,20261006,1,20261007,1,20261008,1,20261009,1,20261010,1,20261011,1,20261012,1
'1034004',20260915,1,20260916,1,20260917,1,20260918,1,20260919,1,20260920,1,20260921,1,20260922,1,20260923,1,20260924,1,20260925,1,20260926,1,20260927,1,20260928,1,20260929,1,20260930,1,20261001,1,20261002,1,20261003,1,20261004,1
'1034005',20260915,1,20260916,1,20260917,1,20260918,1,20260919,1,20260920,1,20260921,1,20260922,1,20260923,1,20260924,1,20260925,1,20260926,1,20260927,1,20260928,1,20260929,1,20260930,1,20261001,1,20261002,1,20261003,1,20261004,1,20261005,1,20261006,1,20261007,1,20261008,1,20261009,1,20261010,1,20261011,1,20261012,1
'1034006',20260915,1,20260916,1,20260917,1,20260918,1,20260919,1,20260920,1,20260921,1,20260922,1,20260923,1,20260924,1,20260925,1,20260926,1,20260927,1,20260928,1,20260929,1,20260930,1,20261001,1,20261002,1,20261003,1,20261004,1
'1034007',20260915,1,20260916,1,20260917,1,20260918,1,20260919,1,20260920,1,20260921,1,20260922,1,20260923,1,20260924,1,20260925,1,20260926,1,20260927,1,20260928,1,20260929,1,20260930,1,20261001,1,20261002,1,20261003,1,20261004,1,20261005,1,20261006,1,20261007,1,20261008,1,20261009,1,20261010,1,20261011,1,20261012,1
'1034008',20260915,1,20260916,1,20260917,1,20260918,1,20260919,1,20260920,1,20260921,1,20260922,1,20260923,1,20260924,1,20260925,1,20260926,1,20260927,1,20260928,1,20260929,1,20260930,1,20261001,1,20261002,1,20261003,1,20261004,1,20261005,1,20261006,1,20261007,1,20261008,1,20261009,1,20261010,1,20261011,1,20261012,1
'1034010',20260915,1,20260916,1,20260917,1,20260918,1,20260919,1,20260920,1,20260921,1,20260922,1,20260923,1,20260924,1,20260925,1,20260926,1,20260927,1,20260928,1,20260929,1,20260930,1,20261001,1,20261002,1,20261003,1,20261004,1
'1034011',20260915,1,20260916,1,20260917,1,20260918,1,20260919,1,20260920,1,20260921,1,20260922,1,20260923,1,20260924,1,20260925,1,20260926,1,20260927,1,20260928,1,20260929,1,20260930,1,20261001,1,20261002,1,20261003,1,20261004,1
'1034013',20260915,1,20260916,1,20260917,1,20260918,1,20260919,1,20260920,1,20260921,1,20260922,1,20260923,1,20260924,1,20260925,1,20260926,1,20260927,1,20260928,1,20260929,1,20260930,1,20261001,1,20261002,1,20261003,1,20261004,1,20261005,1,20261006,1,20261007,1,20261008,1,20261009,1,20261010,1,20261011,1,20261012,1
'1034015',20260915,1,20260916,1,20260917,1,20260918,1,20260919,1,20260920,1,20260921,1,20260922,1,20260923,1,20260924,1,20260925,1,20260926,1,20260927,1,20260928,1,20260929,1,20260930,1,20261001,1,20261002,1,20261003,1,20261004,1,20261005,1,20261006,1,20261007,1,20261008,1,20261009,1,20261010,1,20261011,1,20261012,1
'1034016',20260915,1,20260916,1,20260917,1,20260918,1,20260919,1,20260920,1,20260921,1,20260922,1,20260923,1,20260924,1,20260925,1,20260926,1,20260927,1,20260928,1,20260929,1,20260930,1,20261001,1,20261002,1,20261003,1,20261004,1,20261005,1,20261006,1,20261007,1,20261008,1,20261009,1,20261010,1,20261011,1,20261012,1
'1034017',20260915,1,20260916,1,20260917,1,20260918,1,20260919,1,20260920,1,20260921,1,20260922,1,20260923,1,20260924,1,20260925,1,20260926,1,20260927,1,20260928,1,20260929,1,20260930,1,20261001,1,20261002,1,20261003,1,20261004,1,20261005,1,20261006,1,20261007,1,20261008,1,20261009,1,20261010,1,20261011,1,20261012,1
'1034018',20260915,1,20260916,1,20260917,1,20260918,1,20260919,1,20260920,1,20260921,1,20260922,1,20260923,1,20260924,1,20260925,1,20260926,1,20260927,1,20260928,1,20260929,1,20260930,1,20261001,1,20261002,1,20261003,1,20261004,1,20261005,1,20261006,1,20261007,1,20261008,1,20261009,1,20261010,1,20261011,1,20261012,1
'1034021',20260915,1,20260916,1,20260917,1,20260918,1,20260919,1,20260920,1,20260921,1,20260922,1,20260923,1,20260924,1,20260925,1,20260926,1,20260927,1,20260928,1,20260929,1,20260930,1,20261001,1,20261002,1,20261003,1,20261004,1,20261005,1,20261006,1,20261007,1,20261008,1,20261009,1,20261010,1,20261011,1,20261012,1
'1034023',20260915,1,20260916,1,20260917,1,20260918,1,20260919,1,20260920,1,20260921,1,20260922,1,20260923,1,20260924,1,20260925,1,20260926,1,20260927,1,20260928,1,20260929,1,20260930,1,20261001,1,20261002,1,20261003,1,20261004,1,20261005,1,20261006,1,20261007,1,20261008,1,20261009,1,20261010,1,20261011,1,20261012,1
'1034024',20260915,1,20260916,1,20260917,1,20260918,1,20260919,1,20260920,1,20260921,1,20260922,1,20260923,1,20260924,1,20260925,1,20260926,1,20260927,1,20260928,1,20260929,1,20260930,1,20261001,1,20261002,1,20261003,1,20261004,1,20261005,1,20261006,1,20261007,1,20261008,1,20261009,1,20261010,1,20261011,1,20261012,1
'1034026',20260915,1,20260916,1,20260917,1,20260918,1,20260919,1,20260920,1,20260921,1,20260922,1,20260923,1,20260924,1,20260925,1,20260926,1,20260927,1,20260928,1,20260929,1,20260930,1,20261001,1,20261002,1,20261003,1,20261004,1,20261005,1,20261006,1,20261007,1,20261008,1,20261009,1,20261010,1,20261011,1,20261012,1
'1034027',20260915,1,20260916,1,20260917,1,20260918,1,20260919,1,20260920,1,20260921,1,20260922,1,20260923,1,20260924,1,20260925,1,20260926,1,20260927,1,20260928,1,20260929,1,20260930,1,20261001,1,20261002,1,20261003,1,20261004,1,20261005,1,20261006,1,20261007,1,20261008,1,20261009,1,20261010,1,20261011,1,20261012,1
'1034028',20260915,1,20260916,1,20260917,1,20260918,1,20260919,1,20260920,1,20260921,1,20260922,1,20260923,1,20260924,1,20260925,1,20260926,1,20260927,1,20260928,1,20260929,1,20260930,1,20261001,1,20261002,1,20261003,1,20261004,1
'1034029',20260915,1,20260916,1,20260917,1,20260918,1,20260919,1,20260920,1,20260921,1,20260922,1,20260923,1,20260924,1,20260925,1,20260926,1,20260927,1
'1034030',20260915,1,20260916,1,20260917,1,20260918,1,20260919,1,20260920,1,20260921,1,20260922,1,20260923,1,20260924,1,20260925,1,20260926,1,20260927,1,20260928,1,20260929,1,20260930,1,20261001,1,20261002,1,20261003,1,20261004,1,20261005,1,20261006,1,20261007,1,20261008,1,20261009,1,20261010,1,20261011,1,20261012,1
'1034031',20260915,1,20260916,1,20260917,1,20260918,1,20260919,1,20260920,1,20260921,1,20260922,1,20260923,1,20260924,1,20260925,1,20260926,1,20260927,1,20260928,1,20260929,1,20260930,1,20261001,1,20261002,1,20261003,1,20261004,1
'1034033',20260915,1,20260916,1,20260917,1,20260918,1,20260919,1,20260920,1,20260921,1,20260922,1,20260923,1,20260924,1,20260925,1,20260926,1,20260927,1,20260928,1,20260929,1,20260930,1,20261001,1,20261002,1,20261003,1,20261004,1,20261005,1,20261006,1,20261007,1,20261008,1,20261009,1,20261010,1,20261011,1,20261012,1
'1034034',20260915,1,20260916,1,20260917,1,20260918,1,20260919,1,20260920,1,20260921,1,20260922,1,20260923,1,20260924,1,20260925,1,20260926,1,20260927,1,20260928,1,20260929,1,20260930,1,20261001,1,20261002,1,20261003,1,20261004,1
'1034035',20260915,1,20260916,1,20260917,1,20260918,1,20260919,1,20260920,1,20260921,1,20260922,1,20260923,1,20260924,1,20260925,1,20260926,1,20260927,1,20260928,1,20260929,1,20260930,1,20261001,1,20261002,1,20261003,1,20261004,1,20261005,1,20261006,1,20261007,1,20261008,1,20261009,1,20261010,1,20261011,1,20261012,1
'1034036',20260915,1,20260916,1,20260917,1,20260918,1,20260919,1,20260920,1,20260921,1,20260922,1,20260923,1,20260924,1,20260925,1,20260926,1,20260927,1,20260928,1,20260929,1,20260930,1,20261001,1,20261002,1,20261003,1,20261004,1,20261005,1,20261006,1,20261007,1,20261008,1,20261009,1,20261010,1,20261011,1,20261012,1
'1034037',20260915,1,20260916,1,20260917,1,20260918,1,20260919,1,20260920,1,20260921,1,20260922,1,20260923,1,20260924,1,20260925,1,20260926,1,20260927,1,20260928,1,20260929,1,20260930,1,20261001,1,20261002,1,20261003,1,20261004,1,20261005,1,20261006,1,20261007,1,20261008,1,20261009,1,20261010,1,20261011,1,20261012,1
'1034038',20260915,1,20260916,1,20260917,1,20260918,1,20260919,1,20260920,1,20260921,1,20260922,1,20260923,1,20260924,1,20260925,1,20260926,1,20260927,1,20260928,1,20260929,1,20260930,1,20261001,1,20261002,1,20261003,1,20261004,1,20261005,1,20261006,1,20261007,1,20261008,1,20261009,1,20261010,1,20261011,1,20261012,1
'1034039',20260915,1,20260916,1,20260917,1,20260918,1,20260919,1,20260920,1,20260921,1,20260922,1,20260923,1,20260924,1,20260925,1,20260926,1,20260927,1,20260928,1,20260929,1,20260930,1,20261001,1,20261002,1,20261003,1,20261004,1,20261005,1,20261006,1,20261007,1,20261008,1,20261009,1,20261010,1,20261011,1,20261012,1
'1034040',20260915,1,20260916,1,20260917,1,20260918,1,20260919,1,20260920,1,20260921,1,20260922,1,20260923,1,20260924,1,20260925,1,20260926,1,20260927,1,20260928,1,20260929,1,20260930,1,20261001,1,20261002,1,20261003,1,20261004,1,20261005,1,20261006,1,20261007,1,20261008,1,20261009,1,20261010,1,20261011,1,20261012,1
'1034041',20260915,1,20260916,1,20260917,1,20260918,1,20260919,1,20260920,1,20260921,1,20260922,1,20260923,1,20260924,1,20260925,1,20260926,1,20260927,1,20260928,1,20260929,1,20260930,1,20261001,1,20261002,1,20261003,1,20261004,1,20261005,1,20261006,1,20261007,1,20261008,1,20261009,1,20261010,1,20261011,1,20261012,1
'1034043',20260915,1,20260916,1,20260917,1,20260918,1,20260919,1,20260920,1,20260921,1,20260922,1,20260923,1,20260924,1,20260925,1,20260926,1,20260927,1,20260928,1,20260929,1,20260930,1,20261001,1,20261002,1,20261003,1,20261004,1,20261005,1,20261006,1,20261007,1,20261008,1,20261009,1,20261010,1,20261011,1,20261012,1
'1034044',20260915,1,20260916,1,20260917,1,20260918,1,20260919,1,20260920,1,20260921,1,20260922,1,20260923,1,20260924,1,20260925,1,20260926,1,20260927,1,20260928,1,20260929,1,20260930,1,20261001,1,20261002,1,20261003,1,20261004,1
'1034045',20260915,1,20260916,1,20260917,1,20260918,1,20260919,1,20260920,1,20260921,1,20260922,1,20260923,1,20260924,1,20260925,1,20260926,1,20260927,1,20260928,1,20260929,1,20260930,1,20261001,1,20261002,1,20261003,1,20261004,1,20261005,1,20261006,1,20261007,1,20261008,1,20261009,1,20261010,1,20261011,1,20261012,1
'1034046',20260915,1,20260916,1,20260917,1,20260918,1,20260919,1,20260920,1,20260921,1,20260922,1,20260923,1,20260924,1,20260925,1,20260926,1,20260927,1,20260928,1,20260929,1,20260930,1,20261001,1,20261002,1,20261003,1,20261004,1
'1034047',20260915,1,20260916,1,20260917,1,20260918,1,20260919,1,20260920,1,20260921,1,20260922,1,20260923,1,20260924,1,20260925,1,20260926,1,20260927,1,20260928,1,20260929,1,20260930,1,20261001,1,20261002,1,20261003,1,20261004,1
'1034048',20260915,1,20260916,1,20260917,1,20260918,1,20260919,1,20260920,1,20260921,1,20260922,1,20260923,1,20260924,1,20260925,1,20260926,1,20260927,1,20260928,1,20260929,1,20260930,1,20261001,1,20261002,1,20261003,1,20261004,1
'1034049',20260915,1,20260916,1,20260917,1,20260918,1,20260919,1,20260920,1,20260921,1,20260922,1,20260923,1,20260924,1,20260925,1,20260926,1,20260927,1,20260928,1,20260929,1,20260930,1,20261001,1,20261002,1,20261003,1,20261004,1
'1034051',20260915,1,20260916,1,20260917,1,20260918,1,20260919,1,20260920,1,20260921,1,20260922,1,20260923,1,20260924,1,20260925,1,20260926,1,20260927,1,20260928,1,20260929,1,20260930,1,20261001,1,20261002,1,20261003,1,20261004,1,20261005,1,20261006,1,20261007,1,20261008,1,20261009,1,20261010,1,20261011,1,20261012,1
'1034052',20260915,1,20260916,1,20260917,1,20260918,1,20260919,1,20260920,1,20260921,1,20260922,1,20260923,1,20260924,1,20260925,1,20260926,1,20260927,1,20260928,1,20260929,1,20260930,1,20261001,1,20261002,1,20261003,1,20261004,1,20261005,1,20261006,1,20261007,1,20261008,1,20261009,1,20261010,1,20261011,1,20261012,1
'1034053',20260915,1,20260916,1,20260917,1,20260918,1,20260919,1,20260920,1,20260921,1,20260922,1,20260923,1,20260924,1,20260925,1,20260926,1,20260927,1,20260928,1,20260929,1,20260930,1,20261001,1,20261002,1,20261003,1,20261004,1,20261005,1,20261006,1,20261007,1,20261008,1,20261009,1,20261010,1,20261011,1,20261012,1
'1034054',20260915,1,20260916,1,20260917,1,20260918,1,20260919,1,20260920,1,20260921,1,20260922,1,20260923,1,20260924,1,20260925,1,20260926,1,20260927,1,20260928,1,20260929,1,20260930,1,20261001,1,20261002,1,20261003,1,20261004,1,20261005,1,20261006,1,20261007,1,20261008,1,20261009,1,20261010,1,20261011,1,20261012,1
'1034055',20260915,1,20260916,1,20260917,1,20260918,1,20260919,1,20260920,1,20260921,1,20260922,1,20260923,1,20260924,1,20260925,1,20260926,1,20260927,1,20260928,1,20260929,1,20260930,1,20261001,1,20261002,1,20261003,1,20261004,1,20261005,1,20261006,1,20261007,1,20261008,1,20261009,1,20261010,1,20261011,1,20261012,1
'1034057',20260915,1,20260916,1,20260917,1,20260918,1,20260919,1,20260920,1,20260921,1,20260922,1,20260923,1,20260924,1,20260925,1,20260926,1,20260927,1,20260928,1,20260929,1,20260930,1,20261001,1,20261002,1,20261003,1,20261004,1,20261005,1,20261006,1,20261007,1,20261008,1,20261009,1,20261010,1,20261011,1,20261012,1
'1034060',20260915,1,20260916,1,20260917,1,20260918,1,20260919,1,20260920,1,20260921,1,20260922,1,20260923,1,20260924,1,20260925,1,20260926,1,20260927,1,20260928,1,20260929,1,20260930,1,20261001,1,20261002,1,20261003,1,20261004,1,20261005,1,20261006,1,20261007,1,20261008,1,20261009,1,20261010,1,20261011,1,20261012,1
'1034061',20260915,1,20260916,1,20260917,1,20260918,1,20260919,1,20260920,1,20260921,1,20260922,1,20260923,1,20260924,1,20260925,1,20260926,1,20260927,1,20260928,1,20260929,1,20260930,1,20261001,1,20261002,1,20261003,1,20261004,1,20261005,1,20261006,1,20261007,1,20261008,1,20261009,1,20261010,1,20261011,1,20261012,1
'1034063',20260915,1,20260916,1,20260917,1,20260918,1,20260919,1,20260920,1,20260921,1,20260922,1,20260923,1,20260924,1,20260925,1,20260926,1,20260927,1,20260928,1,20260929,1,20260930,1,20261001,1,20261002,1,20261003,1,20261004,1,20261005,1,20261006,1,20261007,1,20261008,1,20261009,1,20261010,1,20261011,1,20261012,1
'1034064',20260915,1,20260916,1,20260917,1,20260918,1,20260919,1,20260920,1,20260921,1,20260922,1,20260923,1,20260924,1,20260925,1,20260926,1,20260927,1,20260928,1,20260929,1,20260930,1,20261001,1,20261002,1,20261003,1,20261004,1
'1034065',20260915,1,20260916,1,20260917,1,20260918,1,20260919,1,20260920,1,20260921,1,20260922,1,20260923,1,20260924,1,20260925,1,20260926,1,20260927,1,20260928,1,20260929,1,20260930,1,20261001,1,20261002,1,20261003,1,20261004,1,20261005,1,20261006,1,20261007,1,20261008,1,20261009,1,20261010,1,20261011,1,20261012,1
'1034066',20260915,1,20260916,1,20260917,1,20260918,1,20260919,1,20260920,1,20260921,1,20260922,1,20260923,1,20260924,1,20260925,1,20260926,1,20260927,1,20260928,1,20260929,1,20260930,1,20261001,1,20261002,1,20261003,1,20261004,1,20261005,1,20261006,1,20261007,1,20261008,1,20261009,1,20261010,1,20261011,1,20261012,1
'1034067',20260915,1,20260916,1,20260917,1,20260918,1,20260919,1,20260920,1,20260921,1,20260922,1,20260923,1,20260924,1,20260925,1,20260926,1,20260927,1,20260928,1,20260929,1,20260930,1,20261001,1,20261002,1,20261003,1,20261004,1,20261005,1,20261006,1,20261007,1,20261008,1,20261009,1,20261010,1,20261011,1,20261012,1
'1034068',20260915,1,20260916,1,20260917,1,20260918,1,20260919,1,20260920,1,20260921,1,20260922,1,20260923,1,20260924,1,20260925,1,20260926,1,20260927,1,20260928,1,20260929,1,20260930,1,20261001,1,20261002,1,20261003,1,20261004,1
'1034069',20260915,1,20260916,1,20260917,1,20260918,1,20260919,1,20260920,1,20260921,1,20260922,1,20260923,1,20260924,1,20260925,1,20260926,1,20260927,1,20260928,1,20260929,1,20260930,1,20261001,1,20261002,1,20261003,1,20261004,1,20261005,1,20261006,1,20261007,1,20261008,1,20261009,1,20261010,1,20261011,1,20261012,1
'1034071',20260915,1,20260916,1,20260917,1,20260918,1,20260919,1,20260920,1,20260921,1,20260922,1,20260923,1,20260924,1,20260925,1,20260926,1,20260927,1,20260928,1,20260929,1,20260930,1,20261001,1,20261002,1,20261003,1,20261004,1
'1034072',20260915,1,20260916,1,20260917,1,20260918,1,20260919,1,20260920,1,20260921,1,20260922,1,20260923,1,20260924,1,20260925,1,20260926,1,20260927,1,20260928,1,20260929,1,20260930,1,20261001,1,20261002,1,20261003,1,20261004,1,20261005,1,20261006,1,20261007,1,20261008,1,20261009,1,20261010,1,20261011,1,20261012,1
'1034073',20260915,1,20260916,1,20260917,1,20260918,1,20260919,1,20260920,1,20260921,1,20260922,1,20260923,1,20260924,1,20260925,1,20260926,1,20260927,1
'1034075',20260915,1,20260916,1,20260917,1,20260918,1,20260919,1,20260920,1,20260921,1,20260922,1,20260923,1,20260924,1,20260925,1,20260926,1,20260927,1,20260928,1,20260929,1,20260930,1,20261001,1,20261002,1,20261003,1,20261004,1,20261005,1,20261006,1,20261007,1,20261008,1,20261009,1,20261010,1,20261011,1,20261012,1
'1034076',20260915,1,20260916,1,20260917,1,20260918,1,20260919,1,20260920,1,20260921,1,20260922,1,20260923,1,20260924,1,20260925,1,20260926,1,20260927,1,20260928,1,20260929,1,20260930,1,20261001,1,20261002,1,20261003,1,20261004,1,20261005,1,20261006,1,20261007,1,20261008,1,20261009,1,20261010,1,20261011,1,20261012,1
'1034077',20260915,1,20260916,1,20260917,1,20260918,1,20260919,1,20260920,1,20260921,1,20260922,1,20260923,1,20260924,1,20260925,1,20260926,1,20260927,1,20260928,1,20260929,1,20260930,1,20261001,1,20261002,1,20261003,1,20261004,1,20261005,1,20261006,1,20261007,1,20261008,1,20261009,1,20261010,1,20261011,1,20261012,1
'1034078',20260915,1,20260916,1,20260917,1,20260918,1,20260919,1,20260920,1,20260921,1,20260922,1,20260923,1,20260924,1,20260925,1,20260926,1,20260927,1,20260928,1,20260929,1,20260930,1,20261001,1,20261002,1,20261003,1,20261004,1,20261005,1,20261006,1,20261007,1,20261008,1,20261009,1,20261010,1,20261011,1,20261012,1
'1034079',20260915,1,20260916,1,20260917,1,20260918,1,20260919,1,20260920,1,20260921,1,20260922,1,20260923,1,20260924,1,20260925,1,20260926,1,20260927,1,20260928,1,20260929,1,20260930,1,20261001,1,20261002,1,20261003,1,20261004,1,20261005,1,20261006,1,20261007,1,20261008,1,20261009,1,20261010,1,20261011,1,20261012,1
'1034081',20260915,1,20260916,1,20260917,1,20260918,1,20260919,1,20260920,1,20260921,1,20260922,1,20260923,1,20260924,1,20260925,1,20260926,1,20260927,1,20260928,1,20260929,1,20260930,1,20261001,1,20261002,1,20261003,1,20261004,1
'1034082',20260915,1,20260916,1,20260917,1,20260918,1,20260919,1,20260920,1,20260921,1,20260922,1,20260923,1,20260924,1,20260925,1,20260926,1,20260927,1,20260928,1,20260929,1,20260930,1,20261001,1,20261002,1,20261003,1,20261004,1
'1034083',20260915,1,20260916,1,20260917,1,20260918,1,20260919,1,20260920,1,20260921,1,20260922,1,20260923,1,20260924,1,20260925,1,20260926,1,20260927,1,20260928,1,20260929,1,20260930,1,20261001,1,20261002,1,20261003,1,20261004,1,20261005,1,20261006,1,20261007,1,20261008,1,20261009,1,20261010,1,20261011,1,20261012,1
'1034084',20260915,1,20260916,1,20260917,1,20260918,1,20260919,1,20260920,1,20260921,1,20260922,1,20260923,1,20260924,1,20260925,1,20260926,1,20260927,1,20260928,1,20260929,1,20260930,1,20261001,1,20261002,1,20261003,1,20261004,1
'1034085',20260915,1,20260916,1,20260917,1,20260918,1,20260919,1,20260920,1,20260921,1,20260922,1,20260923,1,20260924,1,20260925,1,20260926,1,20260927,1,20260928,1,20260929,1,20260930,1,20261001,1,20261002,1,20261003,1,20261004,1
'1034086',20260915,1,20260916,1,20260917,1,20260918,1,20260919,1,20260920,1,20260921,1,20260922,1,20260923,1,20260924,1,20260925,1,20260926,1,20260927,1,20260928,1,20260929,1,20260930,1,20261001,1,20261002,1,20261003,1,20261004,1,20261005,1,20261006,1,20261007,1,20261008,1,20261009,1,20261010,1,20261011,1,20261012,1
'1034087',20260915,1,20260916,1,20260917,1,20260918,1,20260919,1,20260920,1,20260921,1,20260922,1,20260923,1,20260924,1,20260925,1,20260926,1,20260927,1,20260928,1,20260929,1,20260930,1,20261001,1,20261002,1,20261003,1,20261004,1
'1034088',20260915,1,20260916,1,20260917,1,20260918,1,20260919,1,20260920,1,20260921,1,20260922,1,20260923,1,20260924,1,20260925,1,20260926,1,20260927,1,20260928,1,20260929,1,20260930,1,20261001,1,20261002,1,20261003,1,20261004,1,20261005,1,20261006,1,20261007,1,20261008,1,20261009,1,20261010,1,20261011,1,20261012,1
'1034091',20260915,1,20260916,1,20260917,1,20260918,1,20260919,1,20260920,1,20260921,1,20260922,1,20260923,1,20260924,1,20260925,1,20260926,1,20260927,1,20260928,1,20260929,1,20260930,1,20261001,1,20261002,1,20261003,1,20261004,1,20261005,1,20261006,1,20261007,1,20261008,1,20261009,1,20261010,1,20261011,1,20261012,1
'1034092',20260915,1,20260916,1,20260917,1,20260918,1,20260919,1,20260920,1,20260921,1,20260922,1,20260923,1,20260924,1,20260925,1,20260926,1,20260927,1,20260928,1,20260929,1,20260930,1,20261001,1,20261002,1,20261003,1,20261004,1,20261005,1,20261006,1,20261007,1,20261008,1,20261009,1,20261010,1,20261011,1,20261012,1
'1034093',20260915,1,20260916,1,20260917,1,20260918,1,20260919,1,20260920,1,20260921,1,20260922,1,20260923,1,20260924,1,20260925,1,20260926,1,20260927,1,20260928,1,20260929,1,20260930,1,20261001,1,20261002,1,20261003,1,20261004,1,20261005,1,20261006,1,20261007,1,20261008,1,20261009,1,20261010,1,20261011,1,20261012,1
'1034095',20260915,1,20260916,1,20260917,1,20260918,1,20260919,1,20260920,1,20260921,1,20260922,1,20260923,1,20260924,1,20260925,1,20260926,1,20260927,1,20260928,1,20260929,1,20260930,1,20261001,1,20261002,1,20261003,1,20261004,1,20261005,1,20261006,1,20261007,1,20261008,1,20261009,1,20261010,1,20261011,1,20261012,1
'1034096',20260915,1,20260916,1,20260917,1,20260918,1,20260919,1,20260920,1,20260921,1,20260922,1,20260923,1,20260924,1,20260925,1,20260926,1,20260927,1,20260928,1,20260929,1,20260930,1,20261001,1,20261002,1,20261003,1,20261004,1,20261005,1,20261006,1,20261007,1,20261008,1,20261009,1,20261010,1,20261011,1,20261012,1
'1034097',20260915,1,20260916,1,20260917,1,20260918,1,20260919,1,20260920,1,20260921,1,20260922,1,20260923,1,20260924,1,20260925,1,20260926,1,20260927,1,20260928,1,20260929,1,20260930,1,20261001,1,20261002,1,20261003,1,20261004,1
'1034098',20260915,1,20260916,1,20260917,1,20260918,1,20260919,1,20260920,1,20260921,1,20260922,1,20260923,1,20260924,1,20260925,1,20260926,1,20260927,1,20260928,1,20260929,1,20260930,1,20261001,1,20261002,1,20261003,1,20261004,1,20261005,1,20261006,1,20261007,1,20261008,1,20261009,1,20261010,1,20261011,1,20261012,1
'1034099',20260915,1,20260916,1,20260917,1,20260918,1,20260919,1,20260920,1,20260921,1,20260922,1,20260923,1,20260924,1,20260925,1,20260926,1,20260927,1,20260928,1,20260929,1,20260930,1,20261001,1,20261002,1,20261003,1,20261004,1
'1034100',20260915,1,20260916,1,20260917,1,20260918,1,20260919,1,20260920,1,20260921,1,20260922,1,20260923,1,20260924,1,20260925,1,20260926,1,20260927,1,20260928,1,20260929,1,20260930,1,20261001,1,20261002,1,20261003,1,20261004,1
'1034101',20260915,1,20260916,1,20260917,1,20260918,1,20260919,1,20260920,1,20260921,1,20260922,1,20260923,1,20260924,1,20260925,1,20260926,1,20260927,1,20260928,1,20260929,1,20260930,1,20261001,1,20261002,1,20261003,1,20261004,1,20261005,1,20261006,1,20261007,1,20261008,1,20261009,1,20261010,1,20261011,1,20261012,1
'1034105',20260915,1,20260916,1,20260917,1,20260918,1,20260919,1,20260920,1,20260921,1,20260922,1,20260923,1,20260924,1,20260925,1,20260926,1,20260927,1,20260928,1,20260929,1,20260930,1,20261001,1,20261002,1,20261003,1,20261004,1,20261005,1,20261006,1,20261007,1,20261008,1,20261009,1,20261010,1,20261011,1,20261012,1
'1034108',20260915,1,20260916,1,20260917,1,20260918,1,20260919,1,20260920,1,20260921,1,20260922,1,20260923,1,20260924,1,20260925,1,20260926,1,20260927,1,20260928,1,20260929,1,20260930,1,20261001,1,20261002,1,20261003,1,20261004,1,20261005,1,20261006,1,20261007,1,20261008,1,20261009,1,20261010,1,20261011,1,20261012,1
'1034109',20260915,1,20260916,1,20260917,1,20260918,1,20260919,1,20260920,1,20260921,1,20260922,1,20260923,1,20260924,1,20260925,1,20260926,1,20260927,1
'1034110',20260915,1,20260916,1,20260917,1,20260918,1,20260919,1,20260920,1,20260921,1,20260922,1,20260923,1,20260924,1,20260925,1,20260926,1,20260927,1,20260928,1,20260929,1,20260930,1,20261001,1,20261002,1,20261003,1,20261004,1,20261005,1,20261006,1,20261007,1,20261008,1,20261009,1,20261010,1,20261011,1,20261012,1
'1034111',20260915,1,20260916,1,20260917,1,20260918,1,20260919,1,20260920,1,20260921,1,20260922,1,20260923,1,20260924,1,20260925,1,20260926,1,20260927,1,20260928,1,20260929,1,20260930,1,20261001,1,20261002,1,20261003,1,20261004,1,20261005,1,20261006,1,20261007,1,20261008,1,20261009,1,20261010,1,20261011,1,20261012,1
'1034112',20260915,1,20260916,1,20260917,1,20260918,1,20260919,1,20260920,1,20260921,1,20260922,1,20260923,1,20260924,1,20260925,1,20260926,1,20260927,1,20260928,1,20260929,1,20260930,1,20261001,1,20261002,1,20261003,1,20261004,1,20261005,1,20261006,1,20261007,1,20261008,1,20261009,1,20261010,1,20261011,1,20261012,1
'1034113',20260915,1,20260916,1,20260917,1,20260918,1,20260919,1,20260920,1,20260921,1,20260922,1,20260923,1,20260924,1,20260925,1,20260926,1,20260927,1,20260928,1,20260929,1,20260930,1,20261001,1,20261002,1,20261003,1,20261004,1
'1034114',20260915,1,20260916,1,20260917,1,20260918,1,20260919,1,20260920,1,20260921,1,20260922,1,20260923,1,20260924,1,20260925,1,20260926,1,20260927,1,20260928,1,20260929,1,20260930,1,20261001,1,20261002,1,20261003,1,20261004,1
'1034115',20260915,1,20260916,1,20260917,1,20260918,1,20260919,1,20260920,1,20260921,1,20260922,1,20260923,1,20260924,1,20260925,1,20260926,1,20260927,1,20260928,1,20260929,1,20260930,1,20261001,1,20261002,1,20261003,1,20261004,1
'1034117',20260915,1,20260916,1,20260917,1,20260918,1,20260919,1,20260920,1,20260921,1,20260922,1,20260923,1,20260924,1,20260925,1,20260926,1,20260927,1,20260928,1,20260929,1,20260930,1,20261001,1,20261002,1,20261003,1,20261004,1,20261005,1,20261006,1,20261007,1,20261008,1,20261009,1,20261010,1,20261011,1,20261012,1
'1034119',20260915,1,20260916,1,20260917,1,20260918,1,20260919,1,20260920,1,20260921,1,20260922,1,20260923,1,20260924,1,20260925,1,20260926,1,20260927,1,20260928,1,20260929,1,20260930,1,20261001,1,20261002,1,20261003,1,20261004,1,20261005,1,20261006,1,20261007,1,20261008,1,20261009,1,20261010,1,20261011,1,20261012,1
'1034122',20260915,1,20260916,1,20260917,1,20260918,1,20260919,1,20260920,1,20260921,1,20260922,1,20260923,1,20260924,1,20260925,1,20260926,1,20260927,1,20260928,1,20260929,1,20260930,1,20261001,1,20261002,1,20261003,1,20261004,1,20261005,1,20261006,1,20261007,1,20261008,1,20261009,1,20261010,1,20261011,1,20261012,1
'1034123',20260915,1,20260916,1,20260917,1,20260918,1,20260919,1,20260920,1,20260921,1,20260922,1,20260923,1,20260924,1,20260925,1,20260926,1,20260927,1,20260928,1,20260929,1,20260930,1,20261001,1,20261002,1,20261003,1,20261004,1,20261005,1,20261006,1,20261007,1,20261008,1,20261009,1,20261010,1,20261011,1,20261012,1
'1034124',20260915,1,20260916,1,20260917,1,20260918,1,20260919,1,20260920,1,20260921,1,20260922,1,20260923,1,20260924,1,20260925,1,20260926,1,20260927,1,20260928,1,20260929,1,20260930,1,20261001,1,20261002,1,20261003,1,20261004,1,20261005,1,20261006,1,20261007,1,20261008,1,20261009,1,20261010,1,20261011,1,20261012,1
'1034125',20260915,1,20260916,1,20260917,1,20260918,1,20260919,1,20260920,1,20260921,1,20260922,1,20260923,1,20260924,1,20260925,1,20260926,1,20260927,1,20260928,1,20260929,1,20260930,1,20261001,1,20261002,1,20261003,1,20261004,1
'1034126',20260915,1,20260916,1,20260917,1,20260918,1,20260919,1,20260920,1,20260921,1,20260922,1,20260923,1,20260924,1,20260925,1,20260926,1,20260927,1
'1034127',20260915,1,20260916,1,20260917,1,20260918,1,20260919,1,20260920,1,20260921,1,20260922,1,20260923,1,20260924,1,20260925,1,20260926,1,20260927,1,20260928,1,20260929,1,20260930,1,20261001,1,20261002,1,20261003,1,20261004,1,20261005,1,20261006,1,20261007,1,20261008,1,20261009,1,20261010,1,20261011,1,20261012,1
'1034128',20260915,1,20260916,1,20260917,1,20260918,1,20260919,1,20260920,1,20260921,1,20260922,1,20260923,1,20260924,1,20260925,1,20260926,1,20260927,1,20260928,1,20260929,1,20260930,1,20261001,1,20261002,1,20261003,1,20261004,1,20261005,1,20261006,1,20261007,1,20261008,1,20261009,1,20261010,1,20261011,1,20261012,1
'1034130',20260915,1,20260916,1,20260917,1,20260918,1,20260919,1,20260920,1,20260921,1,20260922,1,20260923,1,20260924,1,20260925,1,20260926,1,20260927,1,20260928,1,20260929,1,20260930,1,20261001,1,20261002,1,20261003,1,20261004,1,20261005,1,20261006,1,20261007,1,20261008,1,20261009,1,20261010,1,20261011,1,20261012,1
'1034131',20260915,1,20260916,1,20260917,1,20260918,1,20260919,1,20260920,1,20260921,1,20260922,1,20260923,1,20260924,1,20260925,1,20260926,1,20260927,1,20260928,1,20260929,1,20260930,1,20261001,1,20261002,1,20261003,1,20261004,1
'1034132',20260915,1,20260916,1,20260917,1,20260918,1,20260919,1,20260920,1,20260921,1,20260922,1,20260923,1,20260924,1,20260925,1,20260926,1,20260927,1,20260928,1,20260929,1,20260930,1,20261001,1,20261002,1,20261003,1,20261004,1,20261005,1,20261006,1,20261007,1,20261008,1,20261009,1,20261010,1,20261011,1,20261012,1
'1034134',20260915,1,20260916,1,20260917,1,20260918,1,20260919,1,20260920,1,20260921,1,20260922,1,20260923,1,20260924,1,20260925,1,20260926,1,20260927,1,20260928,1,20260929,1,20260930,1,20261001,1,20261002,1,20261003,1,20261004,1,20261005,1,20261006,1,20261007,1,20261008,1,20261009,1,20261010,1,20261011,1,20261012,1
'1034136',20260915,1,20260916,1,20260917,1,20260918,1,20260919,1,20260920,1,20260921,1,20260922,1,20260923,1,20260924,1,20260925,1,20260926,1,20260927,1,20260928,1,20260929,1,20260930,1,20261001,1,20261002,1,20261003,1,20261004,1
'1034137',20260915,1,20260916,1,20260917,1,20260918,1,20260919,1,20260920,1,20260921,1,20260922,1,20260923,1,20260924,1,20260925,1,20260926,1,20260927,1,20260928,1,20260929,1,20260930,1,20261001,1,20261002,1,20261003,1,20261004,1,20261005,1,20261006,1,20261007,1,20261008,1,20261009,1,20261010,1,20261011,1,20261012,1
'1034138',20260915,1,20260916,1,20260917,1,20260918,1,20260919,1,20260920,1,20260921,1,20260922,1,20260923,1,20260924,1,20260925,1,20260926,1,20260927,1,20260928,1,20260929,1,20260930,1,20261001,1,20261002,1,20261003,1,20261004,1,20261005,1,20261006,1,20261007,1,20261008,1,20261009,1,20261010,1,20261011,1,20261012,1
'1034139',20260915,1,20260916,1,20260917,1,20260918,1,20260919,1,20260920,1,20260921,1,20260922,1,20260923,1,20260924,1,20260925,1,20260926,1,20260927,1,20260928,1,20260929,1,20260930,1,20261001,1,20261002,1,20261003,1,20261004,1,20261005,1,20261006,1,20261007,1,20261008,1,20261009,1,20261010,1,20261011,1,20261012,1
'1034141',20260915,1,20260916,1,20260917,1,20260918,1,20260919,1,20260920,1,20260921,1,20260922,1,20260923,1,20260924,1,20260925,1,20260926,1,20260927,1,20260928,1,20260929,1,20260930,1,20261001,1,20261002,1,20261003,1,20261004,1,20261005,1,20261006,1,20261007,1,20261008,1,20261009,1,20261010,1,20261011,1,20261012,1
'1034143',20260915,1,20260916,1,20260917,1,20260918,1,20260919,1,20260920,1,20260921,1,20260922,1,20260923,1,20260924,1,20260925,1,20260926,1,20260927,1,20260928,1,20260929,1,20260930,1,20261001,1,20261002,1,20261003,1,20261004,1,20261005,1,20261006,1,20261007,1,20261008,1,20261009,1,20261010,1,20261011,1,20261012,1
'1034144',20260915,1,20260916,1,20260917,1,20260918,1,20260919,1,20260920,1,20260921,1,20260922,1,20260923,1,20260924,1,20260925,1,20260926,1,20260927,1,20260928,1,20260929,1,20260930,1,20261001,1,20261002,1,20261003,1,20261004,1,20261005,1,20261006,1,20261007,1,20261008,1,20261009,1,20261010,1,20261011,1,20261012,1
'1034145',20260915,1,20260916,1,20260917,1,20260918,1,20260919,1,20260920,1,20260921,1,20260922,1,20260923,1,20260924,1,20260925,1,20260926,1,20260927,1,20260928,1,20260929,1,20260930,1,20261001,1,20261002,1,20261003,1,20261004,1
'1034147',20260915,1,20260916,1,20260917,1,20260918,1,20260919,1,20260920,1,20260921,1,20260922,1,20260923,1,20260924,1,20260925,1,20260926,1,20260927,1,20260928,1,20260929,1,20260930,1,20261001,1,20261002,1,20261003,1,20261004,1
'1034148',20260915,1,20260916,1,20260917,1,20260918,1,20260919,1,20260920,1,20260921,1,20260922,1,20260923,1,20260924,1,20260925,1,20260926,1,20260927,1,20260928,1,20260929,1,20260930,1,20261001,1,20261002,1,20261003,1,20261004,1,20261005,1,20261006,1,20261007,1,20261008,1,20261009,1,20261010,1,20261011,1,20261012,1
'1034149',20260915,1,20260916,1,20260917,1,20260918,1,20260919,1,20260920,1,20260921,1,20260922,1,20260923,1,20260924,1,20260925,1,20260926,1,20260927,1,20260928,1,20260929,1,20260930,1,20261001,1,20261002,1,20261003,1,20261004,1
'1034150',20260915,1,20260916,1,20260917,1,20260918,1,20260919,1,20260920,1,20260921,1,20260922,1,20260923,1,20260924,1,20260925,1,20260926,1,20260927,1,20260928,1,20260929,1,20260930,1,20261001,1,20261002,1,20261003,1,20261004,1,20261005,1,20261006,1,20261007,1,20261008,1,20261009,1,20261010,1,20261011,1,20261012,1
'1034151',20260915,1,20260916,1,20260917,1,20260918,1,20260919,1,20260920,1,20260921,1,20260922,1,20260923,1,20260924,1,20260925,1,20260926,1,20260927,1,20260928,1,20260929,1,20260930,1,20261001,1,20261002,1,20261003,1,20261004,1,20261005,1,20261006,1,20261007,1,20261008,1,20261009,1,20261010,1,20261011,1,20261012,1
'1034152',20260915,1,20260916,1,20260917,1,20260918,1,20260919,1,20260920,1,20260921,1,20260922,1,20260923,1,20260924,1,20260925,1,20260926,1,20260927,1
'1034153',20260915,1,20260916,1,20260917,1,20260918,1,20260919,1,20260920,1,20260921,1,20260922,1,20260923,1,20260924,1,20260925,1,20260926,1,20260927,1,20260928,1,20260929,1,20260930,1,20261001,1,20261002,1,20261003,1,20261004,1
'1034154',20260915,1,20260916,1,20260917,1,20260918,1,20260919,1,20260920,1,20260921,1,20260922,1,20260923,1,20260924,1,20260925,1,20260926,1,20260927,1,20260928,1,20260929,1,20260930,1,20261001,1,20261002,1,20261003,1,20261004,1
'1034155',20260915,1,20260916,1,20260917,1,20260918,1,20260919,1,20260920,1,20260921,1,20260922,1,20260923,1,20260924,1,20260925,1,20260926,1,20260927,1,20260928,1,20260929,1,20260930,1,20261001,1,20261002,1,20261003,1,20261004,1
'1034156',20260915,1,20260916,1,20260917,1,20260918,1,20260919,1,20260920,1,20260921,1,20260922,1,20260923,1,20260924,1,20260925,1,20260926,1,20260927,1,20260928,1,20260929,1,20260930,1,20261001,1,20261002,1,20261003,1,20261004,1,20261005,1,20261006,1,20261007,1,20261008,1,20261009,1,20261010,1,20261011,1,20261012,1
'1034157',20260915,1,20260916,1,20260917,1,20260918,1,20260919,1,20260920,1,20260921,1,20260922,1,20260923,1,20260924,1,20260925,1,20260926,1,20260927,1,20260928,1,20260929,1,20260930,1,20261001,1,20261002,1,20261003,1,20261004,1
'1034162',20260915,1,20260916,1,20260917,1,20260918,1,20260919,1,20260920,1,20260921,1,20260922,1,20260923,1,20260924,1,20260925,1,20260926,1,20260927,1,20260928,1,20260929,1,20260930,1,20261001,1,20261002,1,20261003,1,20261004,1
'1034163',20260915,1,20260916,1,20260917,1,20260918,1,20260919,1,20260920,1,20260921,1,20260922,1,20260923,1,20260924,1,20260925,1,20260926,1,20260927,1,20260928,1,20260929,1,20260930,1,20261001,1,20261002,1,20261003,1,20261004,1
'1034164',20260915,1,20260916,1,20260917,1,20260918,1,20260919,1,20260920,1,20260921,1,20260922,1,20260923,1,20260924,1,20260925,1,20260926,1,20260927,1,20260928,1,20260929,1,20260930,1,20261001,1,20261002,1,20261003,1,20261004,1
'1034165',20260915,1,20260916,1,20260917,1,20260918,1,20260919,1,20260920,1,20260921,1,20260922,1,20260923,1,20260924,1,20260925,1,20260926,1,20260927,1,20260928,1,20260929,1,20260930,1,20261001,1,20261002,1,20261003,1,20261004,1,20261005,1,20261006,1,20261007,1,20261008,1,20261009,1,20261010,1,20261011,1,20261012,1
'1034166',20260915,1,20260916,1,20260917,1,20260918,1,20260919,1,20260920,1,20260921,1,20260922,1,20260923,1,20260924,1,20260925,1,20260926,1,20260927,1,20260928,1,20260929,1,20260930,1,20261001,1,20261002,1,20261003,1,20261004,1,20261005,1,20261006,1,20261007,1,20261008,1,20261009,1,20261010,1,20261011,1,20261012,1
'1034167',20260915,1,20260916,1,20260917,1,20260918,1,20260919,1,20260920,1,20260921,1,20260922,1,20260923,1,20260924,1,20260925,1,20260926,1,20260927,1,20260928,1,20260929,1,20260930,1,20261001,1,20261002,1,20261003,1,20261004,1,20261005,1,20261006,1,20261007,1,20261008,1,20261009,1,20261010,1,20261011,1,20261012,1
'1034168',20260915,1,20260916,1,20260917,1,20260918,1,20260919,1,20260920,1,20260921,1,20260922,1,20260923,1,20260924,1,20260925,1,20260926,1,20260927,1,20260928,1,20260929,1,20260930,1,20261001,1,20261002,1,20261003,1,20261004,1,20261005,1,20261006,1,20261007,1,20261008,1,20261009,1,20261010,1,20261011,1,20261012,1
'1034169',20260915,1,20260916,1,20260917,1,20260918,1,20260919,1,20260920,1,20260921,1,20260922,1,20260923,1,20260924,1,20260925,1,20260926,1,20260927,1,20260928,1,20260929,1,20260930,1,20261001,1,20261002,1,20261003,1,20261004,1,20261005,1,20261006,1,20261007,1,20261008,1,20261009,1,20261010,1,20261011,1,20261012,1
'1034170',20260915,1,20260916,1,20260917,1,20260918,1,20260919,1,20260920,1,20260921,1,20260922,1,20260923,1,20260924,1,20260925,1,20260926,1,20260927,1,20260928,1,20260929,1,20260930,1,20261001,1,20261002,1,20261003,1,20261004,1,20261005,1,20261006,1,20261007,1,20261008,1,20261009,1,20261010,1,20261011,1,20261012,1
'1034171',20260915,1,20260916,1,20260917,1,20260918,1,20260919,1,20260920,1,20260921,1,20260922,1,20260923,1,20260924,1,20260925,1,20260926,1,20260927,1,20260928,1,20260929,1,20260930,1,20261001,1,20261002,1,20261003,1,20261004,1,20261005,1,20261006,1,20261007,1,20261008,1,20261009,1,20261010,1,20261011,1,20261012,1
'1034172',20260915,1,20260916,1,20260917,1,20260918,1,20260919,1,20260920,1,20260921,1,20260922,1,20260923,1,20260924,1,20260925,1,20260926,1,20260927,1,20260928,1,20260929,1,20260930,1,20261001,1,20261002,1,20261003,1,20261004,1,20261005,1,20261006,1,20261007,1,20261008,1,20261009,1,20261010,1,20261011,1,20261012,1
'1034173',20260915,1,20260916,1,20260917,1,20260918,1,20260919,1,20260920,1,20260921,1,20260922,1,20260923,1,20260924,1,20260925,1,20260926,1,20260927,1,20260928,1,20260929,1,20260930,1,20261001,1,20261002,1,20261003,1,20261004,1,20261005,1,20261006,1,20261007,1,20261008,1,20261009,1,20261010,1,20261011,1,20261012,1
'1034174',20260915,1,20260916,1,20260917,1,20260918,1,20260919,1,20260920,1,20260921,1,20260922,1,20260923,1,20260924,1,20260925,1,20260926,1,20260927,1,20260928,1,20260929,1,20260930,1,20261001,1,20261002,1,20261003,1,20261004,1,20261005,1,20261006,1,20261007,1,20261008,1,20261009,1,20261010,1,20261011,1,20261012,1
'1034175',20260915,1,20260916,1,20260917,1,20260918,1,20260919,1,20260920,1,20260921,1,20260922,1,20260923,1,20260924,1,20260925,1,20260926,1,20260927,1,20260928,1,20260929,1,20260930,1,20261001,1,20261002,1,20261003,1,20261004,1
'1034176',20260915,1,20260916,1,20260917,1,20260918,1,20260919,1,20260920,1,20260921,1,20260922,1,20260923,1,20260924,1,20260925,1,20260926,1,20260927,1,20260928,1,20260929,1,20260930,1,20261001,1,20261002,1,20261003,1,20261004,1
'1034177',20260915,1,20260916,1,20260917,1,20260918,1,20260919,1,20260920,1,20260921,1,20260922,1,20260923,1,20260924,1,20260925,1,20260926,1,20260927,1,20260928,1,20260929,1,20260930,1,20261001,1,20261002,1,20261003,1,20261004,1
'1034179',20260915,1,20260916,1,20260917,1,20260918,1,20260919,1,20260920,1,20260921,1,20260922,1,20260923,1,20260924,1,20260925,1,20260926,1,20260927,1,20260928,1,20260929,1,20260930,1,20261001,1,20261002,1,20261003,1,20261004,1,20261005,1,20261006,1,20261007,1,20261008,1,20261009,1,20261010,1,20261011,1,20261012,1
'1034180',20260915,1,20260916,1,20260917,1,20260918,1,20260919,1,20260920,1,20260921,1,20260922,1,20260923,1,20260924,1,20260925,1,20260926,1,20260927,1,20260928,1,20260929,1,20260930,1,20261001,1,20261002,1,20261003,1,20261004,1,20261005,1,20261006,1,20261007,1,20261008,1,20261009,1,20261010,1,20261011,1,20261012,1
'1034182',20260915,1,20260916,1,20260917,1,20260918,1,20260919,1,20260920,1,20260921,1,20260922,1,20260923,1,20260924,1,20260925,1,20260926,1,20260927,1,20260928,1,20260929,1,20260930,1,20261001,1,20261002,1,20261003,1,20261004,1,20261005,1,20261006,1,20261007,1,20261008,1,20261009,1,20261010,1,20261011,1,20261012,1
'1034183',20260915,1,20260916,1,20260917,1,20260918,1,20260919,1,20260920,1,20260921,1,20260922,1,20260923,1,20260924,1,20260925,1,20260926,1,20260927,1,20260928,1,20260929,1,20260930,1,20261001,1,20261002,1,20261003,1,20261004,1,20261005,1,20261006,1,20261007,1,20261008,1,20261009,1,20261010,1,20261011,1,20261012,1
'1034184',20260915,1,20260916,1,20260917,1,20260918,1,20260919,1,20260920,1,20260921,1,20260922,1,20260923,1,20260924,1,20260925,1,20260926,1,20260927,1,20260928,1,20260929,1,20260930,1,20261001,1,20261002,1,20261003,1,20261004,1,20261005,1,20261006,1,20261007,1,20261008,1,20261009,1,20261010,1,20261011,1,20261012,1
'1034186',20260915,1,20260916,1,20260917,1,20260918,1,20260919,1,20260920,1,20260921,1,20260922,1,20260923,1,20260924,1,20260925,1,20260926,1,20260927,1,20260928,1,20260929,1,20260930,1,20261001,1,20261002,1,20261003,1,20261004,1
'1034187',20260915,1,20260916,1,20260917,1,20260918,1,20260919,1,20260920,1,20260921,1,20260922,1,20260923,1,20260924,1,20260925,1,20260926,1,20260927,1,20260928,1,20260929,1,20260930,1,20261001,1,20261002,1,20261003,1,20261004,1,20261005,1,20261006,1,20261007,1,20261008,1,20261009,1,20261010,1,20261011,1,20261012,1
'1034189',20260915,1,20260916,1,20260917,1,20260918,1,20260919,1,20260920,1,20260921,1,20260922,1,20260923,1,20260924,1,20260925,1,20260926,1,20260927,1,20260928,1,20260929,1,20260930,1,20261001,1,20261002,1,20261003,1,20261004,1
'1034191',20260915,1,20260916,1,20260917,1,20260918,1,20260919,1,20260920,1,20260921,1,20260922,1,20260923,1,20260924,1,20260925,1,20260926,1,20260927,1,20260928,1,20260929,1,20260930,1,20261001,1,20261002,1,20261003,1,20261004,1,20261005,1,20261006,1,20261007,1,20261008,1,20261009,1,20261010,1,20261011,1,20261012,1
'1034193',20260915,1,20260916,1,20260917,1,20260918,1,20260919,1,20260920,1,20260921,1,20260922,1,20260923,1,20260924,1,20260925,1,20260926,1,20260927,1,20260928,1,20260929,1,20260930,1,20261001,1,20261002,1,20261003,1,20261004,1,20261005,1,20261006,1,20261007,1,20261008,1,20261009,1,20261010,1,20261011,1,20261012,1
'1034195',20260915,1,20260916,1,20260917,1,20260918,1,20260919,1,20260920,1,20260921,1,20260922,1,20260923,1,20260924,1,20260925,1,20260926,1,20260927,1,20260928,1,20260929,1,20260930,1,20261001,1,20261002,1,20261003,1,20261004,1
'1034196',20260915,1,20260916,1,20260917,1,20260918,1,20260919,1,20260920,1,20260921,1,20260922,1,20260923,1,20260924,1,20260925,1,20260926,1,20260927,1,20260928,1,20260929,1,20260930,1,20261001,1,20261002,1,20261003,1,20261004,1
'1034197',20260915,1,20260916,1,20260917,1,20260918,1,20260919,1,20260920,1,20260921,1,20260922,1,20260923,1,20260924,1,20260925,1,20260926,1,20260927,1,20260928,1,20260929,1,20260930,1,20261001,1,20261002,1,20261003,1,20261004,1
'1034198',20260915,1,20260916,1,20260917,1,20260918,1,20260919,1,20260920,1,20260921,1,20260922,1,20260923,1,20260924,1,20260925,1,20260926,1,20260927,1,20260928,1,20260929,1,20260930,1,20261001,1,20261002,1,20261003,1,20261004,1,20261005,1,20261006,1,20261007,1,20261008,1,20261009,1,20261010,1,20261011,1,20261012,1
'1034199',20260915,1,20260916,1,20260917,1,20260918,1,20260919,1,20260920,1,20260921,1,20260922,1,20260923,1,20260924,1,20260925,1,20260926,1,20260927,1,20260928,1,20260929,1,20260930,1,20261001,1,20261002,1,20261003,1,20261004,1,20261005,1,20261006,1,20261007,1,20261008,1,20261009,1,20261010,1,20261011,1,20261012,1
'1034200',20260915,1,20260916,1,20260917,1,20260918,1,20260919,1,20260920,1,20260921,1,20260922,1,20260923,1,20260924,1,20260925,1,20260926,1,20260927,1,20260928,1,20260929,1,20260930,1,20261001,1,20261002,1,20261003,1,20261004,1,20261005,1,20261006,1,20261007,1,20261008,1,20261009,1,20261010,1,20261011,1,20261012,1
'1034201',20260915,1,20260916,1,20260917,1,20260918,1,20260919,1,20260920,1,20260921,1,20260922,1,20260923,1,20260924,1,20260925,1,20260926,1,20260927,1,20260928,1,20260929,1,20260930,1,20261001,1,20261002,1,20261003,1,20261004,1,20261005,1,20261006,1,20261007,1,20261008,1,20261009,1,20261010,1,20261011,1,20261012,1
'1034202',20260915,1,20260916,1,20260917,1,20260918,1,20260919,1,20260920,1,20260921,1,20260922,1,20260923,1,20260924,1,20260925,1,20260926,1,20260927,1,20260928,1,20260929,1,20260930,1,20261001,1,20261002,1,20261003,1,20261004,1
'1034203',20260915,1,20260916,1,20260917,1,20260918,1,20260919,1,20260920,1,20260921,1,20260922,1,20260923,1,20260924,1,20260925,1,20260926,1,20260927,1,20260928,1,20260929,1,20260930,1,20261001,1,20261002,1,20261003,1,20261004,1,20261005,1,20261006,1,20261007,1,20261008,1,20261009,1,20261010,1,20261011,1,20261012,1
'1034204',20260915,1,20260916,1,20260917,1,20260918,1,20260919,1,20260920,1,20260921,1,20260922,1,20260923,1,20260924,1,20260925,1,20260926,1,20260927,1,20260928,1,20260929,1,20260930,1,20261001,1,20261002,1,20261003,1,20261004,1,20261005,1,20261006,1,20261007,1,20261008,1,20261009,1,20261010,1,20261011,1,20261012,1
'1034205',20260915,1,20260916,1,20260917,1,20260918,1,20260919,1,20260920,1,20260921,1,20260922,1,20260923,1,20260924,1,20260925,1,20260926,1,20260927,1,20260928,1,20260929,1,20260930,1,20261001,1,20261002,1,20261003,1,20261004,1
'1034206',20260915,1,20260916,1,20260917,1,20260918,1,20260919,1,20260920,1,20260921,1,20260922,1,20260923,1,20260924,1,20260925,1,20260926,1,20260927,1,20260928,1,20260929,1,20260930,1,20261001,1,20261002,1,20261003,1,20261004,1
'1034207',20260915,1,20260916,1,20260917,1,20260918,1,20260919,1,20260920,1,20260921,1,20260922,1,20260923,1,20260924,1,20260925,1,20260926,1,20260927,1,20260928,1,20260929,1,20260930,1,20261001,1,20261002,1,20261003,1,20261004,1,20261005,1,20261006,1,20261007,1,20261008,1,20261009,1,20261010,1,20261011,1,20261012,1
'1034208',20260915,1,20260916,1,20260917,1,20260918,1,20260919,1,20260920,1,20260921,1,20260922,1,20260923,1,20260924,1,20260925,1,20260926,1,20260927,1,20260928,1,20260929,1,20260930,1,20261001,1,20261002,1,20261003,1,20261004,1,20261005,1,20261006,1,20261007,1,20261008,1,20261009,1,20261010,1,20261011,1,20261012,1
'1034209',20260915,1,20260916,1,20260917,1,20260918,1,20260919,1,20260920,1,20260921,1,20260922,1,20260923,1,20260924,1,20260925,1,20260926,1,20260927,1,20260928,1,20260929,1,20260930,1,20261001,1,20261002,1,20261003,1,20261004,1,20261005,1,20261006,1,20261007,1,20261008,1,20261009,1,20261010,1,20261011,1,20261012,1
'1034212',20260915,1,20260916,1,20260917,1,20260918,1,20260919,1,20260920,1,20260921,1,20260922,1,20260923,1,20260924,1,20260925,1,20260926,1,20260927,1,20260928,1,20260929,1,20260930,1,20261001,1,20261002,1,20261003,1,20261004,1,20261005,1,20261006,1,20261007,1,20261008,1,20261009,1,20261010,1,20261011,1,20261012,1
'1034213',20260915,1,20260916,1,20260917,1,20260918,1,20260919,1,20260920,1,20260921,1,20260922,1,20260923,1,20260924,1,20260925,1,20260926,1,20260927,1,20260928,1,20260929,1,20260930,1,20261001,1,20261002,1,20261003,1,20261004,1,20261005,1,20261006,1,20261007,1,20261008,1,20261009,1,20261010,1,20261011,1,20261012,1
'1034214',20260915,1,20260916,1,20260917,1,20260918,1,20260919,1,20260920,1,20260921,1,20260922,1,20260923,1,20260924,1,20260925,1,20260926,1,20260927,1,20260928,1,20260929,1,20260930,1,20261001,1,20261002,1,20261003,1,20261004,1,20261005,1,20261006,1,20261007,1,20261008,1,20261009,1,20261010,1,20261011,1,20261012,1
'1034216',20260915,1,20260916,1,20260917,1,20260918,1,20260919,1,20260920,1,20260921,1,20260922,1,20260923,1,20260924,1,20260925,1,20260926,1,20260927,1,20260928,1,20260929,1,20260930,1,20261001,1,20261002,1,20261003,1,20261004,1
'1034217',20260915,1,20260916,1,20260917,1,20260918,1,20260919,1,20260920,1,20260921,1,20260922,1,20260923,1,20260924,1,20260925,1,20260926,1,20260927,1,20260928,1,20260929,1,20260930,1,20261001,1,20261002,1,20261003,1,20261004,1,20261005,1,20261006,1,20261007,1,20261008,1,20261009,1,20261010,1,20261011,1,20261012,1
'1034218',20260915,1,20260916,1,20260917,1,20260918,1,20260919,1,20260920,1,20260921,1,20260922,1,20260923,1,20260924,1,20260925,1,20260926,1,20260927,1,20260928,1,20260929,1,20260930,1,20261001,1,20261002,1,20261003,1,20261004,1
'1034222',20260915,1,20260916,1,20260917,1,20260918,1,20260919,1,20260920,1,20260921,1,20260922,1,20260923,1,20260924,1,20260925,1,20260926,1,20260927,1
'1034223',20260915,1,20260916,1,20260917,1,20260918,1,20260919,1,20260920,1,20260921,1,20260922,1,20260923,1,20260924,1,20260925,1,20260926,1,20260927,1,20260928,1,20260929,1,20260930,1,20261001,1,20261002,1,20261003,1,20261004,1,20261005,1,20261006,1,20261007,1,20261008,1,20261009,1,20261010,1,20261011,1,20261012,1
'1034224',20260915,1,20260916,1,20260917,1,20260918,1,20260919,1,20260920,1,20260921,1,20260922,1,20260923,1,20260924,1,20260925,1,20260926,1,20260927,1,20260928,1,20260929,1,20260930,1,20261001,1,20261002,1,20261003,1,20261004,1,20261005,1,20261006,1,20261007,1,20261008,1,20261009,1,20261010,1,20261011,1,20261012,1
'1034225',20260915,1,20260916,1,20260917,1,20260918,1,20260919,1,20260920,1,20260921,1,20260922,1,20260923,1,20260924,1,20260925,1,20260926,1,20260927,1,20260928,1,20260929,1,20260930,1,20261001,1,20261002,1,20261003,1,20261004,1,20261005,1,20261006,1,20261007,1,20261008,1,20261009,1,20261010,1,20261011,1,20261012,1
'1034226',20260915,1,20260916,1,20260917,1,20260918,1,20260919,1,20260920,1,20260921,1,20260922,1,20260923,1,20260924,1,20260925,1,20260926,1,20260927,1,20260928,1,20260929,1,20260930,1,20261001,1,20261002,1,20261003,1,20261004,1
'1034227',20260915,1,20260916,1,20260917,1,20260918,1,20260919,1,20260920,1,20260921,1,20260922,1,20260923,1,20260924,1,20260925,1,20260926,1,20260927,1,20260928,1,20260929,1,20260930,1,20261001,1,20261002,1,20261003,1,20261004,1
'1034229',20260915,1,20260916,1,20260917,1,20260918,1,20260919,1,20260920,1,20260921,1,20260922,1,20260923,1,20260924,1,20260925,1,20260926,1,20260927,1,20260928,1,20260929,1,20260930,1,20261001,1,20261002,1,20261003,1,20261004,1
'1034230',20260915,1,20260916,1,20260917,1,20260918,1,20260919,1,20260920,1,20260921,1,20260922,1,20260923,1,20260924,1,20260925,1,20260926,1,20260927,1,20260928,1,20260929,1,20260930,1,20261001,1,20261002,1,20261003,1,20261004,1
'1034231',20260915,1,20260916,1,20260917,1,20260918,1,20260919,1,20260920,1,20260921,1,20260922,1,20260923,1,20260924,1,20260925,1,20260926,1,20260927,1,20260928,1,20260929,1,20260930,1,20261001,1,20261002,1,20261003,1,20261004,1,20261005,1,20261006,1,20261007,1,20261008,1,20261009,1,20261010,1,20261011,1,20261012,1
'1034233',20260915,1,20260916,1,20260917,1,20260918,1,20260919,1,20260920,1,20260921,1,20260922,1,20260923,1,20260924,1,20260925,1,20260926,1,20260927,1,20260928,1,20260929,1,20260930,1,20261001,1,20261002,1,20261003,1,20261004,1,20261005,1,20261006,1,20261007,1,20261008,1,20261009,1,20261010,1,20261011,1,20261012,1
'1034234',20260915,1,20260916,1,20260917,1,20260918,1,20260919,1,20260920,1,20260921,1,20260922,1,20260923,1,20260924,1,20260925,1,20260926,1,20260927,1,20260928,1,20260929,1,20260930,1,20261001,1,20261002,1,20261003,1,20261004,1,20261005,1,20261006,1,20261007,1,20261008,1,20261009,1,20261010,1,20261011,1,20261012,1
'1034236',20260915,1,20260916,1,20260917,1,20260918,1,20260919,1,20260920,1,20260921,1,20260922,1,20260923,1,20260924,1,20260925,1,20260926,1,20260927,1,20260928,1,20260929,1,20260930,1,20261001,1,20261002,1,20261003,1,20261004,1,20261005,1,20261006,1,20261007,1,20261008,1,20261009,1,20261010,1,20261011,1,20261012,1
'1034238',20260915,1,20260916,1,20260917,1,20260918,1,20260919,1,20260920,1,20260921,1,20260922,1,20260923,1,20260924,1,20260925,1,20260926,1,20260927,1,20260928,1,20260929,1,20260930,1,20261001,1,20261002,1,20261003,1,20261004,1,20261005,1,20261006,1,20261007,1,20261008,1,20261009,1,20261010,1,20261011,1,20261012,1
'1034239',20260915,1,20260916,1,20260917,1,20260918,1,20260919,1,20260920,1,20260921,1,20260922,1,20260923,1,20260924,1,20260925,1,20260926,1,20260927,1,20260928,1,20260929,1,20260930,1,20261001,1,20261002,1,20261003,1,20261004,1,20261005,1,20261006,1,20261007,1,20261008,1,20261009,1,20261010,1,20261011,1,20261012,1
'1034240',20260915,1,20260916,1,20260917,1,20260918,1,20260919,1,20260920,1,20260921,1,20260922,1,20260923,1,20260924,1,20260925,1,20260926,1,20260927,1,20260928,1,20260929,1,20260930,1,20261001,1,20261002,1,20261003,1,20261004,1,20261005,1,20261006,1,20261007,1,20261008,1,20261009,1,20261010,1,20261011,1,20261012,1
'1034241',20260915,1,20260916,1,20260917,1,20260918,1,20260919,1,20260920,1,20260921,1,20260922,1,20260923,1,20260924,1,20260925,1,20260926,1,20260927,1,20260928,1,20260929,1,20260930,1,20261001,1,20261002,1,20261003,1,20261004,1,20261005,1,20261006,1,20261007,1,20261008,1,20261009,1,20261010,1,20261011,1,20261012,1
'1034243',20260915,1,20260916,1,20260917,1,20260918,1,20260919,1,20260920,1,20260921,1,20260922,1,20260923,1,20260924,1,20260925,1,20260926,1,20260927,1,20260928,1,20260929,1,20260930,1,20261001,1,20261002,1,20261003,1,20261004,1,20261005,1,20261006,1,20261007,1,20261008,1,20261009,1,20261010,1,20261011,1,20261012,1
'1034244',20260915,1,20260916,1,20260917,1,20260918,1,20260919,1,20260920,1,20260921,1,20260922,1,20260923,1,20260924,1,20260925,1,20260926,1,20260927,1
'1034245',20260915,1,20260916,1,20260917,1,20260918,1,20260919,1,20260920,1,20260921,1,20260922,1,20260923,1,20260924,1,20260925,1,20260926,1,20260927,1,20260928,1,20260929,1,20260930,1,20261001,1,20261002,1,20261003,1,20261004,1,20261005,1,20261006,1,20261007,1,20261008,1,20261009,1,20261010,1,20261011,1,20261012,1
'1034247',20260915,1,20260916,1,20260917,1,20260918,1,20260919,1,20260920,1,20260921,1,20260922,1,20260923,1,20260924,1,20260925,1,20260926,1,20260927,1
'1034248',20260915,1,20260916,1,20260917,1,20260918,1,20260919,1,20260920,1,20260921,1,20260922,1,20260923,1,20260924,1,20260925,1,20260926,1,20260927,1,20260928,1,20260929,1,20260930,1,20261001,1,20261002,1,20261003,1,20261004,1,20261005,1,20261006,1,20261007,1,20261008,1,20261009,1,20261010,1,20261011,1,20261012,1
'1034249',20260915,1,20260916,1,20260917,1,20260918,1,20260919,1,20260920,1,20260921,1,20260922,1,20260923,1,20260924,1,20260925,1,20260926,1,20260927,1,20260928,1,20260929,1,20260930,1,20261001,1,20261002,1,20261003,1,20261004,1,20261005,1,20261006,1,20261007,1,20261008,1,20261009,1,20261010,1,20261011,1,20261012,1
'1034250',20260915,1,20260916,1,20260917,1,20260918,1,20260919,1,20260920,1,20260921,1,20260922,1,20260923,1,20260924,1,20260925,1,20260926,1,20260927,1,20260928,1,20260929,1,20260930,1,20261001,1,20261002,1,20261003,1,20261004,1,20261005,1,20261006,1,20261007,1,20261008,1,20261009,1,20261010,1,20261011,1,20261012,1
'1034251',20260915,1,20260916,1,20260917,1,20260918,1,20260919,1,20260920,1,20260921,1,20260922,1,20260923,1,20260924,1,20260925,1,20260926,1,20260927,1,20260928,1,20260929,1,20260930,1,20261001,1,20261002,1,20261003,1,20261004,1,20261005,1,20261006,1,20261007,1,20261008,1,20261009,1,20261010,1,20261011,1,20261012,1
'1034252',20260915,1,20260916,1,20260917,1,20260918,1,20260919,1,20260920,1,20260921,1,20260922,1,20260923,1,20260924,1,20260925,1,20260926,1,20260927,1,20260928,1,20260929,1,20260930,1,20261001,1,20261002,1,20261003,1,20261004,1,20261005,1,20261006,1,20261007,1,20261008,1,20261009,1,20261010,1,20261011,1,20261012,1
'1034253',20260915,1,20260916,1,20260917,1,20260918,1,20260919,1,20260920,1,20260921,1,20260922,1,20260923,1,20260924,1,20260925,1,20260926,1,20260927,1,20260928,1,20260929,1,20260930,1,20261001,1,20261002,1,20261003,1,20261004,1,20261005,1,20261006,1,20261007,1,20261008,1,20261009,1,20261010,1,20261011,1,20261012,1
'1034256',20260915,1,20260916,1,20260917,1,20260918,1,20260919,1,20260920,1,20260921,1,20260922,1,20260923,1,20260924,1,20260925,1,20260926,1,20260927,1,20260928,1,20260929,1,20260930,1,20261001,1,20261002,1,20261003,1,20261004,1,20261005,1,20261006,1,20261007,1,20261008,1,20261009,1,20261010,1,20261011,1,20261012,1
'1034259',20260915,1,20260916,1,20260917,1,20260918,1,20260919,1,20260920,1,20260921,1,20260922,1,20260923,1,20260924,1,20260925,1,20260926,1,20260927,1,20260928,1,20260929,1,20260930,1,20261001,1,20261002,1,20261003,1,20261004,1,20261005,1,20261006,1,20261007,1,20261008,1,20261009,1,20261010,1,20261011,1,20261012,1
'1034261',20260915,1,20260916,1,20260917,1,20260918,1,20260919,1,20260920,1,20260921,1,20260922,1,20260923,1,20260924,1,20260925,1,20260926,1,20260927,1,20260928,1,20260929,1,20260930,1,20261001,1,20261002,1,20261003,1,20261004,1,20261005,1,20261006,1,20261007,1,20261008,1,20261009,1,20261010,1,20261011,1,20261012,1
'1034262',20260915,1,20260916,1,20260917,1,20260918,1,20260919,1,20260920,1,20260921,1,20260922,1,20260923,1,20260924,1,20260925,1,20260926,1,20260927,1,20260928,1,20260929,1,20260930,1,20261001,1,20261002,1,20261003,1,20261004,1,20261005,1,20261006,1,20261007,1,20261008,1,20261009,1,20261010,1,20261011,1,20261012,1
'1034264',20260915,1,20260916,1,20260917,1,20260918,1,20260919,1,20260920,1,20260921,1,20260922,1,20260923,1,20260924,1,20260925,1,20260926,1,20260927,1,20260928,1,20260929,1,20260930,1,20261001,1,20261002,1,20261003,1,20261004,1,20261005,1,20261006,1,20261007,1,20261008,1,20261009,1,20261010,1,20261011,1,20261012,1
'1034265',20260915,1,20260916,1,20260917,1,20260918,1,20260919,1,20260920,1,20260921,1,20260922,1,20260923,1,20260924,1,20260925,1,20260926,1,20260927,1,20260928,1,20260929,1,20260930,1,20261001,1,20261002,1,20261003,1,20261004,1,20261005,1,20261006,1,20261007,1,20261008,1,20261009,1,20261010,1,20261011,1,20261012,1
'1034266',20260915,1,20260916,1,20260917,1,20260918,1,20260919,1,20260920,1,20260921,1,20260922,1,20260923,1,20260924,1,20260925,1,20260926,1,20260927,1,20260928,1,20260929,1,20260930,1,20261001,1,20261002,1,20261003,1,20261004,1,20261005,1,20261006,1,20261007,1,20261008,1,20261009,1,20261010,1,20261011,1,20261012,1
'1034268',20260915,1,20260916,1,20260917,1,20260918,1,20260919,1,20260920,1,20260921,1,20260922,1,20260923,1,20260924,1,20260925,1,20260926,1,20260927,1,20260928,1,20260929,1,20260930,1,20261001,1,20261002,1,20261003,1,20261004,1,20261005,1,20261006,1,20261007,1,20261008,1,20261009,1,20261010,1,20261011,1,20261012,1
'1034271',20260915,1,20260916,1,20260917,1,20260918,1,20260919,1,20260920,1,20260921,1,20260922,1,20260923,1,20260924,1,20260925,1,20260926,1,20260927,1,20260928,1,20260929,1,20260930,1,20261001,1,20261002,1,20261003,1,20261004,1,20261005,1,20261006,1,20261007,1,20261008,1,20261009,1,20261010,1,20261011,1,20261012,1
'1034272',20260915,1,20260916,1,20260917,1,20260918,1,20260919,1,20260920,1,20260921,1,20260922,1,20260923,1,20260924,1,20260925,1,20260926,1,20260927,1,20260928,1,20260929,1,20260930,1,20261001,1,20261002,1,20261003,1,20261004,1,20261005,1,20261006,1,20261007,1,20261008,1,20261009,1,20261010,1,20261011,1,20261012,1
'1034273',20260915,1,20260916,1,20260917,1,20260918,1,20260919,1,20260920,1,20260921,1,20260922,1,20260923,1,20260924,1,20260925,1,20260926,1,20260927,1,20260928,1,20260929,1,20260930,1,20261001,1,20261002,1,20261003,1,20261004,1
'1034274',20260915,1,20260916,1,20260917,1,20260918,1,20260919,1,20260920,1,20260921,1,20260922,1,20260923,1,20260924,1,20260925,1,20260926,1,20260927,1,20260928,1,20260929,1,20260930,1,20261001,1,20261002,1,20261003,1,20261004,1,20261005,1,20261006,1,20261007,1,20261008,1,20261009,1,20261010,1,20261011,1,20261012,1
'1034275',20260915,1,20260916,1,20260917,1,20260918,1,20260919,1,20260920,1,20260921,1,20260922,1,20260923,1,20260924,1,20260925,1,20260926,1,20260927,1,20260928,1,20260929,1,20260930,1,20261001,1,20261002,1,20261003,1,20261004,1,20261005,1,20261006,1,20261007,1,20261008,1,20261009,1,20261010,1,20261011,1,20261012,1
'1034276',20260915,1,20260916,1,20260917,1,20260918,1,20260919,1,20260920,1,20260921,1,20260922,1,20260923,1,20260924,1,20260925,1,20260926,1,20260927,1,20260928,1,20260929,1,20260930,1,20261001,1,20261002,1,20261003,1,20261004,1,20261005,1,20261006,1,20261007,1,20261008,1,20261009,1,20261010,1,20261011,1,20261012,1
'1034277',20260915,1,20260916,1,20260917,1,20260918,1,20260919,1,20260920,1,20260921,1,20260922,1,20260923,1,20260924,1,20260925,1,20260926,1,20260927,1,20260928,1,20260929,1,20260930,1,20261001,1,20261002,1,20261003,1,20261004,1,20261005,1,20261006,1,20261007,1,20261008,1,20261009,1,20261010,1,20261011,1,20261012,1
'1034278',20260915,1,20260916,1,20260917,1,20260918,1,20260919,1,20260920,1,20260921,1,20260922,1,20260923,1,20260924,1,20260925,1,20260926,1,20260927,1,20260928,1,20260929,1,20260930,1,20261001,1,20261002,1,20261003,1,20261004,1
'1034279',20260915,1,20260916,1,20260917,1,20260918,1,20260919,1,20260920,1,20260921,1,20260922,1,20260923,1,20260924,1,20260925,1,20260926,1,20260927,1,20260928,1,20260929,1,20260930,1,20261001,1,20261002,1,20261003,1,20261004,1,20261005,1,20261006,1,20261007,1,20261008,1,20261009,1,20261010,1,20261011,1,20261012,1
'1034280',20260915,1,20260916,1,20260917,1,20260918,1,20260919,1,20260920,1,20260921,1,20260922,1,20260923,1,20260924,1,20260925,1,20260926,1,20260927,1,20260928,1,20260929,1,20260930,1,20261001,1,20261002,1,20261003,1,20261004,1,20261005,1,20261006,1,20261007,1,20261008,1,20261009,1,20261010,1,20261011,1,20261012,1
'1034281',20260915,1,20260916,1,20260917,1,20260918,1,20260919,1,20260920,1,20260921,1,20260922,1,20260923,1,20260924,1,20260925,1,20260926,1,20260927,1,20260928,1,20260929,1,20260930,1,20261001,1,20261002,1,20261003,1,20261004,1,20261005,1,20261006,1,20261007,1,20261008,1,20261009,1,20261010,1,20261011,1,20261012,1
'1034282',20260915,1,20260916,1,20260917,1,20260918,1,20260919,1,20260920,1,20260921,1,20260922,1,20260923,1,20260924,1,20260925,1,20260926,1,20260927,1,20260928,1,20260929,1,20260930,1,20261001,1,20261002,1,20261003,1,20261004,1,20261005,1,20261006,1,20261007,1,20261008,1,20261009,1,20261010,1,20261011,1,20261012,1
'1034283',20260915,1,20260916,1,20260917,1,20260918,1,20260919,1,20260920,1,20260921,1,20260922,1,20260923,1,20260924,1,20260925,1,20260926,1,20260927,1,20260928,1,20260929,1,20260930,1,20261001,1,20261002,1,20261003,1,20261004,1,20261005,1,20261006,1,20261007,1,20261008,1,20261009,1,20261010,1,20261011,1,20261012,1
'1034284',20260915,1,20260916,1,20260917,1,20260918,1,20260919,1,20260920,1,20260921,1,20260922,1,20260923,1,20260924,1,20260925,1,20260926,1,20260927,1,20260928,1,20260929,1,20260930,1,20261001,1,20261002,1,20261003,1,20261004,1,20261005,1,20261006,1,20261007,1,20261008,1,20261009,1,20261010,1,20261011,1,20261012,1
'1034285',20260915,1,20260916,1,20260917,1,20260918,1,20260919,1,20260920,1,20260921,1,20260922,1,20260923,1,20260924,1,20260925,1,20260926,1,20260927,1,20260928,1,20260929,1,20260930,1,20261001,1,20261002,1,20261003,1,20261004,1
'1034286',20260915,1,20260916,1,20260917,1,20260918,1,20260919,1,20260920,1,20260921,1,20260922,1,20260923,1,20260924,1,20260925,1,20260926,1,20260927,1,20260928,1,20260929,1,20260930,1,20261001,1,20261002,1,20261003,1,20261004,1,20261005,1,20261006,1,20261007,1,20261008,1,20261009,1,20261010,1,20261011,1,20261012,1
'1034287',20260915,1,20260916,1,20260917,1,20260918,1,20260919,1,20260920,1,20260921,1,20260922,1,20260923,1,20260924,1,20260925,1,20260926,1,20260927,1,20260928,1,20260929,1,20260930,1,20261001,1,20261002,1,20261003,1,20261004,1,20261005,1,20261006,1,20261007,1,20261008,1,20261009,1,20261010,1,20261011,1,20261012,1
'1034288',20260915,1,20260916,1,20260917,1,20260918,1,20260919,1,20260920,1,20260921,1,20260922,1,20260923,1,20260924,1,20260925,1,20260926,1,20260927,1,20260928,1,20260929,1,20260930,1,20261001,1,20261002,1,20261003,1,20261004,1,20261005,1,20261006,1,20261007,1,20261008,1,20261009,1,20261010,1,20261011,1,20261012,1
'1034289',20260915,1,20260916,1,20260917,1,20260918,1,20260919,1,20260920,1,20260921,1,20260922,1,20260923,1,20260924,1,20260925,1,20260926,1,20260927,1,20260928,1,20260929,1,20260930,1,20261001,1,20261002,1,20261003,1,20261004,1,20261005,1,20261006,1,20261007,1,20261008,1,20261009,1,20261010,1,20261011,1,20261012,1
'1034290',20260915,1,20260916,1,20260917,1,20260918,1,20260919,1,20260920,1,20260921,1,20260922,1,20260923,1,20260924,1,20260925,1,20260926,1,20260927,1
'1034291',20260915,1,20260916,1,20260917,1,20260918,1,20260919,1,20260920,1,20260921,1,20260922,1,20260923,1,20260924,1,20260925,1,20260926,1,20260927,1,20260928,1,20260929,1,20260930,1,20261001,1,20261002,1,20261003,1,20261004,1,20261005,1,20261006,1,20261007,1,20261008,1,20261009,1,20261010,1,20261011,1,20261012,1
'1034292',20260915,1,20260916,1,20260917,1,20260918,1,20260919,1,20260920,1,20260921,1,20260922,1,20260923,1,20260924,1,20260925,1,20260926,1,20260927,1,20260928,1,20260929,1,20260930,1,20261001,1,20261002,1,20261003,1,20261004,1,20261005,1,20261006,1,20261007,1,20261008,1,20261009,1,20261010,1,20261011,1,20261012,1
'1034293',20260915,1,20260916,1,20260917,1,20260918,1,20260919,1,20260920,1,20260921,1,20260922,1,20260923,1,20260924,1,20260925,1,20260926,1,20260927,1,20260928,1,20260929,1,20260930,1,20261001,1,20261002,1,20261003,1,20261004,1,20261005,1,20261006,1,20261007,1,20261008,1,20261009,1,20261010,1,20261011,1,20261012,1
'1034294',20260915,1,20260916,1,20260917,1,20260918,1,20260919,1,20260920,1,20260921,1,20260922,1,20260923,1,20260924,1,20260925,1,20260926,1,20260927,1,20260928,1,20260929,1,20260930,1,20261001,1,20261002,1,20261003,1,20261004,1,20261005,1,20261006,1,20261007,1,20261008,1,20261009,1,20261010,1,20261011,1,20261012,1
'1034295',20260915,1,20260916,1,20260917,1,20260918,1,20260919,1,20260920,1,20260921,1,20260922,1,20260923,1,20260924,1,20260925,1,20260926,1,20260927,1,20260928,1,20260929,1,20260930,1,20261001,1,20261002,1,20261003,1,20261004,1
'1034296',20260915,1,20260916,1,20260917,1,20260918,1,20260919,1,20260920,1,20260921,1,20260922,1,20260923,1,20260924,1,20260925,1,20260926,1,20260927,1,20260928,1,20260929,1,20260930,1,20261001,1,20261002,1,20261003,1,20261004,1
'1034297',20260915,1,20260916,1,20260917,1,20260918,1,20260919,1,20260920,1,20260921,1,20260922,1,20260923,1,20260924,1,20260925,1,20260926,1,20260927,1,20260928,1,20260929,1,20260930,1,20261001,1,20261002,1,20261003,1,20261004,1
'1034298',20260915,1,20260916,1,20260917,1,20260918,1,20260919,1,20260920,1,20260921,1,20260922,1,20260923,1,20260924,1,20260925,1,20260926,1,20260927,1,20260928,1,20260929,1,20260930,1,20261001,1,20261002,1,20261003,1,20261004,1
'1034300',20260915,1,20260916,1,20260917,1,20260918,1,20260919,1,20260920,1,20260921,1,20260922,1,20260923,1,20260924,1,20260925,1,20260926,1,20260927,1,20260928,1,20260929,1,20260930,1,20261001,1,20261002,1,20261003,1,20261004,1,20261005,1,20261006,1,20261007,1,20261008,1,20261009,1,20261010,1,20261011,1,20261012,1
'1034302',20260915,1,20260916,1,20260917,1,20260918,1,20260919,1,20260920,1,20260921,1,20260922,1,20260923,1,20260924,1,20260925,1,20260926,1,20260927,1,20260928,1,20260929,1,20260930,1,20261001,1,20261002,1,20261003,1,20261004,1
'1034303',20260915,1,20260916,1,20260917,1,20260918,1,20260919,1,20260920,1,20260921,1,20260922,1,20260923,1,20260924,1,20260925,1,20260926,1,20260927,1,20260928,1,20260929,1,20260930,1,20261001,1,20261002,1,20261003,1,20261004,1,20261005,1,20261006,1,20261007,1,20261008,1,20261009,1,20261010,1,20261011,1,20261012,1
'1034304',20260915,1,20260916,1,20260917,1,20260918,1,20260919,1,20260920,1,20260921,1,20260922,1,20260923,1,20260924,1,20260925,1,20260926,1,20260927,1,20260928,1,20260929,1,20260930,1,20261001,1,20261002,1,20261003,1,20261004,1,20261005,1,20261006,1,20261007,1,20261008,1,20261009,1,20261010,1,20261011,1,20261012,1
'1034305',20260915,1,20260916,1,20260917,1,20260918,1,20260919,1,20260920,1,20260921,1,20260922,1,20260923,1,20260924,1,20260925,1,20260926,1,20260927,1
'1034306',20260915,1,20260916,1,20260917,1,20260918,1,20260919,1,20260920,1,20260921,1,20260922,1,20260923,1,20260924,1,20260925,1,20260926,1,20260927,1,20260928,1,20260929,1,20260930,1,20261001,1,20261002,1,20261003,1,20261004,1,20261005,1,20261006,1,20261007,1,20261008,1,20261009,1,20261010,1,20261011,1,20261012,1
'1034307',20260915,1,20260916,1,20260917,1,20260918,1,20260919,1,20260920,1,20260921,1,20260922,1,20260923,1,20260924,1,20260925,1,20260926,1,20260927,1,20260928,1,20260929,1,20260930,1,20261001,1,20261002,1,20261003,1,20261004,1,20261005,1,20261006,1,20261007,1,20261008,1,20261009,1,20261010,1,20261011,1,20261012,1
'1034308',20260915,1,20260916,1,20260917,1,20260918,1,20260919,1,20260920,1,20260921,1,20260922,1,20260923,1,20260924,1,20260925,1,20260926,1,20260927,1,20260928,1,20260929,1,20260930,1,20261001,1,20261002,1,20261003,1,20261004,1
'1034311',20260915,1,20260916,1,20260917,1,20260918,1,20260919,1,20260920,1,20260921,1,20260922,1,20260923,1,20260924,1,20260925,1,20260926,1,20260927,1,20260928,1,20260929,1,20260930,1,20261001,1,20261002,1,20261003,1,20261004,1,20261005,1,20261006,1,20261007,1,20261008,1,20261009,1,20261010,1,20261011,1,20261012,1
'1034313',20260915,1,20260916,1,20260917,1,20260918,1,20260919,1,20260920,1,20260921,1,20260922,1,20260923,1,20260924,1,20260925,1,20260926,1,20260927,1,20260928,1,20260929,1,20260930,1,20261001,1,20261002,1,20261003,1,20261004,1,20261005,1,20261006,1,20261007,1,20261008,1,20261009,1,20261010,1,20261011,1,20261012,1
'1034314',20260915,1,20260916,1,20260917,1,20260918,1,20260919,1,20260920,1,20260921,1,20260922,1,20260923,1,20260924,1,20260925,1,20260926,1,20260927,1,20260928,1,20260929,1,20260930,1,20261001,1,20261002,1,20261003,1,20261004,1,20261005,1,20261006,1,20261007,1,20261008,1,20261009,1,20261010,1,20261011,1,20261012,1
'1034315',20260915,1,20260916,1,20260917,1,20260918,1,20260919,1,20260920,1,20260921,1,20260922,1,20260923,1,20260924,1,20260925,1,20260926,1,20260927,1,20260928,1,20260929,1,20260930,1,20261001,1,20261002,1,20261003,1,20261004,1,20261005,1,20261006,1,20261007,1,20261008,1,20261009,1,20261010,1,20261011,1,20261012,1
'1034316',20260915,1,20260916,1,20260917,1,20260918,1,20260919,1,20260920,1,20260921,1,20260922,1,20260923,1,20260924,1,20260925,1,20260926,1,20260927,1,20260928,1,20260929,1,20260930,1,20261001,1,20261002,1,20261003,1,20261004,1,20261005,1,20261006,1,20261007,1,20261008,1,20261009,1,20261010,1,20261011,1,20261012,1
'1034317',20260915,1,20260916,1,20260917,1,20260918,1,20260919,1,20260920,1,20260921,1,20260922,1,20260923,1,20260924,1,20260925,1,20260926,1,20260927,1,20260928,1,20260929,1,20260930,1,20261001,1,20261002,1,20261003,1,20261004,1,20261005,1,20261006,1,20261007,1,20261008,1,20261009,1,20261010,1,20261011,1,20261012,1
'1034318',20260915,1,20260916,1,20260917,1,20260918,1,20260919,1,20260920,1,20260921,1,20260922,1,20260923,1,20260924,1,20260925,1,20260926,1,20260927,1,20260928,1,20260929,1,20260930,1,20261001,1,20261002,1,20261003,1,20261004,1,20261005,1,20261006,1,20261007,1,20261008,1,20261009,1,20261010,1,20261011,1,20261012,1
'1034319',20260915,1,20260916,1,20260917,1,20260918,1,20260919,1,20260920,1,20260921,1,20260922,1,20260923,1,20260924,1,20260925,1,20260926,1,20260927,1,20260928,1,20260929,1,20260930,1,20261001,1,20261002,1,20261003,1,20261004,1,20261005,1,20261006,1,20261007,1,20261008,1,20261009,1,20261010,1,20261011,1,20261012,1
'1034322',20260915,1,20260916,1,20260917,1,20260918,1,20260919,1,20260920,1,20260921,1,20260922,1,20260923,1,20260924,1,20260925,1,20260926,1,20260927,1,20260928,1,20260929,1,20260930,1,20261001,1,20261002,1,20261003,1,20261004,1
'1034323',20260915,1,20260916,1,20260917,1,20260918,1,20260919,1,20260920,1,20260921,1,20260922,1,20260923,1,20260924,1,20260925,1,20260926,1,20260927,1,20260928,1,20260929,1,20260930,1,20261001,1,20261002,1,20261003,1,20261004,1,20261005,1,20261006,1,20261007,1,20261008,1,20261009,1,20261010,1,20261011,1,20261012,1
'1034324',20260915,1,20260916,1,20260917,1,20260918,1,20260919,1,20260920,1,20260921,1,20260922,1,20260923,1,20260924,1,20260925,1,20260926,1,20260927,1,20260928,1,20260929,1,20260930,1,20261001,1,20261002,1,20261003,1,20261004,1
'1034325',20260915,1,20260916,1,20260917,1,20260918,1,20260919,1,20260920,1,20260921,1,20260922,1,20260923,1,20260924,1,20260925,1,20260926,1,20260927,1,20260928,1,20260929,1,20260930,1,20261001,1,20261002,1,20261003,1,20261004,1
'1034326',20260915,1,20260916,1,20260917,1,20260918,1,20260919,1,20260920,1,20260921,1,20260922,1,20260923,1,20260924,1,20260925,1,20260926,1,20260927,1,20260928,1,20260929,1,20260930,1,20261001,1,20261002,1,20261003,1,20261004,1
'1034327',20260915,1,20260916,1,20260917,1,20260918,1,20260919,1,20260920,1,20260921,1,20260922,1,20260923,1,20260924,1,20260925,1,20260926,1,20260927,1,20260928,1,20260929,1,20260930,1,20261001,1,20261002,1,20261003,1,20261004,1
'1034328',20260915,1,20260916,1,20260917,1,20260918,1,20260919,1,20260920,1,20260921,1,20260922,1,20260923,1,20260924,1,20260925,1,20260926,1,20260927,1,20260928,1,20260929,1,20260930,1,20261001,1,20261002,1,20261003,1,20261004,1,20261005,1,20261006,1,20261007,1,20261008,1,20261009,1,20261010,1,20261011,1,20261012,1
'1034329',20260915,1,20260916,1,20260917,1,20260918,1,20260919,1,20260920,1,20260921,1,20260922,1,20260923,1,20260924,1,20260925,1,20260926,1,20260927,1,20260928,1,20260929,1,20260930,1,20261001,1,20261002,1,20261003,1,20261004,1,20261005,1,20261006,1,20261007,1,20261008,1,20261009,1,20261010,1,20261011,1,20261012,1
'1034331',20260915,1,20260916,1,20260917,1,20260918,1,20260919,1,20260920,1,20260921,1,20260922,1,20260923,1,20260924,1,20260925,1,20260926,1,20260927,1,20260928,1,20260929,1,20260930,1,20261001,1,20261002,1,20261003,1,20261004,1,20261005,1,20261006,1,20261007,1,20261008,1,20261009,1,20261010,1,20261011,1,20261012,1
'1034332',20260915,1,20260916,1,20260917,1,20260918,1,20260919,1,20260920,1,20260921,1,20260922,1,20260923,1,20260924,1,20260925,1,20260926,1,20260927,1,20260928,1,20260929,1,20260930,1,20261001,1,20261002,1,20261003,1,20261004,1,20261005,1,20261006,1,20261007,1,20261008,1,20261009,1,20261010,1,20261011,1,20261012,1
'1034333',20260915,1,20260916,1,20260917,1,20260918,1,20260919,1,20260920,1,20260921,1,20260922,1,20260923,1,20260924,1,20260925,1,20260926,1,20260927,1,20260928,1,20260929,1,20260930,1,20261001,1,20261002,1,20261003,1,20261004,1,20261005,1,20261006,1,20261007,1,20261008,1,20261009,1,20261010,1,20261011,1,20261012,1
'1034334',20260915,1,20260916,1,20260917,1,20260918,1,20260919,1,20260920,1,20260921,1,20260922,1,20260923,1,20260924,1,20260925,1,20260926,1,20260927,1,20260928,1,20260929,1,20260930,1,20261001,1,20261002,1,20261003,1,20261004,1,20261005,1,20261006,1,20261007,1,20261008,1,20261009,1,20261010,1,20261011,1,20261012,1
'1034336',20260915,1,20260916,1,20260917,1,20260918,1,20260919,1,20260920,1,20260921,1,20260922,1,20260923,1,20260924,1,20260925,1,20260926,1,20260927,1,20260928,1,20260929,1,20260930,1,20261001,1,20261002,1,20261003,1,20261004,1,20261005,1,20261006,1,20261007,1,20261008,1,20261009,1,20261010,1,20261011,1,20261012,1
'1034337',20260915,1,20260916,1,20260917,1,20260918,1,20260919,1,20260920,1,20260921,1,20260922,1,20260923,1,20260924,1,20260925,1,20260926,1,20260927,1,20260928,1,20260929,1,20260930,1,20261001,1,20261002,1,20261003,1,20261004,1,20261005,1,20261006,1,20261007,1,20261008,1,20261009,1,20261010,1,20261011,1,20261012,1
'1034338',20260915,1,20260916,1,20260917,1,20260918,1,20260919,1,20260920,1,20260921,1,20260922,1,20260923,1,20260924,1,20260925,1,20260926,1,20260927,1,20260928,1,20260929,1,20260930,1,20261001,1,20261002,1,20261003,1,20261004,1,20261005,1,20261006,1,20261007,1,20261008,1,20261009,1,20261010,1,20261011,1,20261012,1
'1034340',20260915,1,20260916,1,20260917,1,20260918,1,20260919,1,20260920,1,20260921,1,20260922,1,20260923,1,20260924,1,20260925,1,20260926,1,20260927,1,20260928,1,20260929,1,20260930,1,20261001,1,20261002,1,20261003,1,20261004,1,20261005,1,20261006,1,20261007,1,20261008,1,20261009,1,20261010,1,20261011,1,20261012,1
'1034341',20260915,1,20260916,1,20260917,1,20260918,1,20260919,1,20260920,1,20260921,1,20260922,1,20260923,1,20260924,1,20260925,1,20260926,1,20260927,1,20260928,1,20260929,1,20260930,1,20261001,1,20261002,1,20261003,1,20261004,1,20261005,1,20261006,1,20261007,1,20261008,1,20261009,1,20261010,1,20261011,1,20261012,1
'1034342',20260915,1,20260916,1,20260917,1,20260918,1,20260919,1,20260920,1,20260921,1,20260922,1,20260923,1,20260924,1,20260925,1,20260926,1,20260927,1,20260928,1,20260929,1,20260930,1,20261001,1,20261002,1,20261003,1,20261004,1,20261005,1,20261006,1,20261007,1,20261008,1,20261009,1,20261010,1,20261011,1,20261012,1
'1034343',20260915,1,20260916,1,20260917,1,20260918,1,20260919,1,20260920,1,20260921,1,20260922,1,20260923,1,20260924,1,20260925,1,20260926,1,20260927,1,20260928,1,20260929,1,20260930,1,20261001,1,20261002,1,20261003,1,20261004,1
'1034344',20260915,1,20260916,1,20260917,1,20260918,1,20260919,1,20260920,1,20260921,1,20260922,1,20260923,1,20260924,1,20260925,1,20260926,1,20260927,1,20260928,1,20260929,1,20260930,1,20261001,1,20261002,1,20261003,1,20261004,1,20261005,1,20261006,1,20261007,1,20261008,1,20261009,1,20261010,1,20261011,1,20261012,1
'1034345',20260915,1,20260916,1,20260917,1,20260918,1,20260919,1,20260920,1,20260921,1,20260922,1,20260923,1,20260924,1,20260925,1,20260926,1,20260927,1,20260928,1,20260929,1,20260930,1,20261001,1,20261002,1,20261003,1,20261004,1,20261005,1,20261006,1,20261007,1,20261008,1,20261009,1,20261010,1,20261011,1,20261012,1
'1034346',20260915,1,20260916,1,20260917,1,20260918,1,20260919,1,20260920,1,20260921,1,20260922,1,20260923,1,20260924,1,20260925,1,20260926,1,20260927,1,20260928,1,20260929,1,20260930,1,20261001,1,20261002,1,20261003,1,20261004,1,20261005,1,20261006,1,20261007,1,20261008,1,20261009,1,20261010,1,20261011,1,20261012,1
'1034350',20260915,1,20260916,1,20260917,1,20260918,1,20260919,1,20260920,1,20260921,1,20260922,1,20260923,1,20260924,1,20260925,1,20260926,1,20260927,1,20260928,1,20260929,1,20260930,1,20261001,1,20261002,1,20261003,1,20261004,1,20261005,1,20261006,1,20261007,1,20261008,1,20261009,1,20261010,1,20261011,1,20261012,1
'1034352',20260915,1,20260916,1,20260917,1,20260918,1,20260919,1,20260920,1,20260921,1,20260922,1,20260923,1,20260924,1,20260925,1,20260926,1,20260927,1,20260928,1,20260929,1,20260930,1,20261001,1,20261002,1,20261003,1,20261004,1,20261005,1,20261006,1,20261007,1,20261008,1,20261009,1,20261010,1,20261011,1,20261012,1
'1034353',20260915,1,20260916,1,20260917,1,20260918,1,20260919,1,20260920,1,20260921,1,20260922,1,20260923,1,20260924,1,20260925,1,20260926,1,20260927,1,20260928,1,20260929,1,20260930,1,20261001,1,20261002,1,20261003,1,20261004,1,20261005,1,20261006,1,20261007,1,20261008,1,20261009,1,20261010,1,20261011,1,20261012,1
'1034355',20260915,1,20260916,1,20260917,1,20260918,1,20260919,1,20260920,1,20260921,1,20260922,1,20260923,1,20260924,1,20260925,1,20260926,1,20260927,1,20260928,1,20260929,1,20260930,1,20261001,1,20261002,1,20261003,1,20261004,1
'1034356',20260915,1,20260916,1,20260917,1,20260918,1,20260919,1,20260920,1,20260921,1,20260922,1,20260923,1,20260924,1,20260925,1,20260926,1,20260927,1,20260928,1,20260929,1,20260930,1,20261001,1,20261002,1,20261003,1,20261004,1,20261005,1,20261006,1,20261007,1,20261008,1,20261009,1,20261010,1,20261011,1,20261012,1
'1034357',20260915,1,20260916,1,20260917,1,20260918,1,20260919,1,20260920,1,20260921,1,20260922,1,20260923,1,20260924,1,20260925,1,20260926,1,20260927,1,20260928,1,20260929,1,20260930,1,20261001,1,20261002,1,20261003,1,20261004,1
'1034358',20260915,1,20260916,1,20260917,1,20260918,1,20260919,1,20260920,1,20260921,1,20260922,1,20260923,1,20260924,1,20260925,1,20260926,1,20260927,1,20260928,1,20260929,1,20260930,1,20261001,1,20261002,1,20261003,1,20261004,1,20261005,1,20261006,1,20261007,1,20261008,1,20261009,1,20261010,1,20261011,1,20261012,1
'1034359',20260915,1,20260916,1,20260917,1,20260918,1,20260919,1,20260920,1,20260921,1,20260922,1,20260923,1,20260924,1,20260925,1,20260926,1,20260927,1,20260928,1,20260929,1,20260930,1,20261001,1,20261002,1,20261003,1,20261004,1,20261005,1,20261006,1,20261007,1,20261008,1,20261009,1,20261010,1,20261011,1,20261012,1
'1034360',20260915,1,20260916,1,20260917,1,20260918,1,20260919,1,20260920,1,20260921,1,20260922,1,20260923,1,20260924,1,20260925,1,20260926,1,20260927,1,20260928,1,20260929,1,20260930,1,20261001,1,20261002,1,20261003,1,20261004,1,20261005,1,20261006,1,20261007,1,20261008,1,20261009,1,20261010,1,20261011,1,20261012,1
'1034361',20260915,1,20260916,1,20260917,1,20260918,1,20260919,1,20260920,1,20260921,1,20260922,1,20260923,1,20260924,1,20260925,1,20260926,1,20260927,1,20260928,1,20260929,1,20260930,1,20261001,1,20261002,1,20261003,1,20261004,1
'1034362',20260915,1,20260916,1,20260917,1,20260918,1,20260919,1,20260920,1,20260921,1,20260922,1,20260923,1,20260924,1,20260925,1,20260926,1,20260927,1,20260928,1,20260929,1,20260930,1,20261001,1,20261002,1,20261003,1,20261004,1,20261005,1,20261006,1,20261007,1,20261008,1,20261009,1,20261010,1,20261011,1,20261012,1
'1034363',20260915,1,20260916,1,20260917,1,20260918,1,20260919,1,20260920,1,20260921,1,20260922,1,20260923,1,20260924,1,20260925,1,20260926,1,20260927,1,20260928,1,20260929,1,20260930,1,20261001,1,20261002,1,20261003,1,20261004,1,20261005,1,20261006,1,20261007,1,20261008,1,20261009,1,20261010,1,20261011,1,20261012,1
'1034364',20260915,1,20260916,1,20260917,1,20260918,1,20260919,1,20260920,1,20260921,1,20260922,1,20260923,1,20260924,1,20260925,1,20260926,1,20260927,1,20260928,1,20260929,1,20260930,1,20261001,1,20261002,1,20261003,1,20261004,1,20261005,1,20261006,1,20261007,1,20261008,1,20261009,1,20261010,1,20261011,1,20261012,1
'1034365',20260915,1,20260916,1,20260917,1,20260918,1,20260919,1,20260920,1,20260921,1,20260922,1,20260923,1,20260924,1,20260925,1,20260926,1,20260927,1,20260928,1,20260929,1,20260930,1,20261001,1,20261002,1,20261003,1,20261004,1,20261005,1,20261006,1,20261007,1,20261008,1,20261009,1,20261010,1,20261011,1,20261012,1
'1034366',20260915,1,20260916,1,20260917,1,20260918,1,20260919,1,20260920,1,20260921,1,20260922,1,20260923,1,20260924,1,20260925,1,20260926,1,20260927,1,20260928,1,20260929,1,20260930,1,20261001,1,20261002,1,20261003,1,20261004,1,20261005,1,20261006,1,20261007,1,20261008,1,20261009,1,20261010,1,20261011,1,20261012,1
'1034367',20260915,1,20260916,1,20260917,1,20260918,1,20260919,1,20260920,1,20260921,1,20260922,1,20260923,1,20260924,1,20260925,1,20260926,1,20260927,1,20260928,1,20260929,1,20260930,1,20261001,1,20261002,1,20261003,1,20261004,1,20261005,1,20261006,1,20261007,1,20261008,1,20261009,1,20261010,1,20261011,1,20261012,1
'1034368',20260915,1,20260916,1,20260917,1,20260918,1,20260919,1,20260920,1,20260921,1,20260922,1,20260923,1,20260924,1,20260925,1,20260926,1,20260927,1,20260928,1,20260929,1,20260930,1,20261001,1,20261002,1,20261003,1,20261004,1,20261005,1,20261006,1,20261007,1,20261008,1,20261009,1,20261010,1,20261011,1,20261012,1
'1034369',20260915,1,20260916,1,20260917,1,20260918,1,20260919,1,20260920,1,20260921,1,20260922,1,20260923,1,20260924,1,20260925,1,20260926,1,20260927,1,20260928,1,20260929,1,20260930,1,20261001,1,20261002,1,20261003,1,20261004,1
'1034371',20260915,1,20260916,1,20260917,1,20260918,1,20260919,1,20260920,1,20260921,1,20260922,1,20260923,1,20260924,1,20260925,1,20260926,1,20260927,1,20260928,1,20260929,1,20260930,1,20261001,1,20261002,1,20261003,1,20261004,1,20261005,1,20261006,1,20261007,1,20261008,1,20261009,1,20261010,1,20261011,1,20261012,1
'1034373',20260915,1,20260916,1,20260917,1,20260918,1,20260919,1,20260920,1,20260921,1,20260922,1,20260923,1,20260924,1,20260925,1,20260926,1,20260927,1,20260928,1,20260929,1,20260930,1,20261001,1,20261002,1,20261003,1,20261004,1
'1034374',20260915,1,20260916,1,20260917,1,20260918,1,20260919,1,20260920,1,20260921,1,20260922,1,20260923,1,20260924,1,20260925,1,20260926,1,20260927,1,20260928,1,20260929,1,20260930,1,20261001,1,20261002,1,20261003,1,20261004,1
'1034375',20260915,1,20260916,1,20260917,1,20260918,1,20260919,1,20260920,1,20260921,1,20260922,1,20260923,1,20260924,1,20260925,1,20260926,1,20260927,1,20260928,1,20260929,1,20260930,1,20261001,1,20261002,1,20261003,1,20261004,1,20261005,1,20261006,1,20261007,1,20261008,1,20261009,1,20261010,1,20261011,1,20261012,1
'1034377',20260915,1,20260916,1,20260917,1,20260918,1,20260919,1,20260920,1,20260921,1,20260922,1,20260923,1,20260924,1,20260925,1,20260926,1,20260927,1,20260928,1,20260929,1,20260930,1,20261001,1,20261002,1,20261003,1,20261004,1,20261005,1,20261006,1,20261007,1,20261008,1,20261009,1,20261010,1,20261011,1,20261012,1
'1034378',20260915,1,20260916,1,20260917,1,20260918,1,20260919,1,20260920,1,20260921,1,20260922,1,20260923,1,20260924,1,20260925,1,20260926,1,20260927,1,20260928,1,20260929,1,20260930,1,20261001,1,20261002,1,20261003,1,20261004,1,20261005,1,20261006,1,20261007,1,20261008,1,20261009,1,20261010,1,20261011,1,20261012,1
'1034379',20260915,1,20260916,1,20260917,1,20260918,1,20260919,1,20260920,1,20260921,1,20260922,1,20260923,1,20260924,1,20260925,1,20260926,1,20260927,1,20260928,1,20260929,1,20260930,1,20261001,1,20261002,1,20261003,1,20261004,1,20261005,1,20261006,1,20261007,1,20261008,1,20261009,1,20261010,1,20261011,1,20261012,1
'1034381',20260915,1,20260916,1,20260917,1,20260918,1,20260919,1,20260920,1,20260921,1,20260922,1,20260923,1,20260924,1,20260925,1,20260926,1,20260927,1,20260928,1,20260929,1,20260930,1,20261001,1,20261002,1,20261003,1,20261004,1
'1034382',20260915,1,20260916,1,20260917,1,20260918,1,20260919,1,20260920,1,20260921,1,20260922,1,20260923,1,20260924,1,20260925,1,20260926,1,20260927,1,20260928,1,20260929,1,20260930,1,20261001,1,20261002,1,20261003,1,20261004,1
'1034383',20260915,1,20260916,1,20260917,1,20260918,1,20260919,1,20260920,1,20260921,1,20260922,1,20260923,1,20260924,1,20260925,1,20260926,1,20260927,1,20260928,1,20260929,1,20260930,1,20261001,1,20261002,1,20261003,1,20261004,1,20261005,1,20261006,1,20261007,1,20261008,1,20261009,1,20261010,1,20261011,1,20261012,1
'1034384',20260915,1,20260916,1,20260917,1,20260918,1,20260919,1,20260920,1,20260921,1,20260922,1,20260923,1,20260924,1,20260925,1,20260926,1,20260927,1,20260928,1,20260929,1,20260930,1,20261001,1,20261002,1,20261003,1,20261004,1,20261005,1,20261006,1,20261007,1,20261008,1,20261009,1,20261010,1,20261011,1,20261012,1
'1034385',20260915,1,20260916,1,20260917,1,20260918,1,20260919,1,20260920,1,20260921,1,20260922,1,20260923,1,20260924,1,20260925,1,20260926,1,20260927,1,20260928,1,20260929,1,20260930,1,20261001,1,20261002,1,20261003,1,20261004,1,20261005,1,20261006,1,20261007,1,20261008,1,20261009,1,20261010,1,20261011,1,20261012,1
'1034386',20260915,1,20260916,1,20260917,1,20260918,1,20260919,1,20260920,1,20260921,1,20260922,1,20260923,1,20260924,1,20260925,1,20260926,1,20260927,1,20260928,1,20260929,1,20260930,1,20261001,1,20261002,1,20261003,1,20261004,1
'1034387',20260915,1,20260916,1,20260917,1,20260918,1,20260919,1,20260920,1,20260921,1,20260922,1,20260923,1,20260924,1,20260925,1,20260926,1,20260927,1,20260928,1,20260929,1,20260930,1,20261001,1,20261002,1,20261003,1,20261004,1,20261005,1,20261006,1,20261007,1,20261008,1,20261009,1,20261010,1,20261011,1,20261012,1
'1034388',20260915,1,20260916,1,20260917,1,20260918,1,20260919,1,20260920,1,20260921,1,20260922,1,20260923,1,20260924,1,20260925,1,20260926,1,20260927,1,20260928,1,20260929,1,20260930,1,20261001,1,20261002,1,20261003,1,20261004,1,20261005,1,20261006,1,20261007,1,20261008,1,20261009,1,20261010,1,20261011,1,20261012,1
'1034389',20260915,1,20260916,1,20260917,1,20260918,1,20260919,1,20260920,1,20260921,1,20260922,1,20260923,1,20260924,1,20260925,1,20260926,1,20260927,1,20260928,1,20260929,1,20260930,1,20261001,1,20261002,1,20261003,1,20261004,1
'1034390',20260915,1,20260916,1,20260917,1,20260918,1,20260919,1,20260920,1,20260921,1,20260922,1,20260923,1,20260924,1,20260925,1,20260926,1,20260927,1,20260928,1,20260929,1,20260930,1,20261001,1,20261002,1,20261003,1,20261004,1,20261005,1,20261006,1,20261007,1,20261008,1,20261009,1,20261010,1,20261011,1,20261012,1
'1034391',20260915,1,20260916,1,20260917,1,20260918,1,20260919,1,20260920,1,20260921,1,20260922,1,20260923,1,20260924,1,20260925,1,20260926,1,20260927,1,20260928,1,20260929,1,20260930,1,20261001,1,20261002,1,20261003,1,20261004,1,20261005,1,20261006,1,20261007,1,20261008,1,20261009,1,20261010,1,20261011,1,20261012,1
'1034392',20260915,1,20260916,1,20260917,1,20260918,1,20260919,1,20260920,1,20260921,1,20260922,1,20260923,1,20260924,1,20260925,1,20260926,1,20260927,1,20260928,1,20260929,1,20260930,1,20261001,1,20261002,1,20261003,1,20261004,1,20261005,1,20261006,1,20261007,1,20261008,1,20261009,1,20261010,1,20261011,1,20261012,1
'1034394',20260915,1,20260916,1,20260917,1,20260918,1,20260919,1,20260920,1,20260921,1,20260922,1,20260923,1,20260924,1,20260925,1,20260926,1,20260927,1,20260928,1,20260929,1,20260930,1,20261001,1,20261002,1,20261003,1,20261004,1,20261005,1,20261006,1,20261007,1,20261008,1,20261009,1,20261010,1,20261011,1,20261012,1
'1034395',20260915,1,20260916,1,20260917,1,20260918,1,20260919,1,20260920,1,20260921,1,20260922,1,20260923,1,20260924,1,20260925,1,20260926,1,20260927,1,20260928,1,20260929,1,20260930,1,20261001,1,20261002,1,20261003,1,20261004,1
'1034396',20260915,1,20260916,1,20260917,1,20260918,1,20260919,1,20260920,1,20260921,1,20260922,1,20260923,1,20260924,1,20260925,1,20260926,1,20260927,1,20260928,1,20260929,1,20260930,1,20261001,1,20261002,1,20261003,1,20261004,1,20261005,1,20261006,1,20261007,1,20261008,1,20261009,1,20261010,1,20261011,1,20261012,1
'1034398',20260915,1,20260916,1,20260917,1,20260918,1,20260919,1,20260920,1,20260921,1,20260922,1,20260923,1,20260924,1,20260925,1,20260926,1,20260927,1,20260928,1,20260929,1,20260930,1,20261001,1,20261002,1,20261003,1,20261004,1,20261005,1,20261006,1,20261007,1,20261008,1,20261009,1,20261010,1,20261011,1,20261012,1
'1034399',20260915,1,20260916,1,20260917,1,20260918,1,20260919,1,20260920,1,20260921,1,20260922,1,20260923,1,20260924,1,20260925,1,20260926,1,20260927,1,20260928,1,20260929,1,20260930,1,20261001,1,20261002,1,20261003,1,20261004,1,20261005,1,20261006,1,20261007,1,20261008,1,20261009,1,20261010,1,20261011,1,20261012,1
'1034400',20260915,1,20260916,1,20260917,1,20260918,1,20260919,1,20260920,1,20260921,1,20260922,1,20260923,1,20260924,1,20260925,1,20260926,1,20260927,1,20260928,1,20260929,1,20260930,1,20261001,1,20261002,1,20261003,1,20261004,1
'1034401',20260915,1,20260916,1,20260917,1,20260918,1,20260919,1,20260920,1,20260921,1,20260922,1,20260923,1,20260924,1,20260925,1,20260926,1,20260927,1,20260928,1,20260929,1,20260930,1,20261001,1,20261002,1,20261003,1,20261004,1,20261005,1,20261006,1,20261007,1,20261008,1,20261009,1,20261010,1,20261011,1,20261012,1
'1034402',20260915,1,20260916,1,20260917,1,20260918,1,20260919,1,20260920,1,20260921,1,20260922,1,20260923,1,20260924,1,20260925,1,20260926,1,20260927,1,20260928,1,20260929,1,20260930,1,20261001,1,20261002,1,20261003,1,20261004,1,20261005,1,20261006,1,20261007,1,20261008,1,20261009,1,20261010,1,20261011,1,20261012,1
'1034403',20260915,1,20260916,1,20260917,1,20260918,1,20260919,1,20260920,1,20260921,1,20260922,1,20260923,1,20260924,1,20260925,1,20260926,1,20260927,1,20260928,1,20260929,1,20260930,1,20261001,1,20261002,1,20261003,1,20261004,1,20261005,1,20261006,1,20261007,1,20261008,1,20261009,1,20261010,1,20261011,1,20261012,1
'1034404',20260915,1,20260916,1,20260917,1,20260918,1,20260919,1,20260920,1,20260921,1,20260922,1,20260923,1,20260924,1,20260925,1,20260926,1,20260927,1,20260928,1,20260929,1,20260930,1,20261001,1,20261002,1,20261003,1,20261004,1,20261005,1,20261006,1,20261007,1,20261008,1,20261009,1,20261010,1,20261011,1,20261012,1
'1034405',20260915,1,20260916,1,20260917,1,20260918,1,20260919,1,20260920,1,20260921,1,20260922,1,20260923,1,20260924,1,20260925,1,20260926,1,20260927,1,20260928,1,20260929,1,20260930,1,20261001,1,20261002,1,20261003,1,20261004,1,20261005,1,20261006,1,20261007,1,20261008,1,20261009,1,20261010,1,20261011,1,20261012,1
'1034406',20260915,1,20260916,1,20260917,1,20260918,1,20260919,1,20260920,1,20260921,1,20260922,1,20260923,1,20260924,1,20260925,1,20260926,1,20260927,1
'1034408',20260915,1,20260916,1,20260917,1,20260918,1,20260919,1,20260920,1,20260921,1,20260922,1,20260923,1,20260924,1,20260925,1,20260926,1,20260927,1
'1034409',20260915,1,20260916,1,20260917,1,20260918,1,20260919,1,20260920,1,20260921,1,20260922,1,20260923,1,20260924,1,20260925,1,20260926,1,20260927,1,20260928,1,20260929,1,20260930,1,20261001,1,20261002,1,20261003,1,20261004,1,20261005,1,20261006,1,20261007,1,20261008,1,20261009,1,20261010,1,20261011,1,20261012,1
'1034410',20260915,1,20260916,1,20260917,1,20260918,1,20260919,1,20260920,1,20260921,1,20260922,1,20260923,1,20260924,1,20260925,1,20260926,1,20260927,1,20260928,1,20260929,1,20260930,1,20261001,1,20261002,1,20261003,1,20261004,1,20261005,1,20261006,1,20261007,1,20261008,1,20261009,1,20261010,1,20261011,1,20261012,1
'1034411',20260915,1,20260916,1,20260917,1,20260918,1,20260919,1,20260920,1,20260921,1,20260922,1,20260923,1,20260924,1,20260925,1,20260926,1,20260927,1
'1034412',20260915,1,20260916,1,20260917,1,20260918,1,20260919,1,20260920,1,20260921,1,20260922,1,20260923,1,20260924,1,20260925,1,20260926,1,20260927,1,20260928,1,20260929,1,20260930,1,20261001,1,20261002,1,20261003,1,20261004,1,20261005,1,20261006,1,20261007,1,20261008,1,20261009,1,20261010,1,20261011,1,20261012,1
'1034413',20260915,1,20260916,1,20260917,1,20260918,1,20260919,1,20260920,1,20260921,1,20260922,1,20260923,1,20260924,1,20260925,1,20260926,1,20260927,1,20260928,1,20260929,1,20260930,1,20261001,1,20261002,1,20261003,1,20261004,1,20261005,1,20261006,1,20261007,1,20261008,1,20261009,1,20261010,1,20261011,1,20261012,1
'1034414',20260915,1,20260916,1,20260917,1,20260918,1,20260919,1,20260920,1,20260921,1,20260922,1,20260923,1,20260924,1,20260925,1,20260926,1,20260927,1,20260928,1,20260929,1,20260930,1,20261001,1,20261002,1,20261003,1,20261004,1
'1034415',20260915,1,20260916,1,20260917,1,20260918,1,20260919,1,20260920,1,20260921,1,20260922,1,20260923,1,20260924,1,20260925,1,20260926,1,20260927,1,20260928,1,20260929,1,20260930,1,20261001,1,20261002,1,20261003,1,20261004,1,20261005,1,20261006,1,20261007,1,20261008,1,20261009,1,20261010,1,20261011,1,20261012,1
'1034416',20260915,1,20260916,1,20260917,1,20260918,1,20260919,1,20260920,1,20260921,1,20260922,1,20260923,1,20260924,1,20260925,1,20260926,1,20260927,1,20260928,1,20260929,1,20260930,1,20261001,1,20261002,1,20261003,1,20261004,1,20261005,1,20261006,1,20261007,1,20261008,1,20261009,1,20261010,1,20261011,1,20261012,1
'1034417',20260915,1,20260916,1,20260917,1,20260918,1,20260919,1,20260920,1,20260921,1,20260922,1,20260923,1,20260924,1,20260925,1,20260926,1,20260927,1,20260928,1,20260929,1,20260930,1,20261001,1,20261002,1,20261003,1,20261004,1,20261005,1,20261006,1,20261007,1,20261008,1,20261009,1,20261010,1,20261011,1,20261012,1
'1034418',20260915,1,20260916,1,20260917,1,20260918,1,20260919,1,20260920,1,20260921,1,20260922,1,20260923,1,20260924,1,20260925,1,20260926,1,20260927,1,20260928,1,20260929,1,20260930,1,20261001,1,20261002,1,20261003,1,20261004,1,20261005,1,20261006,1,20261007,1,20261008,1,20261009,1,20261010,1,20261011,1,20261012,1
'1034419',20260915,1,20260916,1,20260917,1,20260918,1,20260919,1,20260920,1,20260921,1,20260922,1,20260923,1,20260924,1,20260925,1,20260926,1,20260927,1,20260928,1,20260929,1,20260930,1,20261001,1,20261002,1,20261003,1,20261004,1,20261005,1,20261006,1,20261007,1,20261008,1,20261009,1,20261010,1,20261011,1,20261012,1
'1034420',20260915,1,20260916,1,20260917,1,20260918,1,20260919,1,20260920,1,20260921,1,20260922,1,20260923,1,20260924,1,20260925,1,20260926,1,20260927,1,20260928,1,20260929,1,20260930,1,20261001,1,20261002,1,20261003,1,20261004,1,20261005,1,20261006,1,20261007,1,20261008,1,20261009,1,20261010,1,20261011,1,20261012,1
'1034421',20260915,1,20260916,1,20260917,1,20260918,1,20260919,1,20260920,1,20260921,1,20260922,1,20260923,1,20260924,1,20260925,1,20260926,1,20260927,1,20260928,1,20260929,1,20260930,1,20261001,1,20261002,1,20261003,1,20261004,1,20261005,1,20261006,1,20261007,1,20261008,1,20261009,1,20261010,1,20261011,1,20261012,1
'1034423',20260915,1,20260916,1,20260917,1,20260918,1,20260919,1,20260920,1,20260921,1,20260922,1,20260923,1,20260924,1,20260925,1,20260926,1,20260927,1,20260928,1,20260929,1,20260930,1,20261001,1,20261002,1,20261003,1,20261004,1,20261005,1,20261006,1,20261007,1,20261008,1,20261009,1,20261010,1,20261011,1,20261012,1
'1034425',20260915,1,20260916,1,20260917,1,20260918,1,20260919,1,20260920,1,20260921,1,20260922,1,20260923,1,20260924,1,20260925,1,20260926,1,20260927,1
'1034426',20260915,1,20260916,1,20260917,1,20260918,1,20260919,1,20260920,1,20260921,1,20260922,1,20260923,1,20260924,1,20260925,1,20260926,1,20260927,1,20260928,1,20260929,1,20260930,1,20261001,1,20261002,1,20261003,1,20261004,1,20261005,1,20261006,1,20261007,1,20261008,1,20261009,1,20261010,1,20261011,1,20261012,1
'1034428',20260915,1,20260916,1,20260917,1,20260918,1,20260919,1,20260920,1,20260921,1,20260922,1,20260923,1,20260924,1,20260925,1,20260926,1,20260927,1
'1034430',20260915,1,20260916,1,20260917,1,20260918,1,20260919,1,20260920,1,20260921,1,20260922,1,20260923,1,20260924,1,20260925,1,20260926,1,20260927,1,20260928,1,20260929,1,20260930,1,20261001,1,20261002,1,20261003,1,20261004,1,20261005,1,20261006,1,20261007,1,20261008,1,20261009,1,20261010,1,20261011,1,20261012,1
'1034431',20260915,1,20260916,1,20260917,1,20260918,1,20260919,1,20260920,1,20260921,1,20260922,1,20260923,1,20260924,1,20260925,1,20260926,1,20260927,1,20260928,1,20260929,1,20260930,1,20261001,1,20261002,1,20261003,1,20261004,1,20261005,1,20261006,1,20261007,1,20261008,1,20261009,1,20261010,1,20261011,1,20261012,1
'1034432',20260915,1,20260916,1,20260917,1,20260918,1,20260919,1,20260920,1,20260921,1,20260922,1,20260923,1,20260924,1,20260925,1,20260926,1,20260927,1
'1034433',20260915,1,20260916,1,20260917,1,20260918,1,20260919,1,20260920,1,20260921,1,20260922,1,20260923,1,20260924,1,20260925,1,20260926,1,20260927,1,20260928,1,20260929,1,20260930,1,20261001,1,20261002,1,20261003,1,20261004,1
'1034434',20260915,1,20260916,1,20260917,1,20260918,1,20260919,1,20260920,1,20260921,1,20260922,1,20260923,1,20260924,1,20260925,1,20260926,1,20260927,1,20260928,1,20260929,1,20260930,1,20261001,1,20261002,1,20261003,1,20261004,1,20261005,1,20261006,1,20261007,1,20261008,1,20261009,1,20261010,1,20261011,1,20261012,1
'1034435',20260915,1,20260916,1,20260917,1,20260918,1,20260919,1,20260920,1,20260921,1,20260922,1,20260923,1,20260924,1,20260925,1,20260926,1,20260927,1,20260928,1,20260929,1,20260930,1,20261001,1,20261002,1,20261003,1,20261004,1,20261005,1,20261006,1,20261007,1,20261008,1,20261009,1,20261010,1,20261011,1,20261012,1
'1034436',20260915,1,20260916,1,20260917,1,20260918,1,20260919,1,20260920,1,20260921,1,20260922,1,20260923,1,20260924,1,20260925,1,20260926,1,20260927,1,20260928,1,20260929,1,20260930,1,20261001,1,20261002,1,20261003,1,20261004,1
'1034440',20260915,1,20260916,1,20260917,1,20260918,1,20260919,1,20260920,1,20260921,1,20260922,1,20260923,1,20260924,1,20260925,1,20260926,1,20260927,1,20260928,1,20260929,1,20260930,1,20261001,1,20261002,1,20261003,1,20261004,1,20261005,1,20261006,1,20261007,1,20261008,1,20261009,1,20261010,1,20261011,1,20261012,1
'1034441',20260915,1,20260916,1,20260917,1,20260918,1,20260919,1,20260920,1,20260921,1,20260922,1,20260923,1,20260924,1,20260925,1,20260926,1,20260927,1
'1034442',20260915,1,20260916,1,20260917,1,20260918,1,20260919,1,20260920,1,20260921,1,20260922,1,20260923,1,20260924,1,20260925,1,20260926,1,20260927,1,20260928,1,20260929,1,20260930,1,20261001,1,20261002,1,20261003,1,20261004,1,20261005,1,20261006,1,20261007,1,20261008,1,20261009,1,20261010,1,20261011,1,20261012,1
'1034444',20260915,1,20260916,1,20260917,1,20260918,1,20260919,1,20260920,1,20260921,1,20260922,1,20260923,1,20260924,1,20260925,1,20260926,1,20260927,1,20260928,1,20260929,1,20260930,1,20261001,1,20261002,1,20261003,1,20261004,1,20261005,1,20261006,1,20261007,1,20261008,1,20261009,1,20261010,1,20261011,1,20261012,1
'1034445',20260915,1,20260916,1,20260917,1,20260918,1,20260919,1,20260920,1,20260921,1,20260922,1,20260923,1,20260924,1,20260925,1,20260926,1,20260927,1,20260928,1,20260929,1,20260930,1,20261001,1,20261002,1,20261003,1,20261004,1,20261005,1,20261006,1,20261007,1,20261008,1,20261009,1,20261010,1,20261011,1,20261012,1
'1034446',20260915,1,20260916,1,20260917,1,20260918,1,20260919,1,20260920,1,20260921,1,20260922,1,20260923,1,20260924,1,20260925,1,20260926,1,20260927,1,20260928,1,20260929,1,20260930,1,20261001,1,20261002,1,20261003,1,20261004,1
'1034447',20260915,1,20260916,1,20260917,1,20260918,1,20260919,1,20260920,1,20260921,1,20260922,1,20260923,1,20260924,1,20260925,1,20260926,1,20260927,1,20260928,1,20260929,1,20260930,1,20261001,1,20261002,1,20261003,1,20261004,1,20261005,1,20261006,1,20261007,1,20261008,1,20261009,1,20261010,1,20261011,1,20261012,1
'1034448',20260915,1,20260916,1,20260917,1,20260918,1,20260919,1,20260920,1,20260921,1,20260922,1,20260923,1,20260924,1,20260925,1,20260926,1,20260927,1,20260928,1,20260929,1,20260930,1,20261001,1,20261002,1,20261003,1,20261004,1,20261005,1,20261006,1,20261007,1,20261008,1,20261009,1,20261010,1,20261011,1,20261012,1
'1034450',20260915,1,20260916,1,20260917,1,20260918,1,20260919,1,20260920,1,20260921,1,20260922,1,20260923,1,20260924,1,20260925,1,20260926,1,20260927,1,20260928,1,20260929,1,20260930,1,20261001,1,20261002,1,20261003,1,20261004,1,20261005,1,20261006,1,20261007,1,20261008,1,20261009,1,20261010,1,20261011,1,20261012,1
'1034451',20260915,1,20260916,1,20260917,1,20260918,1,20260919,1,20260920,1,20260921,1,20260922,1,20260923,1,20260924,1,20260925,1,20260926,1,20260927,1,20260928,1,20260929,1,20260930,1,20261001,1,20261002,1,20261003,1,20261004,1
'1034452',20260915,1,20260916,1,20260917,1,20260918,1,20260919,1,20260920,1,20260921,1,20260922,1,20260923,1,20260924,1,20260925,1,20260926,1,20260927,1,20260928,1,20260929,1,20260930,1,20261001,1,20261002,1,20261003,1,20261004,1,20261005,1,20261006,1,20261007,1,20261008,1,20261009,1,20261010,1,20261011,1,20261012,1
'1034453',20260915,1,20260916,1,20260917,1,20260918,1,20260919,1,20260920,1,20260921,1,20260922,1,20260923,1,20260924,1,20260925,1,20260926,1,20260927,1,20260928,1,20260929,1,20260930,1,20261001,1,20261002,1,20261003,1,20261004,1
'1034454',20260915,1,20260916,1,20260917,1,20260918,1,20260919,1,20260920,1,20260921,1,20260922,1,20260923,1,20260924,1,20260925,1,20260926,1,20260927,1
'1034455',20260915,1,20260916,1,20260917,1,20260918,1,20260919,1,20260920,1,20260921,1,20260922,1,20260923,1,20260924,1,20260925,1,20260926,1,20260927,1,20260928,1,20260929,1,20260930,1,20261001,1,20261002,1,20261003,1,20261004,1,20261005,1,20261006,1,20261007,1,20261008,1,20261009,1,20261010,1,20261011,1,20261012,1
'1034456',20260915,1,20260916,1,20260917,1,20260918,1,20260919,1,20260920,1,20260921,1,20260922,1,20260923,1,20260924,1,20260925,1,20260926,1,20260927,1,20260928,1,20260929,1,20260930,1,20261001,1,20261002,1,20261003,1,20261004,1,20261005,1,20261006,1,20261007,1,20261008,1,20261009,1,20261010,1,20261011,1,20261012,1
'1034457',20260915,1,20260916,1,20260917,1,20260918,1,20260919,1,20260920,1,20260921,1,20260922,1,20260923,1,20260924,1,20260925,1,20260926,1,20260927,1,20260928,1,20260929,1,20260930,1,20261001,1,20261002,1,20261003,1,20261004,1,20261005,1,20261006,1,20261007,1,20261008,1,20261009,1,20261010,1,20261011,1,20261012,1
'1034459',20260915,1,20260916,1,20260917,1,20260918,1,20260919,1,20260920,1,20260921,1,20260922,1,20260923,1,20260924,1,20260925,1,20260926,1,20260927,1,20260928,1,20260929,1,20260930,1,20261001,1,20261002,1,20261003,1,20261004,1,20261005,1,20261006,1,20261007,1,20261008,1,20261009,1,20261010,1,20261011,1,20261012,1
'1034461',20260915,1,20260916,1,20260917,1,20260918,1,20260919,1,20260920,1,20260921,1,20260922,1,20260923,1,20260924,1,20260925,1,20260926,1,20260927,1,20260928,1,20260929,1,20260930,1,20261001,1,20261002,1,20261003,1,20261004,1
'1034462',20260915,1,20260916,1,20260917,1,20260918,1,20260919,1,20260920,1,20260921,1,20260922,1,20260923,1,20260924,1,20260925,1,20260926,1,20260927,1,20260928,1,20260929,1,20260930,1,20261001,1,20261002,1,20261003,1,20261004,1,20261005,1,20261006,1,20261007,1,20261008,1,20261009,1,20261010,1,20261011,1,20261012,1
'1034463',20260915,1,20260916,1,20260917,1,20260918,1,20260919,1,20260920,1,20260921,1,20260922,1,20260923,1,20260924,1,20260925,1,20260926,1,20260927,1,20260928,1,20260929,1,20260930,1,20261001,1,20261002,1,20261003,1,20261004,1,20261005,1,20261006,1,20261007,1,20261008,1,20261009,1,20261010,1,20261011,1,20261012,1
'1034464',20260915,1,20260916,1,20260917,1,20260918,1,20260919,1,20260920,1,20260921,1,20260922,1,20260923,1,20260924,1,20260925,1,20260926,1,20260927,1,20260928,1,20260929,1,20260930,1,20261001,1,20261002,1,20261003,1,20261004,1,20261005,1,20261006,1,20261007,1,20261008,1,20261009,1,20261010,1,20261011,1,20261012,1
'1034465',20260915,1,20260916,1,20260917,1,20260918,1,20260919,1,20260920,1,20260921,1,20260922,1,20260923,1,20260924,1,20260925,1,20260926,1,20260927,1,20260928,1,20260929,1,20260930,1,20261001,1,20261002,1,20261003,1,20261004,1,20261005,1,20261006,1,20261007,1,20261008,1,20261009,1,20261010,1,20261011,1,20261012,1
'1034469',20260915,1,20260916,1,20260917,1,20260918,1,20260919,1,20260920,1,20260921,1,20260922,1,20260923,1,20260924,1,20260925,1,20260926,1,20260927,1,20260928,1,20260929,1,20260930,1,20261001,1,20261002,1,20261003,1,20261004,1,20261005,1,20261006,1,20261007,1,20261008,1,20261009,1,20261010,1,20261011,1,20261012,1
'1034470',20260915,1,20260916,1,20260917,1,20260918,1,20260919,1,20260920,1,20260921,1,20260922,1,20260923,1,20260924,1,20260925,1,20260926,1,20260927,1,20260928,1,20260929,1,20260930,1,20261001,1,20261002,1,20261003,1,20261004,1,20261005,1,20261006,1,20261007,1,20261008,1,20261009,1,20261010,1,20261011,1,20261012,1
'1034471',20260915,1,20260916,1,20260917,1,20260918,1,20260919,1,20260920,1,20260921,1,20260922,1,20260923,1,20260924,1,20260925,1,20260926,1,20260927,1,20260928,1,20260929,1,20260930,1,20261001,1,20261002,1,20261003,1,20261004,1,20261005,1,20261006,1,20261007,1,20261008,1,20261009,1,20261010,1,20261011,1,20261012,1
'1034472',20260915,1,20260916,1,20260917,1,20260918,1,20260919,1,20260920,1,20260921,1,20260922,1,20260923,1,20260924,1,20260925,1,20260926,1,20260927,1,20260928,1,20260929,1,20260930,1,20261001,1,20261002,1,20261003,1,20261004,1,20261005,1,20261006,1,20261007,1,20261008,1,20261009,1,20261010,1,20261011,1,20261012,1
'1034474',20260915,1,20260916,1,20260917,1,20260918,1,20260919,1,20260920,1,20260921,1,20260922,1,20260923,1,20260924,1,20260925,1,20260926,1,20260927,1,20260928,1,20260929,1,20260930,1,20261001,1,20261002,1,20261003,1,20261004,1
'1034475',20260915,1,20260916,1,20260917,1,20260918,1,20260919,1,20260920,1,20260921,1,20260922,1,20260923,1,20260924,1,20260925,1,20260926,1,20260927,1,20260928,1,20260929,1,20260930,1,20261001,1,20261002,1,20261003,1,20261004,1,20261005,1,20261006,1,20261007,1,20261008,1,20261009,1,20261010,1,20261011,1,20261012,1
'1034476',20260915,1,20260916,1,20260917,1,20260918,1,20260919,1,20260920,1,20260921,1,20260922,1,20260923,1,20260924,1,20260925,1,20260926,1,20260927,1,20260928,1,20260929,1,20260930,1,20261001,1,20261002,1,20261003,1,20261004,1,20261005,1,20261006,1,20261007,1,20261008,1,20261009,1,20261010,1,20261011,1,20261012,1
'1034477',20260915,1,20260916,1,20260917,1,20260918,1,20260919,1,20260920,1,20260921,1,20260922,1,20260923,1,20260924,1,20260925,1,20260926,1,20260927,1,20260928,1,20260929,1,20260930,1,20261001,1,20261002,1,20261003,1,20261004,1
'1034478',20260915,1,20260916,1,20260917,1,20260918,1,20260919,1,20260920,1,20260921,1,20260922,1,20260923,1,20260924,1,20260925,1,20260926,1,20260927,1,20260928,1,20260929,1,20260930,1,20261001,1,20261002,1,20261003,1,20261004,1,20261005,1,20261006,1,20261007,1,20261008,1,20261009,1,20261010,1,20261011,1,20261012,1
'1034479',20260915,1,20260916,1,20260917,1,20260918,1,20260919,1,20260920,1,20260921,1,20260922,1,20260923,1,20260924,1,20260925,1,20260926,1,20260927,1,20260928,1,20260929,1,20260930,1,20261001,1,20261002,1,20261003,1,20261004,1,20261005,1,20261006,1,20261007,1,20261008,1,20261009,1,20261010,1,20261011,1,20261012,1
'1034480',20260915,1,20260916,1,20260917,1,20260918,1,20260919,1,20260920,1,20260921,1,20260922,1,20260923,1,20260924,1,20260925,1,20260926,1,20260927,1,20260928,1,20260929,1,20260930,1,20261001,1,20261002,1,20261003,1,20261004,1,20261005,1,20261006,1,20261007,1,20261008,1,20261009,1,20261010,1,20261011,1,20261012,1
'1034546',20260915,1,20260916,1,20260917,1,20260918,1,20260919,1,20260920,1,20260921,1,20260922,1,20260923,1,20260924,1,20260925,1,20260926,1,20260927,1,20260928,1,20260929,1,20260930,1,20261001,1,20261002,1,20261003,1,20261004,1,20261005,1,20261006,1,20261007,1,20261008,1,20261009,1,20261010,1,20261011,1,20261012,1
'1034547',20260915,1,20260916,1,20260917,1,20260918,1,20260919,1,20260920,1,20260921,1,20260922,1,20260923,1,20260924,1,20260925,1,20260926,1,20260927,1,20260928,1,20260929,1,20260930,1,20261001,1,20261002,1,20261003,1,20261004,1,20261005,1,20261006,1,20261007,1,20261008,1,20261009,1,20261010,1,20261011,1,20261012,1
'1034548',20260915,1,20260916,1,20260917,1,20260918,1,20260919,1,20260920,1,20260921,1,20260922,1,20260923,1,20260924,1,20260925,1,20260926,1,20260927,1,20260928,1,20260929,1,20260930,1,20261001,1,20261002,1,20261003,1,20261004,1,20261005,1,20261006,1,20261007,1,20261008,1,20261009,1,20261010,1,20261011,1,20261012,1
'1034549',20260915,1,20260916,1,20260917,1,20260918,1,20260919,1,20260920,1,20260921,1,20260922,1,20260923,1,20260924,1,20260925,1,20260926,1,20260927,1,20260928,1,20260929,1,20260930,1,20261001,1,20261002,1,20261003,1,20261004,1,20261005,1,20261006,1,20261007,1,20261008,1,20261009,1,20261010,1,20261011,1,20261012,1
'1034551',20260915,1,20260916,1,20260917,1,20260918,1,20260919,1,20260920,1,20260921,1,20260922,1,20260923,1,20260924,1,20260925,1,20260926,1,20260927,1,20260928,1,20260929,1,20260930,1,20261001,1,20261002,1,20261003,1,20261004,1,20261005,1,20261006,1,20261007,1,20261008,1,20261009,1,20261010,1,20261011,1,20261012,1
'1034552',20260915,1,20260916,1,20260917,1,20260918,1,20260919,1,20260920,1,20260921,1,20260922,1,20260923,1,20260924,1,20260925,1,20260926,1,20260927,1,20260928,1,20260929,1,20260930,1,20261001,1,20261002,1,20261003,1,20261004,1,20261005,1,20261006,1,20261007,1,20261008,1,20261009,1,20261010,1,20261011,1,20261012,1
'1034553',20260915,1,20260916,1,20260917,1,20260918,1,20260919,1,20260920,1,20260921,1,20260922,1,20260923,1,20260924,1,20260925,1,20260926,1,20260927,1,20260928,1,20260929,1,20260930,1,20261001,1,20261002,1,20261003,1,20261004,1,20261005,1,20261006,1,20261007,1,20261008,1,20261009,1,20261010,1,20261011,1,20261012,1
'1034554',20260915,1,20260916,1,20260917,1,20260918,1,20260919,1,20260920,1,20260921,1,20260922,1,20260923,1,20260924,1,20260925,1,20260926,1,20260927,1,20260928,1,20260929,1,20260930,1,20261001,1,20261002,1,20261003,1,20261004,1,20261005,1,20261006,1,20261007,1,20261008,1,20261009,1,20261010,1,20261011,1,20261012,1
'1034555',20260915,1,20260916,1,20260917,1,20260918,1,20260919,1,20260920,1,20260921,1,20260922,1,20260923,1,20260924,1,20260925,1,20260926,1,20260927,1,20260928,1,20260929,1,20260930,1,20261001,1,20261002,1,20261003,1,20261004,1,20261005,1,20261006,1,20261007,1,20261008,1,20261009,1,20261010,1,20261011,1,20261012,1
'1034556',20260915,1,20260916,1,20260917,1,20260918,1,20260919,1,20260920,1,20260921,1,20260922,1,20260923,1,20260924,1,20260925,1,20260926,1,20260927,1,20260928,1,20260929,1,20260930,1,20261001,1,20261002,1,20261003,1,20261004,1,20261005,1,20261006,1,20261007,1,20261008,1,20261009,1,20261010,1,20261011,1,20261012,1
'1034557',20260915,1,20260916,1,20260917,1,20260918,1,20260919,1,20260920,1,20260921,1,20260922,1,20260923,1,20260924,1,20260925,1,20260926,1,20260927,1,20260928,1,20260929,1,20260930,1,20261001,1,20261002,1,20261003,1,20261004,1,20261005,1,20261006,1,20261007,1,20261008,1,20261009,1,20261010,1,20261011,1,20261012,1
'1034558',20260915,1,20260916,1,20260917,1,20260918,1,20260919,1,20260920,1,20260921,1,20260922,1,20260923,1,20260924,1,20260925,1,20260926,1,20260927,1,20260928,1,20260929,1,20260930,1,20261001,1,20261002,1,20261003,1,20261004,1,20261005,1,20261006,1,20261007,1,20261008,1,20261009,1,20261010,1,20261011,1,20261012,1
'1034559',20260915,1,20260916,1,20260917,1,20260918,1,20260919,1,20260920,1,20260921,1,20260922,1,20260923,1,20260924,1,20260925,1,20260926,1,20260927,1,20260928,1,20260929,1,20260930,1,20261001,1,20261002,1,20261003,1,20261004,1,20261005,1,20261006,1,20261007,1,20261008,1,20261009,1,20261010,1,20261011,1,20261012,1
'1034561',20260915,1,20260916,1,20260917,1,20260918,1,20260919,1,20260920,1,20260921,1,20260922,1,20260923,1,20260924,1,20260925,1,20260926,1,20260927,1,20260928,1,20260929,1,20260930,1,20261001,1,20261002,1,20261003,1,20261004,1,20261005,1,20261006,1,20261007,1,20261008,1,20261009,1,20261010,1,20261011,1,20261012,1
'1034562',20260915,1,20260916,1,20260917,1,20260918,1,20260919,1,20260920,1,20260921,1,20260922,1,20260923,1,20260924,1,20260925,1,20260926,1,20260927,1,20260928,1,20260929,1,20260930,1,20261001,1,20261002,1,20261003,1,20261004,1,20261005,1,20261006,1,20261007,1,20261008,1,20261009,1,20261010,1,20261011,1,20261012,1
'1034564',20260915,1,20260916,1,20260917,1,20260918,1,20260919,1,20260920,1,20260921,1,20260922,1,20260923,1,20260924,1,20260925,1,20260926,1,20260927,1,20260928,1,20260929,1,20260930,1,20261001,1,20261002,1,20261003,1,20261004,1,20261005,1,20261006,1,20261007,1,20261008,1,20261009,1,20261010,1,20261011,1,20261012,1
'1034565',20260915,1,20260916,1,20260917,1,20260918,1,20260919,1,20260920,1,20260921,1,20260922,1,20260923,1,20260924,1,20260925,1,20260926,1,20260927,1,20260928,1,20260929,1,20260930,1,20261001,1,20261002,1,20261003,1,20261004,1,20261005,1,20261006,1,20261007,1,20261008,1,20261009,1,20261010,1,20261011,1,20261012,1
'1034569',20260915,1,20260916,1,20260917,1,20260918,1,20260919,1,20260920,1,20260921,1,20260922,1,20260923,1,20260924,1,20260925,1,20260926,1,20260927,1,20260928,1,20260929,1,20260930,1,20261001,1,20261002,1,20261003,1,20261004,1,20261005,1,20261006,1,20261007,1,20261008,1,20261009,1,20261010,1,20261011,1,20261012,1
'1034570',20260915,1,20260916,1,20260917,1,20260918,1,20260919,1,20260920,1,20260921,1,20260922,1,20260923,1,20260924,1,20260925,1,20260926,1,20260927,1,20260928,1,20260929,1,20260930,1,20261001,1,20261002,1,20261003,1,20261004,1,20261005,1,20261006,1,20261007,1,20261008,1,20261009,1,20261010,1,20261011,1,20261012,1
'1034571',20260915,1,20260916,1,20260917,1,20260918,1,20260919,1,20260920,1,20260921,1,20260922,1,20260923,1,20260924,1,20260925,1,20260926,1,20260927,1,20260928,1,20260929,1,20260930,1,20261001,1,20261002,1,20261003,1,20261004,1,20261005,1,20261006,1,20261007,1,20261008,1,20261009,1,20261010,1,20261011,1,20261012,1
'1034572',20260915,1,20260916,1,20260917,1,20260918,1,20260919,1,20260920,1,20260921,1,20260922,1,20260923,1,20260924,1,20260925,1,20260926,1,20260927,1,20260928,1,20260929,1,20260930,1,20261001,1,20261002,1,20261003,1,20261004,1,20261005,1,20261006,1,20261007,1,20261008,1,20261009,1,20261010,1,20261011,1,20261012,1
'1034573',20260915,1,20260916,1,20260917,1,20260918,1,20260919,1,20260920,1,20260921,1,20260922,1,20260923,1,20260924,1,20260925,1,20260926,1,20260927,1,20260928,1,20260929,1,20260930,1,20261001,1,20261002,1,20261003,1,20261004,1,20261005,1,20261006,1,20261007,1,20261008,1,20261009,1,20261010,1,20261011,1,20261012,1
'1034574',20260915,1,20260916,1,20260917,1,20260918,1,20260919,1,20260920,1,20260921,1,20260922,1,20260923,1,20260924,1,20260925,1,20260926,1,20260927,1,20260928,1,20260929,1,20260930,1,20261001,1,20261002,1,20261003,1,20261004,1,20261005,1,20261006,1,20261007,1,20261008,1,20261009,1,20261010,1,20261011,1,20261012,1
'1034575',20260915,1,20260916,1,20260917,1,20260918,1,20260919,1,20260920,1,20260921,1,20260922,1,20260923,1,20260924,1,20260925,1,20260926,1,20260927,1,20260928,1,20260929,1,20260930,1,20261001,1,20261002,1,20261003,1,20261004,1,20261005,1,20261006,1,20261007,1,20261008,1,20261009,1,20261010,1,20261011,1,20261012,1
'1034576',20260915,1,20260916,1,20260917,1,20260918,1,20260919,1,20260920,1,20260921,1,20260922,1,20260923,1,20260924,1,20260925,1,20260926,1,20260927,1,20260928,1,20260929,1,20260930,1,20261001,1,20261002,1,20261003,1,20261004,1,20261005,1,20261006,1,20261007,1,20261008,1,20261009,1,20261010,1,20261011,1,20261012,1
'1034577',20260915,1,20260916,1,20260917,1,20260918,1,20260919,1,20260920,1,20260921,1,20260922,1,20260923,1,20260924,1,20260925,1,20260926,1,20260927,1,20260928,1,20260929,1,20260930,1,20261001,1,20261002,1,20261003,1,20261004,1,20261005,1,20261006,1,20261007,1,20261008,1,20261009,1,20261010,1,20261011,1,20261012,1
'1034578',20260915,1,20260916,1,20260917,1,20260918,1,20260919,1,20260920,1,20260921,1,20260922,1,20260923,1,20260924,1,20260925,1,20260926,1,20260927,1,20260928,1,20260929,1,20260930,1,20261001,1,20261002,1,20261003,1,20261004,1,20261005,1,20261006,1,20261007,1,20261008,1,20261009,1,20261010,1,20261011,1,20261012,1
'1034579',20260915,1,20260916,1,20260917,1,20260918,1,20260919,1,20260920,1,20260921,1,20260922,1,20260923,1,20260924,1,20260925,1,20260926,1,20260927,1,20260928,1,20260929,1,20260930,1,20261001,1,20261002,1,20261003,1,20261004,1,20261005,1,20261006,1,20261007,1,20261008,1,20261009,1,20261010,1,20261011,1,20261012,1
'1034580',20260915,1,20260916,1,20260917,1,20260918,1,20260919,1,20260920,1,20260921,1,20260922,1,20260923,1,20260924,1,20260925,1,20260926,1,20260927,1,20260928,1,20260929,1,20260930,1,20261001,1,20261002,1,20261003,1,20261004,1,20261005,1,20261006,1,20261007,1,20261008,1,20261009,1,20261010,1,20261011,1,20261012,1
'1034581',20260915,1,20260916,1,20260917,1,20260918,1,20260919,1,20260920,1,20260921,1,20260922,1,20260923,1,20260924,1,20260925,1,20260926,1,20260927,1,20260928,1,20260929,1,20260930,1,20261001,1,20261002,1,20261003,1,20261004,1,20261005,1,20261006,1,20261007,1,20261008,1,20261009,1,20261010,1,20261011,1,20261012,1
'1034583',20260915,1,20260916,1,20260917,1,20260918,1,20260919,1,20260920,1,20260921,1,20260922,1,20260923,1,20260924,1,20260925,1,20260926,1,20260927,1,20260928,1,20260929,1,20260930,1,20261001,1,20261002,1,20261003,1,20261004,1,20261005,1,20261006,1,20261007,1,20261008,1,20261009,1,20261010,1,20261011,1,20261012,1
'1034584',20260915,1,20260916,1,20260917,1,20260918,1,20260919,1,20260920,1,20260921,1,20260922,1,20260923,1,20260924,1,20260925,1,20260926,1,20260927,1,20260928,1,20260929,1,20260930,1,20261001,1,20261002,1,20261003,1,20261004,1,20261005,1,20261006,1,20261007,1,20261008,1,20261009,1,20261010,1,20261011,1,20261012,1
'1034585',20260915,1,20260916,1,20260917,1,20260918,1,20260919,1,20260920,1,20260921,1,20260922,1,20260923,1,20260924,1,20260925,1,20260926,1,20260927,1,20260928,1,20260929,1,20260930,1,20261001,1,20261002,1,20261003,1,20261004,1,20261005,1,20261006,1,20261007,1,20261008,1,20261009,1,20261010,1,20261011,1,20261012,1
'1034586',20260915,1,20260916,1,20260917,1,20260918,1,20260919,1,20260920,1,20260921,1,20260922,1,20260923,1,20260924,1,20260925,1,20260926,1,20260927,1,20260928,1,20260929,1,20260930,1,20261001,1,20261002,1,20261003,1,20261004,1,20261005,1,20261006,1,20261007,1,20261008,1,20261009,1,20261010,1,20261011,1,20261012,1
'1034587',20260915,1,20260916,1,20260917,1,20260918,1,20260919,1,20260920,1,20260921,1,20260922,1,20260923,1,20260924,1,20260925,1,20260926,1,20260927,1,20260928,1,20260929,1,20260930,1,20261001,1,20261002,1,20261003,1,20261004,1,20261005,1,20261006,1,20261007,1,20261008,1,20261009,1,20261010,1,20261011,1,20261012,1
'1034589',20260915,1,20260916,1,20260917,1,20260918,1,20260919,1,20260920,1,20260921,1,20260922,1,20260923,1,20260924,1,20260925,1,20260926,1,20260927,1,20260928,1,20260929,1,20260930,1,20261001,1,20261002,1,20261003,1,20261004,1,20261005,1,20261006,1,20261007,1,20261008,1,20261009,1,20261010,1,20261011,1,20261012,1
'1034590',20260915,1,20260916,1,20260917,1,20260918,1,20260919,1,20260920,1,20260921,1,20260922,1,20260923,1,20260924,1,20260925,1,20260926,1,20260927,1,20260928,1,20260929,1,20260930,1,20261001,1,20261002,1,20261003,1,20261004,1,20261005,1,20261006,1,20261007,1,20261008,1,20261009,1,20261010,1,20261011,1,20261012,1
'1034591',20260915,1,20260916,1,20260917,1,20260918,1,20260919,1,20260920,1,20260921,1,20260922,1,20260923,1,20260924,1,20260925,1,20260926,1,20260927,1,20260928,1,20260929,1,20260930,1,20261001,1,20261002,1,20261003,1,20261004,1,20261005,1,20261006,1,20261007,1,20261008,1,20261009,1,20261010,1,20261011,1,20261012,1
'1034593',20260915,1,20260916,1,20260917,1,20260918,1,20260919,1,20260920,1,20260921,1,20260922,1,20260923,1,20260924,1,20260925,1,20260926,1,20260927,1,20260928,1,20260929,1,20260930,1,20261001,1,20261002,1,20261003,1,20261004,1,20261005,1,20261006,1,20261007,1,20261008,1,20261009,1,20261010,1,20261011,1,20261012,1
'1034599',20260915,1,20260916,1,20260917,1,20260918,1,20260919,1,20260920,1,20260921,1,20260922,1,20260923,1,20260924,1,20260925,1,20260926,1,20260927,1,20260928,1,20260929,1,20260930,1,20261001,1,20261002,1,20261003,1,20261004,1,20261005,1,20261006,1,20261007,1,20261008,1,20261009,1,20261010,1,20261011,1,20261012,1
'1034600',20260915,1,20260916,1,20260917,1,20260918,1,20260919,1,20260920,1,20260921,1,20260922,1,20260923,1,20260924,1,20260925,1,20260926,1,20260927,1,20260928,1,20260929,1,20260930,1,20261001,1,20261002,1,20261003,1,20261004,1,20261005,1,20261006,1,20261007,1,20261008,1,20261009,1,20261010,1,20261011,1,20261012,1
'1034601',20260915,1,20260916,1,20260917,1,20260918,1,20260919,1,20260920,1,20260921,1,20260922,1,20260923,1,20260924,1,20260925,1,20260926,1,20260927,1,20260928,1,20260929,1,20260930,1,20261001,1,20261002,1,20261003,1,20261004,1,20261005,1,20261006,1,20261007,1,20261008,1,20261009,1,20261010,1,20261011,1,20261012,1
'1034602',20260915,1,20260916,1,20260917,1,20260918,1,20260919,1,20260920,1,20260921,1,20260922,1,20260923,1,20260924,1,20260925,1,20260926,1,20260927,1,20260928,1,20260929,1,20260930,1,20261001,1,20261002,1,20261003,1,20261004,1,20261005,1,20261006,1,20261007,1,20261008,1,20261009,1,20261010,1,20261011,1,20261012,1
'1034603',20260915,1,20260916,1,20260917,1,20260918,1,20260919,1,20260920,1,20260921,1,20260922,1,20260923,1,20260924,1,20260925,1,20260926,1,20260927,1,20260928,1,20260929,1,20260930,1,20261001,1,20261002,1,20261003,1,20261004,1,20261005,1,20261006,1,20261007,1,20261008,1,20261009,1,20261010,1,20261011,1,20261012,1
'1034604',20260915,1,20260916,1,20260917,1,20260918,1,20260919,1,20260920,1,20260921,1,20260922,1,20260923,1,20260924,1,20260925,1,20260926,1,20260927,1,20260928,1,20260929,1,20260930,1,20261001,1,20261002,1,20261003,1,20261004,1,20261005,1,20261006,1,20261007,1,20261008,1,20261009,1,20261010,1,20261011,1,20261012,1
'1034605',20260915,1,20260916,1,20260917,1,20260918,1,20260919,1,20260920,1,20260921,1,20260922,1,20260923,1,20260924,1,20260925,1,20260926,1,20260927,1,20260928,1,20260929,1,20260930,1,20261001,1,20261002,1,20261003,1,20261004,1,20261005,1,20261006,1,20261007,1,20261008,1,20261009,1,20261010,1,20261011,1,20261012,1
'1034606',20260915,1,20260916,1,20260917,1,20260918,1,20260919,1,20260920,1,20260921,1,20260922,1,20260923,1,20260924,1,20260925,1,20260926,1,20260927,1,20260928,1,20260929,1,20260930,1,20261001,1,20261002,1,20261003,1,20261004,1,20261005,1,20261006,1,20261007,1,20261008,1,20261009,1,20261010,1,20261011,1,20261012,1
'1034607',20260915,1,20260916,1,20260917,1,20260918,1,20260919,1,20260920,1,20260921,1,20260922,1,20260923,1,20260924,1,20260925,1,20260926,1,20260927,1,20260928,1,20260929,1,20260930,1,20261001,1,20261002,1,20261003,1,20261004,1,20261005,1,20261006,1,20261007,1,20261008,1,20261009,1,20261010,1,20261011,1,20261012,1
'1034608',20260915,1,20260916,1,20260917,1,20260918,1,20260919,1,20260920,1,20260921,1,20260922,1,20260923,1,20260924,1,20260925,1,20260926,1,20260927,1,20260928,1,20260929,1,20260930,1,20261001,1,20261002,1,20261003,1,20261004,1,20261005,1,20261006,1,20261007,1,20261008,1,20261009,1,20261010,1,20261011,1,20261012,1
'1034609',20260915,1,20260916,1,20260917,1,20260918,1,20260919,1,20260920,1,20260921,1,20260922,1,20260923,1,20260924,1,20260925,1,20260926,1,20260927,1,20260928,1,20260929,1,20260930,1,20261001,1,20261002,1,20261003,1,20261004,1,20261005,1,20261006,1,20261007,1,20261008,1,20261009,1,20261010,1,20261011,1,20261012,1
'1034610',20260915,1,20260916,1,20260917,1,20260918,1,20260919,1,20260920,1,20260921,1,20260922,1,20260923,1,20260924,1,20260925,1,20260926,1,20260927,1,20260928,1,20260929,1,20260930,1,20261001,1,20261002,1,20261003,1,20261004,1,20261005,1,20261006,1,20261007,1,20261008,1,20261009,1,20261010,1,20261011,1,20261012,1
'1034611',20260915,1,20260916,1,20260917,1,20260918,1,20260919,1,20260920,1,20260921,1,20260922,1,20260923,1,20260924,1,20260925,1,20260926,1,20260927,1,20260928,1,20260929,1,20260930,1,20261001,1,20261002,1,20261003,1,20261004,1,20261005,1,20261006,1,20261007,1,20261008,1,20261009,1,20261010,1,20261011,1,20261012,1
'1034612',20260915,1,20260916,1,20260917,1,20260918,1,20260919,1,20260920,1,20260921,1,20260922,1,20260923,1,20260924,1,20260925,1,20260926,1,20260927,1,20260928,1,20260929,1,20260930,1,20261001,1,20261002,1,20261003,1,20261004,1,20261005,1,20261006,1,20261007,1,20261008,1,20261009,1,20261010,1,20261011,1,20261012,1
'1034655',20260915,1,20260916,1,20260917,1,20260918,1,20260919,1,20260920,1,20260921,1,20260922,1,20260923,1,20260924,1,20260925,1,20260926,1,20260927,1,20260928,1,20260929,1,20260930,1,20261001,1,20261002,1,20261003,1,20261004,1
'1034656',20260915,1,20260916,1,20260917,1,20260918,1,20260919,1,20260920,1,20260921,1,20260922,1,20260923,1,20260924,1,20260925,1,20260926,1,20260927,1,20260928,1,20260929,1,20260930,1,20261001,1,20261002,1,20261003,1,20261004,1
'1034657',20260915,1,20260916,1,20260917,1,20260918,1,20260919,1,20260920,1,20260921,1,20260922,1,20260923,1,20260924,1,20260925,1,20260926,1,20260927,1,20260928,1,20260929,1,20260930,1,20261001,1,20261002,1,20261003,1,20261004,1
'1034658',20260915,1,20260916,1,20260917,1,20260918,1,20260919,1,20260920,1,20260921,1,20260922,1,20260923,1,20260924,1,20260925,1,20260926,1,20260927,1,20260928,1,20260929,1,20260930,1,20261001,1,20261002,1,20261003,1,20261004,1
'1034659',20260915,1,20260916,1,20260917,1,20260918,1,20260919,1,20260920,1,20260921,1,20260922,1,20260923,1,20260924,1,20260925,1,20260926,1,20260927,1,20260928,1,20260929,1,20260930,1,20261001,1,20261002,1,20261003,1,20261004,1
'1034660',20260915,1,20260916,1,20260917,1,20260918,1,20260919,1,20260920,1,20260921,1,20260922,1,20260923,1,20260924,1,20260925,1,20260926,1,20260927,1,20260928,1,20260929,1,20260930,1,20261001,1,20261002,1,20261003,1,20261004,1
'1034661',20260915,1,20260916,1,20260917,1,20260918,1,20260919,1,20260920,1,20260921,1,20260922,1,20260923,1,20260924,1,20260925,1,20260926,1,20260927,1,20260928,1,20260929,1,20260930,1,20261001,1,20261002,1,20261003,1,20261004,1
'1034662',20260915,1,20260916,1,20260917,1,20260918,1,20260919,1,20260920,1,20260921,1,20260922,1,20260923,1,20260924,1,20260925,1,20260926,1,20260927,1,20260928,1,20260929,1,20260930,1,20261001,1,20261002,1,20261003,1,20261004,1
'1034663',20260915,1,20260916,1,20260917,1,20260918,1,20260919,1,20260920,1,20260921,1,20260922,1,20260923,1,20260924,1,20260925,1,20260926,1,20260927,1,20260928,1,20260929,1,20260930,1,20261001,1,20261002,1,20261003,1,20261004,1
'1034664',20260915,1,20260916,1,20260917,1,20260918,1,20260919,1,20260920,1,20260921,1,20260922,1,20260923,1,20260924,1,20260925,1,20260926,1,20260927,1,20260928,1,20260929,1,20260930,1,20261001,1,20261002,1,20261003,1,20261004,1
'1034665',20260915,1,20260916,1,20260917,1,20260918,1,20260919,1,20260920,1,20260921,1,20260922,1,20260923,1,20260924,1,20260925,1,20260926,1,20260927,1,20260928,1,20260929,1,20260930,1,20261001,1,20261002,1,20261003,1,20261004,1
'1034666',20260915,1,20260916,1,20260917,1,20260918,1,20260919,1,20260920,1,20260921,1,20260922,1,20260923,1,20260924,1,20260925,1,20260926,1,20260927,1,20260928,1,20260929,1,20260930,1,20261001,1,20261002,1,20261003,1,20261004,1
'1034667',20260915,1,20260916,1,20260917,1,20260918,1,20260919,1,20260920,1,20260921,1,20260922,1,20260923,1,20260924,1,20260925,1,20260926,1,20260927,1,20260928,1,20260929,1,20260930,1,20261001,1,20261002,1,20261003,1,20261004,1
'1034668',20260915,1,20260916,1,20260917,1,20260918,1,20260919,1,20260920,1,20260921,1,20260922,1,20260923,1,20260924,1,20260925,1,20260926,1,20260927,1,20260928,1,20260929,1,20260930,1,20261001,1,20261002,1,20261003,1,20261004,1
'1034669',20260915,1,20260916,1,20260917,1,20260918,1,20260919,1,20260920,1,20260921,1,20260922,1,20260923,1,20260924,1,20260925,1,20260926,1,20260927,1,20260928,1,20260929,1,20260930,1,20261001,1,20261002,1,20261003,1,20261004,1
'1034670',20260915,1,20260916,1,20260917,1,20260918,1,20260919,1,20260920,1,20260921,1,20260922,1,20260923,1,20260924,1,20260925,1,20260926,1,20260927,1,20260928,1,20260929,1,20260930,1,20261001,1,20261002,1,20261003,1,20261004,1
'1034671',20260915,1,20260916,1,20260917,1,20260918,1,20260919,1,20260920,1,20260921,1,20260922,1,20260923,1,20260924,1,20260925,1,20260926,1,20260927,1,20260928,1,20260929,1,20260930,1,20261001,1,20261002,1,20261003,1,20261004,1
'1034672',20260915,1,20260916,1,20260917,1,20260918,1,20260919,1,20260920,1,20260921,1,20260922,1,20260923,1,20260924,1,20260925,1,20260926,1,20260927,1,20260928,1,20260929,1,20260930,1,20261001,1,20261002,1,20261003,1,20261004,1
'1034673',20260915,1,20260916,1,20260917,1,20260918,1,20260919,1,20260920,1,20260921,1,20260922,1,20260923,1,20260924,1,20260925,1,20260926,1,20260927,1,20260928,1,20260929,1,20260930,1,20261001,1,20261002,1,20261003,1,20261004,1
'1034674',20260915,1,20260916,1,20260917,1,20260918,1,20260919,1,20260920,1,20260921,1,20260922,1,20260923,1,20260924,1,20260925,1,20260926,1,20260927,1,20260928,1,20260929,1,20260930,1,20261001,1,20261002,1,20261003,1,20261004,1
'1034675',20260915,1,20260916,1,20260917,1,20260918,1,20260919,1,20260920,1,20260921,1,20260922,1,20260923,1,20260924,1,20260925,1,20260926,1,20260927,1,20260928,1,20260929,1,20260930,1,20261001,1,20261002,1,20261003,1,20261004,1
'1034676',20260915,1,20260916,1,20260917,1,20260918,1,20260919,1,20260920,1,20260921,1,20260922,1,20260923,1,20260924,1,20260925,1,20260926,1,20260927,1,20260928,1,20260929,1,20260930,1,20261001,1,20261002,1,20261003,1,20261004,1
'1034677',20260915,1,20260916,1,20260917,1,20260918,1,20260919,1,20260920,1,20260921,1,20260922,1,20260923,1,20260924,1,20260925,1,20260926,1,20260927,1,20260928,1,20260929,1,20260930,1,20261001,1,20261002,1,20261003,1,20261004,1
'1034678',20260915,1,20260916,1,20260917,1,20260918,1,20260919,1,20260920,1,20260921,1,20260922,1,20260923,1,20260924,1,20260925,1,20260926,1,20260927,1,20260928,1,20260929,1,20260930,1,20261001,1,20261002,1,20261003,1,20261004,1
'1034679',20260915,1,20260916,1,20260917,1,20260918,1,20260919,1,20260920,1,20260921,1,20260922,1,20260923,1,20260924,1,20260925,1,20260926,1,20260927,1,20260928,1,20260929,1,20260930,1,20261001,1,20261002,1,20261003,1,20261004,1
'1034680',20260915,1,20260916,1,20260917,1,20260918,1,20260919,1,20260920,1,20260921,1,20260922,1,20260923,1,20260924,1,20260925,1,20260926,1,20260927,1,20260928,1,20260929,1,20260930,1,20261001,1,20261002,1,20261003,1,20261004,1
'1034681',20260915,1,20260916,1,20260917,1,20260918,1,20260919,1,20260920,1,20260921,1,20260922,1,20260923,1,20260924,1,20260925,1,20260926,1,20260927,1,20260928,1,20260929,1,20260930,1,20261001,1,20261002,1,20261003,1,20261004,1
'1034682',20260915,1,20260916,1,20260917,1,20260918,1,20260919,1,20260920,1,20260921,1,20260922,1,20260923,1,20260924,1,20260925,1,20260926,1,20260927,1,20260928,1,20260929,1,20260930,1,20261001,1,20261002,1,20261003,1,20261004,1
'1034683',20260915,1,20260916,1,20260917,1,20260918,1,20260919,1,20260920,1,20260921,1,20260922,1,20260923,1,20260924,1,20260925,1,20260926,1,20260927,1,20260928,1,20260929,1,20260930,1,20261001,1,20261002,1,20261003,1,20261004,1
'1034684',20260915,1,20260916,1,20260917,1,20260918,1,20260919,1,20260920,1,20260921,1,20260922,1,20260923,1,20260924,1,20260925,1,20260926,1,20260927,1,20260928,1,20260929,1,20260930,1,20261001,1,20261002,1,20261003,1,20261004,1
'1034685',20260915,1,20260916,1,20260917,1,20260918,1,20260919,1,20260920,1,20260921,1,20260922,1,20260923,1,20260924,1,20260925,1,20260926,1,20260927,1,20260928,1,20260929,1,20260930,1,20261001,1,20261002,1,20261003,1,20261004,1
'1034686',20260915,1,20260916,1,20260917,1,20260918,1,20260919,1,20260920,1,20260921,1,20260922,1,20260923,1,20260924,1,20260925,1,20260926,1,20260927,1,20260928,1,20260929,1,20260930,1,20261001,1,20261002,1,20261003,1,20261004,1
'1034687',20260915,1,20260916,1,20260917,1,20260918,1,20260919,1,20260920,1,20260921,1,20260922,1,20260923,1,20260924,1,20260925,1,20260926,1,20260927,1,20260928,1,20260929,1,20260930,1,20261001,1,20261002,1,20261003,1,20261004,1
'1034688',20260915,1,20260916,1,20260917,1,20260918,1,20260919,1,20260920,1,20260921,1,20260922,1,20260923,1,20260924,1,20260925,1,20260926,1,20260927,1,20260928,1,20260929,1,20260930,1,20261001,1,20261002,1,20261003,1,20261004,1
'1034689',20260915,1,20260916,1,20260917,1,20260918,1,20260919,1,20260920,1,20260921,1,20260922,1,20260923,1,20260924,1,20260925,1,20260926,1,20260927,1,20260928,1,20260929,1,20260930,1,20261001,1,20261002,1,20261003,1,20261004,1
'1034690',20260915,1,20260916,1,20260917,1,20260918,1,20260919,1,20260920,1,20260921,1,20260922,1,20260923,1,20260924,1,20260925,1,20260926,1,20260927,1,20260928,1,20260929,1,20260930,1,20261001,1,20261002,1,20261003,1,20261004,1
'1034691',20260915,1,20260916,1,20260917,1,20260918,1,20260919,1,20260920,1,20260921,1,20260922,1,20260923,1,20260924,1,20260925,1,20260926,1,20260927,1,20260928,1,20260929,1,20260930,1,20261001,1,20261002,1,20261003,1,20261004,1
'1034692',20260915,1,20260916,1,20260917,1,20260918,1,20260919,1,20260920,1,20260921,1,20260922,1,20260923,1,20260924,1,20260925,1,20260926,1,20260927,1,20260928,1,20260929,1,20260930,1,20261001,1,20261002,1,20261003,1,20261004,1
'1034696',20260928,1,20260929,1,20260930,1,20261001,1,20261002,1,20261003,1,20261004,1,20261005,1,20261006,1,20261007,1,20261008,1,20261009,1,20261010,1,20261011,1,20261012,1
'1034697',20260928,1,20260929,1,20260930,1,20261001,1,20261002,1,20261003,1,20261004,1,20261005,1,20261006,1,20261007,1,20261008,1,20261009,1,20261010,1,20261011,1,20261012,1
'1034698',20260928,1,20260929,1,20260930,1,20261001,1,20261002,1,20261003,1,20261004,1,20261005,1,20261006,1,20261007,1,20261008,1,20261009,1,20261010,1,20261011,1,20261012,1
'1034699',20260928,1,20260929,1,20260930,1,20261001,1,20261002,1,20261003,1,20261004,1,20261005,1,20261006,1,20261007,1,20261008,1,20261009,1,20261010,1,20261011,1,20261012,1
'1034700',20260928,1,20260929,1,20260930,1,20261001,1,20261002,1,20261003,1,20261004,1,20261005,1,20261006,1,20261007,1,20261008,1,20261009,1,20261010,1,20261011,1,20261012,1
'1034701',20260928,1,20260929,1,20260930,1,20261001,1,20261002,1,20261003,1,20261004,1,20261005,1,20261006,1,20261007,1,20261008,1,20261009,1,20261010,1,20261011,1,20261012,1
'1034702',20260928,1,20260929,1,20260930,1,20261001,1,20261002,1,20261003,1,20261004,1,20261005,1,20261006,1,20261007,1,20261008,1,20261009,1,20261010,1,20261011,1,20261012,1
'1034703',20260928,1,20260929,1,20260930,1,20261001,1,20261002,1,20261003,1,20261004,1,20261005,1,20261006,1,20261007,1,20261008,1,20261009,1,20261010,1,20261011,1,20261012,1
'1034704',20260928,1,20260929,1,20260930,1,20261001,1,20261002,1,20261003,1,20261004,1,20261005,1,20261006,1,20261007,1,20261008,1,20261009,1,20261010,1,20261011,1,20261012,1
'1034705',20260928,1,20260929,1,20260930,1,20261001,1,20261002,1,20261003,1,20261004,1,20261005,1,20261006,1,20261007,1,20261008,1,20261009,1,20261010,1,20261011,1,20261012,1
'1034706',20260928,1,20260929,1,20260930,1,20261001,1,20261002,1,20261003,1,20261004,1,20261005,1,20261006,1,20261007,1,20261008,1,20261009,1,20261010,1,20261011,1,20261012,1
'1034707',20260928,1,20260929,1,20260930,1,20261001,1,20261002,1,20261003,1,20261004,1,20261005,1,20261006,1,20261007,1,20261008,1,20261009,1,20261010,1,20261011,1,20261012,1
'1034708',20260928,1,20260929,1,20260930,1,20261001,1,20261002,1,20261003,1,20261004,1,20261005,1,20261006,1,20261007,1,20261008,1,20261009,1,20261010,1,20261011,1,20261012,1
'1034709',20260928,1,20260929,1,20260930,1,20261001,1,20261002,1,20261003,1,20261004,1,20261005,1,20261006,1,20261007,1,20261008,1,20261009,1,20261010,1,20261011,1,20261012,1
'1034710',20260928,1,20260929,1,20260930,1,20261001,1,20261002,1,20261003,1,20261004,1,20261005,1,20261006,1,20261007,1,20261008,1,20261009,1,20261010,1,20261011,1,20261012,1
'1034711',20260928,1,20260929,1,20260930,1,20261001,1,20261002,1,20261003,1,20261004,1,20261005,1,20261006,1,20261007,1,20261008,1,20261009,1,20261010,1,20261011,1,20261012,1
'1034712',20260928,1,20260929,1,20260930,1,20261001,1,20261002,1,20261003,1,20261004,1,20261005,1,20261006,1,20261007,1,20261008,1,20261009,1,20261010,1,20261011,1,20261012,1
'1034713',20260928,1,20260929,1,20260930,1,20261001,1,20261002,1,20261003,1,20261004,1,20261005,1,20261006,1,20261007,1,20261008,1,20261009,1,20261010,1,20261011,1,20261012,1
'1034714',20260928,1,20260929,1,20260930,1,20261001,1,20261002,1,20261003,1,20261004,1,20261005,1,20261006,1,20261007,1,20261008,1,20261009,1,20261010,1,20261011,1,20261012,1
'1034715',20260928,1,20260929,1,20260930,1,20261001,1,20261002,1,20261003,1,20261004,1,20261005,1,20261006,1,20261007,1,20261008,1,20261009,1,20261010,1,20261011,1,20261012,1
'1034716',20260928,1,20260929,1,20260930,1,20261001,1,20261002,1,20261003,1,20261004,1,20261005,1,20261006,1,20261007,1,20261008,1,20261009,1,20261010,1,20261011,1,20261012,1
'1034717',20260928,1,20260929,1,20260930,1,20261001,1,20261002,1,20261003,1,20261004,1,20261005,1,20261006,1,20261007,1,20261008,1,20261009,1,20261010,1,20261011,1,20261012,1
'1034718',20260928,1,20260929,1,20260930,1,20261001,1,20261002,1,20261003,1,20261004,1,20261005,1,20261006,1,20261007,1,20261008,1,20261009,1,20261010,1,20261011,1,20261012,1
'1034719',20260928,1,20260929,1,20260930,1,20261001,1,20261002,1,20261003,1,20261004,1,20261005,1,20261006,1,20261007,1,20261008,1,20261009,1,20261010,1,20261011,1,20261012,1
'1034720',20260928,1,20260929,1,20260930,1,20261001,1,20261002,1,20261003,1,20261004,1,20261005,1,20261006,1,20261007,1,20261008,1,20261009,1,20261010,1,20261011,1,20261012,1
'1034721',20260928,1,20260929,1,20260930,1,20261001,1,20261002,1,20261003,1,20261004,1,20261005,1,20261006,1,20261007,1,20261008,1,20261009,1,20261010,1,20261011,1,20261012,1
'1034722',20260928,1,20260929,1,20260930,1,20261001,1,20261002,1,20261003,1,20261004,1,20261005,1,20261006,1,20261007,1,20261008,1,20261009,1,20261010,1,20261011,1,20261012,1
'1034723',20260928,1,20260929,1,20260930,1,20261001,1,20261002,1,20261003,1,20261004,1,20261005,1,20261006,1,20261007,1,20261008,1,20261009,1,20261010,1,20261011,1,20261012,1
'1034724',20260928,1,20260929,1,20260930,1,20261001,1,20261002,1,20261003,1,20261004,1,20261005,1,20261006,1,20261007,1,20261008,1,20261009,1,20261010,1,20261011,1,20261012,1
'1034725',20260928,1,20260929,1,20260930,1,20261001,1,20261002,1,20261003,1,20261004,1,20261005,1,20261006,1,20261007,1,20261008,1,20261009,1,20261010,1,20261011,1,20261012,1
'1034726',20260928,1,20260929,1,20260930,1,20261001,1,20261002,1,20261003,1,20261004,1,20261005,1,20261006,1,20261007,1,20261008,1,20261009,1,20261010,1,20261011,1,20261012,1
'1034727',20260928,1,20260929,1,20260930,1,20261001,1,20261002,1,20261003,1,20261004,1,20261005,1,20261006,1,20261007,1,20261008,1,20261009,1,20261010,1,20261011,1,20261012,1
'1034728',20260928,1,20260929,1,20260930,1,20261001,1,20261002,1,20261003,1,20261004,1,20261005,1,20261006,1,20261007,1,20261008,1,20261009,1,20261010,1,20261011,1,20261012,1
'1034729',20260928,1,20260929,1,20260930,1,20261001,1,20261002,1,20261003,1,20261004,1,20261005,1,20261006,1,20261007,1,20261008,1,20261009,1,20261010,1,20261011,1,20261012,1
'1034730',20260928,1,20260929,1,20260930,1,20261001,1,20261002,1,20261003,1,20261004,1,20261005,1,20261006,1,20261007,1,20261008,1,20261009,1,20261010,1,20261011,1,20261012,1
'1034731',20260928,1,20260929,1,20260930,1,20261001,1,20261002,1,20261003,1,20261004,1,20261005,1,20261006,1,20261007,1,20261008,1,20261009,1,20261010,1,20261011,1,20261012,1
'1034864',20261005,1,20261006,1,20261007,1,20261008,1,20261009,1,20261010,1,20261011,1,20261012,1,20261013,1,20261014,1,20261015,1,20261016,1,20261017,1,20261018,1,20261019,1,20261020,1,20261021,1,20261022,1,20261023,1,20261024,1,20261025,1,20261026,1,20261027,1,20261028,1,20261029,1,20261030,1,20261031,1,20261101,1,20261102,1,20261103,1,20261104,1,20261105,1,20261106,1,20261107,1,20261108,1,20261109,1,20261110,1,20261111,1,20261112,1,20261113,1,20261114,1,20261115,1,20261116,1,20261117,1,20261118,1,20261119,1,20261120,1,20261121,1,20261122,1,20261123,1,20261124,1,20261125,1,20261126,1,20261127,1,20261128,1,20261129,1,20261130,1
'1034865',20261005,1,20261006,1,20261007,1,20261008,1,20261009,1,20261010,1,20261011,1,20261012,1,20261013,1,20261014,1,20261015,1,20261016,1,20261017,1,20261018,1,20261019,1,20261020,1,20261021,1,20261022,1,20261023,1,20261024,1,20261025,1,20261026,1,20261027,1,20261028,1,20261029,1,20261030,1,20261031,1,20261101,1,20261102,1,20261103,1,20261104,1,20261105,1,20261106,1,20261107,1,20261108,1,20261109,1,20261110,1,20261111,1,20261112,1,20261113,1,20261114,1,20261115,1,20261116,1,20261117,1,20261118,1,20261119,1,20261120,1,20261121,1,20261122,1,20261123,1,20261124,1,20261125,1,20261126,1,20261127,1,20261128,1,20261129,1,20261130,1
'1034866',20261005,1,20261006,1,20261007,1,20261008,1,20261009,1,20261010,1,20261011,1,20261012,1,20261013,1,20261014,1,20261015,1,20261016,1,20261017,1,20261018,1,20261019,1,20261020,1,20261021,1,20261022,1,20261023,1,20261024,1,20261025,1,20261026,1,20261027,1,20261028,1,20261029,1,20261030,1,20261031,1,20261101,1,20261102,1,20261103,1,20261104,1,20261105,1,20261106,1,20261107,1,20261108,1,20261109,1,20261110,1,20261111,1,20261112,1,20261113,1,20261114,1,20261115,1,20261116,1,20261117,1,20261118,1,20261119,1,20261120,1,20261121,1,20261122,1,20261123,1,20261124,1,20261125,1,20261126,1,20261127,1,20261128,1,20261129,1,20261130,1
'1034867',20261005,1,20261006,1,20261007,1,20261008,1,20261009,1,20261010,1,20261011,1,20261012,1,20261013,1,20261014,1,20261015,1,20261016,1,20261017,1,20261018,1,20261019,1,20261020,1,20261021,1,20261022,1,20261023,1,20261024,1,20261025,1,20261026,1,20261027,1,20261028,1,20261029,1,20261030,1,20261031,1,20261101,1,20261102,1,20261103,1,20261104,1,20261105,1,20261106,1,20261107,1,20261108,1,20261109,1,20261110,1,20261111,1,20261112,1,20261113,1,20261114,1,20261115,1,20261116,1,20261117,1,20261118,1,20261119,1,20261120,1,20261121,1,20261122,1,20261123,1,20261124,1,20261125,1,20261126,1,20261127,1,20261128,1,20261129,1,20261130,1
'1034868',20261005,1,20261006,1,20261007,1,20261008,1,20261009,1,20261010,1,20261011,1,20261012,1,20261013,1,20261014,1,20261015,1,20261016,1,20261017,1,20261018,1,20261019,1,20261020,1,20261021,1,20261022,1,20261023,1,20261024,1,20261025,1,20261026,1,20261027,1,20261028,1,20261029,1,20261030,1,20261031,1,20261101,1,20261102,1,20261103,1,20261104,1,20261105,1,20261106,1,20261107,1,20261108,1,20261109,1,20261110,1,20261111,1,20261112,1,20261113,1,20261114,1,20261115,1,20261116,1,20261117,1,20261118,1,20261119,1,20261120,1,20261121,1,20261122,1,20261123,1,20261124,1,20261125,1,20261126,1,20261127,1,20261128,1,20261129,1,20261130,1
'1034869',20261005,1,20261006,1,20261007,1,20261008,1,20261009,1,20261010,1,20261011,1,20261012,1,20261013,1,20261014,1,20261015,1,20261016,1,20261017,1,20261018,1,20261019,1,20261020,1,20261021,1,20261022,1,20261023,1,20261024,1,20261025,1,20261026,1,20261027,1,20261028,1,20261029,1,20261030,1,20261031,1,20261101,1,20261102,1,20261103,1,20261104,1,20261105,1,20261106,1,20261107,1,20261108,1,20261109,1,20261110,1,20261111,1,20261112,1,20261113,1,20261114,1,20261115,1,20261116,1,20261117,1,20261118,1,20261119,1,20261120,1,20261121,1,20261122,1,20261123,1,20261124,1,20261125,1,20261126,1,20261127,1,20261128,1,20261129,1,20261130,1
'1034870',20261005,1,20261006,1,20261007,1,20261008,1,20261009,1,20261010,1,20261011,1,20261012,1,20261013,1,20261014,1,20261015,1,20261016,1,20261017,1,20261018,1,20261019,1,20261020,1,20261021,1,20261022,1,20261023,1,20261024,1,20261025,1,20261026,1,20261027,1,20261028,1,20261029,1,20261030,1,20261031,1,20261101,1,20261102,1,20261103,1,20261104,1,20261105,1,20261106,1,20261107,1,20261108,1,20261109,1,20261110,1,20261111,1,20261112,1,20261113,1,20261114,1,20261115,1,20261116,1,20261117,1,20261118,1,20261119,1,20261120,1,20261121,1,20261122,1,20261123,1,20261124,1,20261125,1,20261126,1,20261127,1,20261128,1,20261129,1,20261130,1
'1034871',20261005,1,20261006,1,20261007,1,20261008,1,20261009,1,20261010,1,20261011,1,20261012,1,20261013,1,20261014,1,20261015,1,20261016,1,20261017,1,20261018,1,20261019,1,20261020,1,20261021,1,20261022,1,20261023,1,20261024,1,20261025,1,20261026,1,20261027,1,20261028,1,20261029,1,20261030,1,20261031,1,20261101,1,20261102,1,20261103,1,20261104,1,20261105,1,20261106,1,20261107,1,20261108,1,20261109,1,20261110,1,20261111,1,20261112,1,20261113,1,20261114,1,20261115,1,20261116,1,20261117,1,20261118,1,20261119,1,20261120,1,20261121,1,20261122,1,20261123,1,20261124,1,20261125,1,20261126,1,20261127,1,20261128,1,20261129,1,20261130,1
'1034872',20261005,1,20261006,1,20261007,1,20261008,1,20261009,1,20261010,1,20261011,1,20261012,1,20261013,1,20261014,1,20261015,1,20261016,1,20261017,1,20261018,1,20261019,1,20261020,1,20261021,1,20261022,1,20261023,1,20261024,1,20261025,1,20261026,1,20261027,1,20261028,1,20261029,1,20261030,1,20261031,1,20261101,1,20261102,1,20261103,1,20261104,1,20261105,1,20261106,1,20261107,1,20261108,1,20261109,1,20261110,1,20261111,1,20261112,1,20261113,1,20261114,1,20261115,1,20261116,1,20261117,1,20261118,1,20261119,1,20261120,1,20261121,1,20261122,1,20261123,1,20261124,1,20261125,1,20261126,1,20261127,1,20261128,1,20261129,1,20261130,1
'1034873',20261005,1,20261006,1,20261007,1,20261008,1,20261009,1,20261010,1,20261011,1,20261012,1,20261013,1,20261014,1,20261015,1,20261016,1,20261017,1,20261018,1,20261019,1,20261020,1,20261021,1,20261022,1,20261023,1,20261024,1,20261025,1,20261026,1,20261027,1,20261028,1,20261029,1,20261030,1,20261031,1,20261101,1,20261102,1,20261103,1,20261104,1,20261105,1,20261106,1,20261107,1,20261108,1,20261109,1,20261110,1,20261111,1,20261112,1,20261113,1,20261114,1,20261115,1,20261116,1,20261117,1,20261118,1,20261119,1,20261120,1,20261121,1,20261122,1,20261123,1,20261124,1,20261125,1,20261126,1,20261127,1,20261128,1,20261129,1,20261130,1
'1034874',20261005,1,20261006,1,20261007,1,20261008,1,20261009,1,20261010,1,20261011,1,20261012,1,20261013,1,20261014,1,20261015,1,20261016,1,20261017,1,20261018,1,20261019,1,20261020,1,20261021,1,20261022,1,20261023,1,20261024,1,20261025,1,20261026,1,20261027,1,20261028,1,20261029,1,20261030,1,20261031,1,20261101,1,20261102,1,20261103,1,20261104,1,20261105,1,20261106,1,20261107,1,20261108,1,20261109,1,20261110,1,20261111,1,20261112,1,20261113,1,20261114,1,20261115,1,20261116,1,20261117,1,20261118,1,20261119,1,20261120,1,20261121,1,20261122,1,20261123,1,20261124,1,20261125,1,20261126,1,20261127,1,20261128,1,20261129,1,20261130,1
'1034875',20261005,1,20261006,1,20261007,1,20261008,1,20261009,1,20261010,1,20261011,1,20261012,1,20261013,1,20261014,1,20261015,1,20261016,1,20261017,1,20261018,1,20261019,1,20261020,1,20261021,1,20261022,1,20261023,1,20261024,1,20261025,1,20261026,1,20261027,1,20261028,1,20261029,1,20261030,1,20261031,1,20261101,1,20261102,1,20261103,1,20261104,1,20261105,1,20261106,1,20261107,1,20261108,1,20261109,1,20261110,1,20261111,1,20261112,1,20261113,1,20261114,1,20261115,1,20261116,1,20261117,1,20261118,1,20261119,1,20261120,1,20261121,1,20261122,1,20261123,1,20261124,1,20261125,1,20261126,1,20261127,1,20261128,1,20261129,1,20261130,1
'1034876',20261005,1,20261006,1,20261007,1,20261008,1,20261009,1,20261010,1,20261011,1,20261012,1,20261013,1,20261014,1,20261015,1,20261016,1,20261017,1,20261018,1,20261019,1,20261020,1,20261021,1,20261022,1,20261023,1,20261024,1,20261025,1,20261026,1,20261027,1,20261028,1,20261029,1,20261030,1,20261031,1,20261101,1,20261102,1,20261103,1,20261104,1,20261105,1,20261106,1,20261107,1,20261108,1,20261109,1,20261110,1,20261111,1,20261112,1,20261113,1,20261114,1,20261115,1,20261116,1,20261117,1,20261118,1,20261119,1,20261120,1,20261121,1,20261122,1,20261123,1,20261124,1,20261125,1,20261126,1,20261127,1,20261128,1,20261129,1,20261130,1
'1034877',20261005,1,20261006,1,20261007,1,20261008,1,20261009,1,20261010,1,20261011,1,20261012,1,20261013,1,20261014,1,20261015,1,20261016,1,20261017,1,20261018,1,20261019,1,20261020,1,20261021,1,20261022,1,20261023,1,20261024,1,20261025,1,20261026,1,20261027,1,20261028,1,20261029,1,20261030,1,20261031,1,20261101,1,20261102,1,20261103,1,20261104,1,20261105,1,20261106,1,20261107,1,20261108,1,20261109,1,20261110,1,20261111,1,20261112,1,20261113,1,20261114,1,20261115,1,20261116,1,20261117,1,20261118,1,20261119,1,20261120,1,20261121,1,20261122,1,20261123,1,20261124,1,20261125,1,20261126,1,20261127,1,20261128,1,20261129,1,20261130,1
'1034878',20261005,1,20261006,1,20261007,1,20261008,1,20261009,1,20261010,1,20261011,1,20261012,1,20261013,1,20261014,1,20261015,1,20261016,1,20261017,1,20261018,1,20261019,1,20261020,1,20261021,1,20261022,1,20261023,1,20261024,1,20261025,1,20261026,1,20261027,1,20261028,1,20261029,1,20261030,1,20261031,1,20261101,1,20261102,1,20261103,1,20261104,1,20261105,1,20261106,1,20261107,1,20261108,1,20261109,1,20261110,1,20261111,1,20261112,1,20261113,1,20261114,1,20261115,1,20261116,1,20261117,1,20261118,1,20261119,1,20261120,1,20261121,1,20261122,1,20261123,1,20261124,1,20261125,1,20261126,1,20261127,1,20261128,1,20261129,1,20261130,1
'1034879',20261005,1,20261006,1,20261007,1,20261008,1,20261009,1,20261010,1,20261011,1,20261012,1,20261013,1,20261014,1,20261015,1,20261016,1,20261017,1,20261018,1,20261019,1,20261020,1,20261021,1,20261022,1,20261023,1,20261024,1,20261025,1,20261026,1,20261027,1,20261028,1,20261029,1,20261030,1,20261031,1,20261101,1,20261102,1,20261103,1,20261104,1,20261105,1,20261106,1,20261107,1,20261108,1,20261109,1,20261110,1,20261111,1,20261112,1,20261113,1,20261114,1,20261115,1,20261116,1,20261117,1,20261118,1,20261119,1,20261120,1,20261121,1,20261122,1,20261123,1,20261124,1,20261125,1,20261126,1,20261127,1,20261128,1,20261129,1,20261130,1
'1034880',20261005,1,20261006,1,20261007,1,20261008,1,20261009,1,20261010,1,20261011,1,20261012,1,20261013,1,20261014,1,20261015,1,20261016,1,20261017,1,20261018,1,20261019,1,20261020,1,20261021,1,20261022,1,20261023,1,20261024,1,20261025,1,20261026,1,20261027,1,20261028,1,20261029,1,20261030,1,20261031,1,20261101,1,20261102,1,20261103,1,20261104,1,20261105,1,20261106,1,20261107,1,20261108,1,20261109,1,20261110,1,20261111,1,20261112,1,20261113,1,20261114,1,20261115,1,20261116,1,20261117,1,20261118,1,20261119,1,20261120,1,20261121,1,20261122,1,20261123,1,20261124,1,20261125,1,20261126,1,20261127,1,20261128,1,20261129,1,20261130,1
'1034881',20261005,1,20261006,1,20261007,1,20261008,1,20261009,1,20261010,1,20261011,1,20261012,1,20261013,1,20261014,1,20261015,1,20261016,1,20261017,1,20261018,1,20261019,1,20261020,1,20261021,1,20261022,1,20261023,1,20261024,1,20261025,1,20261026,1,20261027,1,20261028,1,20261029,1,20261030,1,20261031,1,20261101,1,20261102,1,20261103,1,20261104,1,20261105,1,20261106,1,20261107,1,20261108,1,20261109,1,20261110,1,20261111,1,20261112,1,20261113,1,20261114,1,20261115,1,20261116,1,20261117,1,20261118,1,20261119,1,20261120,1,20261121,1,20261122,1,20261123,1,20261124,1,20261125,1,20261126,1,20261127,1,20261128,1,20261129,1,20261130,1
'1034882',20261005,1,20261006,1,20261007,1,20261008,1,20261009,1,20261010,1,20261011,1,20261012,1,20261013,1,20261014,1,20261015,1,20261016,1,20261017,1,20261018,1,20261019,1,20261020,1,20261021,1,20261022,1,20261023,1,20261024,1,20261025,1,20261026,1,20261027,1,20261028,1,20261029,1,20261030,1,20261031,1,20261101,1,20261102,1,20261103,1,20261104,1,20261105,1,20261106,1,20261107,1,20261108,1,20261109,1,20261110,1,20261111,1,20261112,1,20261113,1,20261114,1,20261115,1,20261116,1,20261117,1,20261118,1,20261119,1,20261120,1,20261121,1,20261122,1,20261123,1,20261124,1,20261125,1,20261126,1,20261127,1,20261128,1,20261129,1,20261130,1
'1034883',20261005,1,20261006,1,20261007,1,20261008,1,20261009,1,20261010,1,20261011,1,20261012,1,20261013,1,20261014,1,20261015,1,20261016,1,20261017,1,20261018,1,20261019,1,20261020,1,20261021,1,20261022,1,20261023,1,20261024,1,20261025,1,20261026,1,20261027,1,20261028,1,20261029,1,20261030,1,20261031,1,20261101,1,20261102,1,20261103,1,20261104,1,20261105,1,20261106,1,20261107,1,20261108,1,20261109,1,20261110,1,20261111,1,20261112,1,20261113,1,20261114,1,20261115,1,20261116,1,20261117,1,20261118,1,20261119,1,20261120,1,20261121,1,20261122,1,20261123,1,20261124,1,20261125,1,20261126,1,20261127,1,20261128,1,20261129,1,20261130,1
'1034884',20261005,1,20261006,1,20261007,1,20261008,1,20261009,1,20261010,1,20261011,1,20261012,1,20261013,1,20261014,1,20261015,1,20261016,1,20261017,1,20261018,1,20261019,1,20261020,1,20261021,1,20261022,1,20261023,1,20261024,1,20261025,1,20261026,1,20261027,1,20261028,1,20261029,1,20261030,1,20261031,1,20261101,1,20261102,1,20261103,1,20261104,1,20261105,1,20261106,1,20261107,1,20261108,1,20261109,1,20261110,1,20261111,1,20261112,1,20261113,1,20261114,1,20261115,1,20261116,1,20261117,1,20261118,1,20261119,1,20261120,1,20261121,1,20261122,1,20261123,1,20261124,1,20261125,1,20261126,1,20261127,1,20261128,1,20261129,1,20261130,1
'1034885',20261005,1,20261006,1,20261007,1,20261008,1,20261009,1,20261010,1,20261011,1,20261012,1,20261013,1,20261014,1,20261015,1,20261016,1,20261017,1,20261018,1,20261019,1,20261020,1,20261021,1,20261022,1,20261023,1,20261024,1,20261025,1,20261026,1,20261027,1,20261028,1,20261029,1,20261030,1,20261031,1,20261101,1,20261102,1,20261103,1,20261104,1,20261105,1,20261106,1,20261107,1,20261108,1,20261109,1,20261110,1,20261111,1,20261112,1,20261113,1,20261114,1,20261115,1,20261116,1,20261117,1,20261118,1,20261119,1,20261120,1,20261121,1,20261122,1,20261123,1,20261124,1,20261125,1,20261126,1,20261127,1,20261128,1,20261129,1,20261130,1
'1034886',20261005,1,20261006,1,20261007,1,20261008,1,20261009,1,20261010,1,20261011,1,20261012,1,20261013,1,20261014,1,20261015,1,20261016,1,20261017,1,20261018,1,20261019,1,20261020,1,20261021,1,20261022,1,20261023,1,20261024,1,20261025,1,20261026,1,20261027,1,20261028,1,20261029,1,20261030,1,20261031,1,20261101,1,20261102,1,20261103,1,20261104,1,20261105,1,20261106,1,20261107,1,20261108,1,20261109,1,20261110,1,20261111,1,20261112,1,20261113,1,20261114,1,20261115,1,20261116,1,20261117,1,20261118,1,20261119,1,20261120,1,20261121,1,20261122,1,20261123,1,20261124,1,20261125,1,20261126,1,20261127,1,20261128,1,20261129,1,20261130,1
'1034887',20261005,1,20261006,1,20261007,1,20261008,1,20261009,1,20261010,1,20261011,1,20261012,1,20261013,1,20261014,1,20261015,1,20261016,1,20261017,1,20261018,1,20261019,1,20261020,1,20261021,1,20261022,1,20261023,1,20261024,1,20261025,1,20261026,1,20261027,1,20261028,1,20261029,1,20261030,1,20261031,1,20261101,1,20261102,1,20261103,1,20261104,1,20261105,1,20261106,1,20261107,1,20261108,1,20261109,1,20261110,1,20261111,1,20261112,1,20261113,1,20261114,1,20261115,1,20261116,1,20261117,1,20261118,1,20261119,1,20261120,1,20261121,1,20261122,1,20261123,1,20261124,1,20261125,1,20261126,1,20261127,1,20261128,1,20261129,1,20261130,1
'1034888',20261005,1,20261006,1,20261007,1,20261008,1,20261009,1,20261010,1,20261011,1,20261012,1,20261013,1,20261014,1,20261015,1,20261016,1,20261017,1,20261018,1,20261019,1,20261020,1,20261021,1,20261022,1,20261023,1,20261024,1,20261025,1,20261026,1,20261027,1,20261028,1,20261029,1,20261030,1,20261031,1,20261101,1,20261102,1,20261103,1,20261104,1,20261105,1,20261106,1,20261107,1,20261108,1,20261109,1,20261110,1,20261111,1,20261112,1,20261113,1,20261114,1,20261115,1,20261116,1,20261117,1,20261118,1,20261119,1,20261120,1,20261121,1,20261122,1,20261123,1,20261124,1,20261125,1,20261126,1,20261127,1,20261128,1,20261129,1,20261130,1
'1034889',20261005,1,20261006,1,20261007,1,20261008,1,20261009,1,20261010,1,20261011,1,20261012,1,20261013,1,20261014,1,20261015,1,20261016,1,20261017,1,20261018,1,20261019,1,20261020,1,20261021,1,20261022,1,20261023,1,20261024,1,20261025,1,20261026,1,20261027,1,20261028,1,20261029,1,20261030,1,20261031,1,20261101,1,20261102,1,20261103,1,20261104,1,20261105,1,20261106,1,20261107,1,20261108,1,20261109,1,20261110,1,20261111,1,20261112,1,20261113,1,20261114,1,20261115,1,20261116,1,20261117,1,20261118,1,20261119,1,20261120,1,20261121,1,20261122,1,20261123,1,20261124,1,20261125,1,20261126,1,20261127,1,20261128,1,20261129,1,20261130,1
'1034890',20261005,1,20261006,1,20261007,1,20261008,1,20261009,1,20261010,1,20261011,1,20261012,1,20261013,1,20261014,1,20261015,1,20261016,1,20261017,1,20261018,1,20261019,1,20261020,1,20261021,1,20261022,1,20261023,1,20261024,1,20261025,1,20261026,1,20261027,1,20261028,1,20261029,1,20261030,1,20261031,1,20261101,1,20261102,1,20261103,1,20261104,1,20261105,1,20261106,1,20261107,1,20261108,1,20261109,1,20261110,1,20261111,1,20261112,1,20261113,1,20261114,1,20261115,1,20261116,1,20261117,1,20261118,1,20261119,1,20261120,1,20261121,1,20261122,1,20261123,1,20261124,1,20261125,1,20261126,1,20261127,1,20261128,1,20261129,1,20261130,1
'1034891',20261005,1,20261006,1,20261007,1,20261008,1,20261009,1,20261010,1,20261011,1,20261012,1,20261013,1,20261014,1,20261015,1,20261016,1,20261017,1,20261018,1,20261019,1,20261020,1,20261021,1,20261022,1,20261023,1,20261024,1,20261025,1,20261026,1,20261027,1,20261028,1,20261029,1,20261030,1,20261031,1,20261101,1,20261102,1,20261103,1,20261104,1,20261105,1,20261106,1,20261107,1,20261108,1,20261109,1,20261110,1,20261111,1,20261112,1,20261113,1,20261114,1,20261115,1,20261116,1,20261117,1,20261118,1,20261119,1,20261120,1,20261121,1,20261122,1,20261123,1,20261124,1,20261125,1,20261126,1,20261127,1,20261128,1,20261129,1,20261130,1
'1034892',20261005,1,20261006,1,20261007,1,20261008,1,20261009,1,20261010,1,20261011,1,20261012,1,20261013,1,20261014,1,20261015,1,20261016,1,20261017,1,20261018,1,20261019,1,20261020,1,20261021,1,20261022,1,20261023,1,20261024,1,20261025,1,20261026,1,20261027,1,20261028,1,20261029,1,20261030,1,20261031,1,20261101,1,20261102,1,20261103,1,20261104,1,20261105,1,20261106,1,20261107,1,20261108,1,20261109,1,20261110,1,20261111,1,20261112,1,20261113,1,20261114,1,20261115,1,20261116,1,20261117,1,20261118,1,20261119,1,20261120,1,20261121,1,20261122,1,20261123,1,20261124,1,20261125,1,20261126,1,20261127,1,20261128,1,20261129,1,20261130,1
'1034893',20261005,1,20261006,1,20261007,1,20261008,1,20261009,1,20261010,1,20261011,1,20261012,1,20261013,1,20261014,1,20261015,1,20261016,1,20261017,1,20261018,1,20261019,1,20261020,1,20261021,1,20261022,1,20261023,1,20261024,1,20261025,1,20261026,1,20261027,1,20261028,1,20261029,1,20261030,1,20261031,1,20261101,1,20261102,1,20261103,1,20261104,1,20261105,1,20261106,1,20261107,1,20261108,1,20261109,1,20261110,1,20261111,1,20261112,1,20261113,1,20261114,1,20261115,1,20261116,1,20261117,1,20261118,1,20261119,1,20261120,1,20261121,1,20261122,1,20261123,1,20261124,1,20261125,1,20261126,1,20261127,1,20261128,1,20261129,1,20261130,1
'1034894',20261005,1,20261006,1,20261007,1,20261008,1,20261009,1,20261010,1,20261011,1,20261012,1,20261013,1,20261014,1,20261015,1,20261016,1,20261017,1,20261018,1,20261019,1,20261020,1,20261021,1,20261022,1,20261023,1,20261024,1,20261025,1,20261026,1,20261027,1,20261028,1,20261029,1,20261030,1,20261031,1,20261101,1,20261102,1,20261103,1,20261104,1,20261105,1,20261106,1,20261107,1,20261108,1,20261109,1,20261110,1,20261111,1,20261112,1,20261113,1,20261114,1,20261115,1,20261116,1,20261117,1,20261118,1,20261119,1,20261120,1,20261121,1,20261122,1,20261123,1,20261124,1,20261125,1,20261126,1,20261127,1,20261128,1,20261129,1,20261130,1
'1034895',20261005,1,20261006,1,20261007,1,20261008,1,20261009,1,20261010,1,20261011,1,20261012,1,20261013,1,20261014,1,20261015,1,20261016,1,20261017,1,20261018,1,20261019,1,20261020,1,20261021,1,20261022,1,20261023,1,20261024,1,20261025,1,20261026,1,20261027,1,20261028,1,20261029,1,20261030,1,20261031,1,20261101,1,20261102,1,20261103,1,20261104,1,20261105,1,20261106,1,20261107,1,20261108,1,20261109,1,20261110,1,20261111,1,20261112,1,20261113,1,20261114,1,20261115,1,20261116,1,20261117,1,20261118,1,20261119,1,20261120,1,20261121,1,20261122,1,20261123,1,20261124,1,20261125,1,20261126,1,20261127,1,20261128,1,20261129,1,20261130,1
'1034896',20261005,1,20261006,1,20261007,1,20261008,1,20261009,1,20261010,1,20261011,1,20261012,1,20261013,1,20261014,1,20261015,1,20261016,1,20261017,1,20261018,1,20261019,1,20261020,1,20261021,1,20261022,1,20261023,1,20261024,1,20261025,1,20261026,1,20261027,1,20261028,1,20261029,1,20261030,1,20261031,1,20261101,1,20261102,1,20261103,1,20261104,1,20261105,1,20261106,1,20261107,1,20261108,1,20261109,1,20261110,1,20261111,1,20261112,1,20261113,1,20261114,1,20261115,1,20261116,1,20261117,1,20261118,1,20261119,1,20261120,1,20261121,1,20261122,1,20261123,1,20261124,1,20261125,1,20261126,1,20261127,1,20261128,1,20261129,1,20261130,1
'1034897',20261005,1,20261006,1,20261007,1,20261008,1,20261009,1,20261010,1,20261011,1,20261012,1,20261013,1,20261014,1,20261015,1,20261016,1,20261017,1,20261018,1,20261019,1,20261020,1,20261021,1,20261022,1,20261023,1,20261024,1,20261025,1,20261026,1,20261027,1,20261028,1,20261029,1,20261030,1,20261031,1,20261101,1,20261102,1,20261103,1,20261104,1,20261105,1,20261106,1,20261107,1,20261108,1,20261109,1,20261110,1,20261111,1,20261112,1,20261113,1,20261114,1,20261115,1,20261116,1,20261117,1,20261118,1,20261119,1,20261120,1,20261121,1,20261122,1,20261123,1,20261124,1,20261125,1,20261126,1,20261127,1,20261128,1,20261129,1,20261130,1
'1034898',20261005,1,20261006,1,20261007,1,20261008,1,20261009,1,20261010,1,20261011,1,20261012,1,20261013,1,20261014,1,20261015,1,20261016,1,20261017,1,20261018,1,20261019,1,20261020,1,20261021,1,20261022,1,20261023,1,20261024,1,20261025,1,20261026,1,20261027,1,20261028,1,20261029,1,20261030,1,20261031,1,20261101,1,20261102,1,20261103,1,20261104,1,20261105,1,20261106,1,20261107,1,20261108,1,20261109,1,20261110,1,20261111,1,20261112,1,20261113,1,20261114,1,20261115,1,20261116,1,20261117,1,20261118,1,20261119,1,20261120,1,20261121,1,20261122,1,20261123,1,20261124,1,20261125,1,20261126,1,20261127,1,20261128,1,20261129,1,20261130,1
'1034899',20261005,1,20261006,1,20261007,1,20261008,1,20261009,1,20261010,1,20261011,1,20261012,1,20261013,1,20261014,1,20261015,1,20261016,1,20261017,1,20261018,1,20261019,1,20261020,1,20261021,1,20261022,1,20261023,1,20261024,1,20261025,1,20261026,1,20261027,1,20261028,1,20261029,1,20261030,1,20261031,1,20261101,1,20261102,1,20261103,1,20261104,1,20261105,1,20261106,1,20261107,1,20261108,1,20261109,1,20261110,1,20261111,1,20261112,1,20261113,1,20261114,1,20261115,1,20261116,1,20261117,1,20261118,1,20261119,1,20261120,1,20261121,1,20261122,1,20261123,1,20261124,1,20261125,1,20261126,1,20261127,1,20261128,1,20261129,1,20261130,1
'1034900',20261005,1,20261006,1,20261007,1,20261008,1,20261009,1,20261010,1,20261011,1,20261012,1,20261013,1,20261014,1,20261015,1,20261016,1,20261017,1,20261018,1,20261019,1,20261020,1,20261021,1,20261022,1,20261023,1,20261024,1,20261025,1,20261026,1,20261027,1,20261028,1,20261029,1,20261030,1,20261031,1,20261101,1,20261102,1,20261103,1,20261104,1,20261105,1,20261106,1,20261107,1,20261108,1,20261109,1,20261110,1,20261111,1,20261112,1,20261113,1,20261114,1,20261115,1,20261116,1,20261117,1,20261118,1,20261119,1,20261120,1,20261121,1,20261122,1,20261123,1,20261124,1,20261125,1,20261126,1,20261127,1,20261128,1,20261129,1,20261130,1
'1034901',20261005,1,20261006,1,20261007,1,20261008,1,20261009,1,20261010,1,20261011,1,20261012,1,20261013,1,20261014,1,20261015,1,20261016,1,20261017,1,20261018,1,20261019,1,20261020,1,20261021,1,20261022,1,20261023,1,20261024,1,20261025,1,20261026,1,20261027,1,20261028,1,20261029,1,20261030,1,20261031,1,20261101,1,20261102,1,20261103,1,20261104,1,20261105,1,20261106,1,20261107,1,20261108,1,20261109,1,20261110,1,20261111,1,20261112,1,20261113,1,20261114,1,20261115,1,20261116,1,20261117,1,20261118,1,20261119,1,20261120,1,20261121,1,20261122,1,20261123,1,20261124,1,20261125,1,20261126,1,20261127,1,20261128,1,20261129,1,20261130,1
'1034902',20261005,1,20261006,1,20261007,1,20261008,1,20261009,1,20261010,1,20261011,1,20261012,1,20261013,1,20261014,1,20261015,1,20261016,1,20261017,1,20261018,1,20261019,1,20261020,1,20261021,1,20261022,1,20261023,1,20261024,1,20261025,1,20261026,1,20261027,1,20261028,1,20261029,1,20261030,1,20261031,1,20261101,1,20261102,1,20261103,1,20261104,1,20261105,1,20261106,1,20261107,1,20261108,1,20261109,1,20261110,1,20261111,1,20261112,1,20261113,1,20261114,1,20261115,1,20261116,1,20261117,1,20261118,1,20261119,1,20261120,1,20261121,1,20261122,1,20261123,1,20261124,1,20261125,1,20261126,1,20261127,1,20261128,1,20261129,1,20261130,1
'1034903',20261005,1,20261006,1,20261007,1,20261008,1,20261009,1,20261010,1,20261011,1,20261012,1,20261013,1,20261014,1,20261015,1,20261016,1,20261017,1,20261018,1,20261019,1,20261020,1,20261021,1,20261022,1,20261023,1,20261024,1,20261025,1,20261026,1,20261027,1,20261028,1,20261029,1,20261030,1,20261031,1,20261101,1,20261102,1,20261103,1,20261104,1,20261105,1,20261106,1,20261107,1,20261108,1,20261109,1,20261110,1,20261111,1,20261112,1,20261113,1,20261114,1,20261115,1,20261116,1,20261117,1,20261118,1,20261119,1,20261120,1,20261121,1,20261122,1,20261123,1,20261124,1,20261125,1,20261126,1,20261127,1,20261128,1,20261129,1,20261130,1
'1034904',20261005,1,20261006,1,20261007,1,20261008,1,20261009,1,20261010,1,20261011,1,20261012,1,20261013,1,20261014,1,20261015,1,20261016,1,20261017,1,20261018,1,20261019,1,20261020,1,20261021,1,20261022,1,20261023,1,20261024,1,20261025,1,20261026,1,20261027,1,20261028,1,20261029,1,20261030,1,20261031,1,20261101,1,20261102,1,20261103,1,20261104,1,20261105,1,20261106,1,20261107,1,20261108,1,20261109,1,20261110,1,20261111,1,20261112,1,20261113,1,20261114,1,20261115,1,20261116,1,20261117,1,20261118,1,20261119,1,20261120,1,20261121,1,20261122,1,20261123,1,20261124,1,20261125,1,20261126,1,20261127,1,20261128,1,20261129,1,20261130,1
'1034905',20261005,1,20261006,1,20261007,1,20261008,1,20261009,1,20261010,1,20261011,1,20261012,1,20261013,1,20261014,1,20261015,1,20261016,1,20261017,1,20261018,1,20261019,1,20261020,1,20261021,1,20261022,1,20261023,1,20261024,1,20261025,1,20261026,1,20261027,1,20261028,1,20261029,1,20261030,1,20261031,1,20261101,1,20261102,1,20261103,1,20261104,1,20261105,1,20261106,1,20261107,1,20261108,1,20261109,1,20261110,1,20261111,1,20261112,1,20261113,1,20261114,1,20261115,1,20261116,1,20261117,1,20261118,1,20261119,1,20261120,1,20261121,1,20261122,1,20261123,1,20261124,1,20261125,1,20261126,1,20261127,1,20261128,1,20261129,1,20261130,1
'1034906',20261005,1,20261006,1,20261007,1,20261008,1,20261009,1,20261010,1,20261011,1,20261012,1,20261013,1,20261014,1,20261015,1,20261016,1,20261017,1,20261018,1,20261019,1,20261020,1,20261021,1,20261022,1,20261023,1,20261024,1,20261025,1,20261026,1,20261027,1,20261028,1,20261029,1,20261030,1,20261031,1,20261101,1,20261102,1,20261103,1,20261104,1,20261105,1,20261106,1,20261107,1,20261108,1,20261109,1,20261110,1,20261111,1,20261112,1,20261113,1,20261114,1,20261115,1,20261116,1,20261117,1,20261118,1,20261119,1,20261120,1,20261121,1,20261122,1,20261123,1,20261124,1,20261125,1,20261126,1,20261127,1,20261128,1,20261129,1,20261130,1
'1034907',20261005,1,20261006,1,20261007,1,20261008,1,20261009,1,20261010,1,20261011,1,20261012,1,20261013,1,20261014,1,20261015,1,20261016,1,20261017,1,20261018,1,20261019,1,20261020,1,20261021,1,20261022,1,20261023,1,20261024,1,20261025,1,20261026,1,20261027,1,20261028,1,20261029,1,20261030,1,20261031,1,20261101,1,20261102,1,20261103,1,20261104,1,20261105,1,20261106,1,20261107,1,20261108,1,20261109,1,20261110,1,20261111,1,20261112,1,20261113,1,20261114,1,20261115,1,20261116,1,20261117,1,20261118,1,20261119,1,20261120,1,20261121,1,20261122,1,20261123,1,20261124,1,20261125,1,20261126,1,20261127,1,20261128,1,20261129,1,20261130,1
'1034908',20261005,1,20261006,1,20261007,1,20261008,1,20261009,1,20261010,1,20261011,1,20261012,1,20261013,1,20261014,1,20261015,1,20261016,1,20261017,1,20261018,1,20261019,1,20261020,1,20261021,1,20261022,1,20261023,1,20261024,1,20261025,1,20261026,1,20261027,1,20261028,1,20261029,1,20261030,1,20261031,1,20261101,1,20261102,1,20261103,1,20261104,1,20261105,1,20261106,1,20261107,1,20261108,1,20261109,1,20261110,1,20261111,1,20261112,1,20261113,1,20261114,1,20261115,1,20261116,1,20261117,1,20261118,1,20261119,1,20261120,1,20261121,1,20261122,1,20261123,1,20261124,1,20261125,1,20261126,1,20261127,1,20261128,1,20261129,1,20261130,1
'1034909',20261005,1,20261006,1,20261007,1,20261008,1,20261009,1,20261010,1,20261011,1,20261012,1,20261013,1,20261014,1,20261015,1,20261016,1,20261017,1,20261018,1,20261019,1,20261020,1,20261021,1,20261022,1,20261023,1,20261024,1,20261025,1,20261026,1,20261027,1,20261028,1,20261029,1,20261030,1,20261031,1,20261101,1,20261102,1,20261103,1,20261104,1,20261105,1,20261106,1,20261107,1,20261108,1,20261109,1,20261110,1,20261111,1,20261112,1,20261113,1,20261114,1,20261115,1,20261116,1,20261117,1,20261118,1,20261119,1,20261120,1,20261121,1,20261122,1,20261123,1,20261124,1,20261125,1,20261126,1,20261127,1,20261128,1,20261129,1,20261130,1
'1034910',20261005,1,20261006,1,20261007,1,20261008,1,20261009,1,20261010,1,20261011,1,20261012,1,20261013,1,20261014,1,20261015,1,20261016,1,20261017,1,20261018,1,20261019,1,20261020,1,20261021,1,20261022,1,20261023,1,20261024,1,20261025,1,20261026,1,20261027,1,20261028,1,20261029,1,20261030,1,20261031,1,20261101,1,20261102,1,20261103,1,20261104,1,20261105,1,20261106,1,20261107,1,20261108,1,20261109,1,20261110,1,20261111,1,20261112,1,20261113,1,20261114,1,20261115,1,20261116,1,20261117,1,20261118,1,20261119,1,20261120,1,20261121,1,20261122,1,20261123,1,20261124,1,20261125,1,20261126,1,20261127,1,20261128,1,20261129,1,20261130,1
'1034911',20261005,1,20261006,1,20261007,1,20261008,1,20261009,1,20261010,1,20261011,1,20261012,1,20261013,1,20261014,1,20261015,1,20261016,1,20261017,1,20261018,1,20261019,1,20261020,1,20261021,1,20261022,1,20261023,1,20261024,1,20261025,1,20261026,1,20261027,1,20261028,1,20261029,1,20261030,1,20261031,1,20261101,1,20261102,1,20261103,1,20261104,1,20261105,1,20261106,1,20261107,1,20261108,1,20261109,1,20261110,1,20261111,1,20261112,1,20261113,1,20261114,1,20261115,1,20261116,1,20261117,1,20261118,1,20261119,1,20261120,1,20261121,1,20261122,1,20261123,1,20261124,1,20261125,1,20261126,1,20261127,1,20261128,1,20261129,1,20261130,1
'1034912',20261005,1,20261006,1,20261007,1,20261008,1,20261009,1,20261010,1,20261011,1,20261012,1,20261013,1,20261014,1,20261015,1,20261016,1,20261017,1,20261018,1,20261019,1,20261020,1,20261021,1,20261022,1,20261023,1,20261024,1,20261025,1,20261026,1,20261027,1,20261028,1,20261029,1,20261030,1,20261031,1,20261101,1,20261102,1,20261103,1,20261104,1,20261105,1,20261106,1,20261107,1,20261108,1,20261109,1,20261110,1,20261111,1,20261112,1,20261113,1,20261114,1,20261115,1,20261116,1,20261117,1,20261118,1,20261119,1,20261120,1,20261121,1,20261122,1,20261123,1,20261124,1,20261125,1,20261126,1,20261127,1,20261128,1,20261129,1,20261130,1
'1034913',20261005,1,20261006,1,20261007,1,20261008,1,20261009,1,20261010,1,20261011,1,20261012,1,20261013,1,20261014,1,20261015,1,20261016,1,20261017,1,20261018,1,20261019,1,20261020,1,20261021,1,20261022,1,20261023,1,20261024,1,20261025,1,20261026,1,20261027,1,20261028,1,20261029,1,20261030,1,20261031,1,20261101,1,20261102,1,20261103,1,20261104,1,20261105,1,20261106,1,20261107,1,20261108,1,20261109,1,20261110,1,20261111,1,20261112,1,20261113,1,20261114,1,20261115,1,20261116,1,20261117,1,20261118,1,20261119,1,20261120,1,20261121,1,20261122,1,20261123,1,20261124,1,20261125,1,20261126,1,20261127,1,20261128,1,20261129,1,20261130,1
'1034914',20261005,1,20261006,1,20261007,1,20261008,1,20261009,1,20261010,1,20261011,1,20261012,1,20261013,1,20261014,1,20261015,1,20261016,1,20261017,1,20261018,1,20261019,1,20261020,1,20261021,1,20261022,1,20261023,1,20261024,1,20261025,1,20261026,1,20261027,1,20261028,1,20261029,1,20261030,1,20261031,1,20261101,1,20261102,1,20261103,1,20261104,1,20261105,1,20261106,1,20261107,1,20261108,1,20261109,1,20261110,1,20261111,1,20261112,1,20261113,1,20261114,1,20261115,1,20261116,1,20261117,1,20261118,1,20261119,1,20261120,1,20261121,1,20261122,1,20261123,1,20261124,1,20261125,1,20261126,1,20261127,1,20261128,1,20261129,1,20261130,1
'1034915',20261005,1,20261006,1,20261007,1,20261008,1,20261009,1,20261010,1,20261011,1,20261012,1,20261013,1,20261014,1,20261015,1,20261016,1,20261017,1,20261018,1,20261019,1,20261020,1,20261021,1,20261022,1,20261023,1,20261024,1,20261025,1,20261026,1,20261027,1,20261028,1,20261029,1,20261030,1,20261031,1,20261101,1,20261102,1,20261103,1,20261104,1,20261105,1,20261106,1,20261107,1,20261108,1,20261109,1,20261110,1,20261111,1,20261112,1,20261113,1,20261114,1,20261115,1,20261116,1,20261117,1,20261118,1,20261119,1,20261120,1,20261121,1,20261122,1,20261123,1,20261124,1,20261125,1,20261126,1,20261127,1,20261128,1,20261129,1,20261130,1
'1034916',20261005,1,20261006,1,20261007,1,20261008,1,20261009,1,20261010,1,20261011,1,20261012,1,20261013,1,20261014,1,20261015,1,20261016,1,20261017,1,20261018,1,20261019,1,20261020,1,20261021,1,20261022,1,20261023,1,20261024,1,20261025,1,20261026,1,20261027,1,20261028,1,20261029,1,20261030,1,20261031,1,20261101,1,20261102,1,20261103,1,20261104,1,20261105,1,20261106,1,20261107,1,20261108,1,20261109,1,20261110,1,20261111,1,20261112,1,20261113,1,20261114,1,20261115,1,20261116,1,20261117,1,20261118,1,20261119,1,20261120,1,20261121,1,20261122,1,20261123,1,20261124,1,20261125,1,20261126,1,20261127,1,20261128,1,20261129,1,20261130,1
'1034917',20261005,1,20261006,1,20261007,1,20261008,1,20261009,1,20261010,1,20261011,1,20261012,1,20261013,1,20261014,1,20261015,1,20261016,1,20261017,1,20261018,1,20261019,1,20261020,1,20261021,1,20261022,1,20261023,1,20261024,1,20261025,1,20261026,1,20261027,1,20261028,1,20261029,1,20261030,1,20261031,1,20261101,1,20261102,1,20261103,1,20261104,1,20261105,1,20261106,1,20261107,1,20261108,1,20261109,1,20261110,1,20261111,1,20261112,1,20261113,1,20261114,1,20261115,1,20261116,1,20261117,1,20261118,1,20261119,1,20261120,1,20261121,1,20261122,1,20261123,1,20261124,1,20261125,1,20261126,1,20261127,1,20261128,1,20261129,1,20261130,1
'1034918',20261005,1,20261006,1,20261007,1,20261008,1,20261009,1,20261010,1,20261011,1,20261012,1,20261013,1,20261014,1,20261015,1,20261016,1,20261017,1,20261018,1,20261019,1,20261020,1,20261021,1,20261022,1,20261023,1,20261024,1,20261025,1,20261026,1,20261027,1,20261028,1,20261029,1,20261030,1,20261031,1,20261101,1,20261102,1,20261103,1,20261104,1,20261105,1,20261106,1,20261107,1,20261108,1,20261109,1,20261110,1,20261111,1,20261112,1,20261113,1,20261114,1,20261115,1,20261116,1,20261117,1,20261118,1,20261119,1,20261120,1,20261121,1,20261122,1,20261123,1,20261124,1,20261125,1,20261126,1,20261127,1,20261128,1,20261129,1,20261130,1
'1034919',20261005,1,20261006,1,20261007,1,20261008,1,20261009,1,20261010,1,20261011,1,20261012,1,20261013,1,20261014,1,20261015,1,20261016,1,20261017,1,20261018,1,20261019,1,20261020,1,20261021,1,20261022,1,20261023,1,20261024,1,20261025,1,20261026,1,20261027,1,20261028,1,20261029,1,20261030,1,20261031,1,20261101,1,20261102,1,20261103,1,20261104,1,20261105,1,20261106,1,20261107,1,20261108,1,20261109,1,20261110,1,20261111,1,20261112,1,20261113,1,20261114,1,20261115,1,20261116,1,20261117,1,20261118,1,20261119,1,20261120,1,20261121,1,20261122,1,20261123,1,20261124,1,20261125,1,20261126,1,20261127,1,20261128,1,20261129,1,20261130,1
'1034920',20261005,1,20261006,1,20261007,1,20261008,1,20261009,1,20261010,1,20261011,1,20261012,1,20261013,1,20261014,1,20261015,1,20261016,1,20261017,1,20261018,1,20261019,1,20261020,1,20261021,1,20261022,1,20261023,1,20261024,1,20261025,1,20261026,1,20261027,1,20261028,1,20261029,1,20261030,1,20261031,1,20261101,1,20261102,1,20261103,1,20261104,1,20261105,1,20261106,1,20261107,1,20261108,1,20261109,1,20261110,1,20261111,1,20261112,1,20261113,1,20261114,1,20261115,1,20261116,1,20261117,1,20261118,1,20261119,1,20261120,1,20261121,1,20261122,1,20261123,1,20261124,1,20261125,1,20261126,1,20261127,1,20261128,1,20261129,1,20261130,1
'1034921',20261005,1,20261006,1,20261007,1,20261008,1,20261009,1,20261010,1,20261011,1,20261012,1,20261013,1,20261014,1,20261015,1,20261016,1,20261017,1,20261018,1,20261019,1,20261020,1,20261021,1,20261022,1,20261023,1,20261024,1,20261025,1,20261026,1,20261027,1,20261028,1,20261029,1,20261030,1,20261031,1,20261101,1,20261102,1,20261103,1,20261104,1,20261105,1,20261106,1,20261107,1,20261108,1,20261109,1,20261110,1,20261111,1,20261112,1,20261113,1,20261114,1,20261115,1,20261116,1,20261117,1,20261118,1,20261119,1,20261120,1,20261121,1,20261122,1,20261123,1,20261124,1,20261125,1,20261126,1,20261127,1,20261128,1,20261129,1,20261130,1
'1034922',20261005,1,20261006,1,20261007,1,20261008,1,20261009,1,20261010,1,20261011,1,20261012,1,20261013,1,20261014,1,20261015,1,20261016,1,20261017,1,20261018,1,20261019,1,20261020,1,20261021,1,20261022,1,20261023,1,20261024,1,20261025,1,20261026,1,20261027,1,20261028,1,20261029,1,20261030,1,20261031,1,20261101,1,20261102,1,20261103,1,20261104,1,20261105,1,20261106,1,20261107,1,20261108,1,20261109,1,20261110,1,20261111,1,20261112,1,20261113,1,20261114,1,20261115,1,20261116,1,20261117,1,20261118,1,20261119,1,20261120,1,20261121,1,20261122,1,20261123,1,20261124,1,20261125,1,20261126,1,20261127,1,20261128,1,20261129,1,20261130,1
'1034923',20261005,1,20261006,1,20261007,1,20261008,1,20261009,1,20261010,1,20261011,1,20261012,1,20261013,1,20261014,1,20261015,1,20261016,1,20261017,1,20261018,1,20261019,1,20261020,1,20261021,1,20261022,1,20261023,1,20261024,1,20261025,1,20261026,1,20261027,1,20261028,1,20261029,1,20261030,1,20261031,1,20261101,1,20261102,1,20261103,1,20261104,1,20261105,1,20261106,1,20261107,1,20261108,1,20261109,1,20261110,1,20261111,1,20261112,1,20261113,1,20261114,1,20261115,1,20261116,1,20261117,1,20261118,1,20261119,1,20261120,1,20261121,1,20261122,1,20261123,1,20261124,1,20261125,1,20261126,1,20261127,1,20261128,1,20261129,1,20261130,1
'1034924',20261005,1,20261006,1,20261007,1,20261008,1,20261009,1,20261010,1,20261011,1,20261012,1,20261013,1,20261014,1,20261015,1,20261016,1,20261017,1,20261018,1,20261019,1,20261020,1,20261021,1,20261022,1,20261023,1,20261024,1,20261025,1,20261026,1,20261027,1,20261028,1,20261029,1,20261030,1,20261031,1,20261101,1,20261102,1,20261103,1,20261104,1,20261105,1,20261106,1,20261107,1,20261108,1,20261109,1,20261110,1,20261111,1,20261112,1,20261113,1,20261114,1,20261115,1,20261116,1,20261117,1,20261118,1,20261119,1,20261120,1,20261121,1,20261122,1,20261123,1,20261124,1,20261125,1,20261126,1,20261127,1,20261128,1,20261129,1,20261130,1
'1034925',20261005,1,20261006,1,20261007,1,20261008,1,20261009,1,20261010,1,20261011,1,20261012,1,20261013,1,20261014,1,20261015,1,20261016,1,20261017,1,20261018,1,20261019,1,20261020,1,20261021,1,20261022,1,20261023,1,20261024,1,20261025,1,20261026,1,20261027,1,20261028,1,20261029,1,20261030,1,20261031,1,20261101,1,20261102,1,20261103,1,20261104,1,20261105,1,20261106,1,20261107,1,20261108,1,20261109,1,20261110,1,20261111,1,20261112,1,20261113,1,20261114,1,20261115,1,20261116,1,20261117,1,20261118,1,20261119,1,20261120,1,20261121,1,20261122,1,20261123,1,20261124,1,20261125,1,20261126,1,20261127,1,20261128,1,20261129,1,20261130,1
'1034926',20261005,1,20261006,1,20261007,1,20261008,1,20261009,1,20261010,1,20261011,1,20261012,1,20261013,1,20261014,1,20261015,1,20261016,1,20261017,1,20261018,1,20261019,1,20261020,1,20261021,1,20261022,1,20261023,1,20261024,1,20261025,1,20261026,1,20261027,1,20261028,1,20261029,1,20261030,1,20261031,1,20261101,1,20261102,1,20261103,1,20261104,1,20261105,1,20261106,1,20261107,1,20261108,1,20261109,1,20261110,1,20261111,1,20261112,1,20261113,1,20261114,1,20261115,1,20261116,1,20261117,1,20261118,1,20261119,1,20261120,1,20261121,1,20261122,1,20261123,1,20261124,1,20261125,1,20261126,1,20261127,1,20261128,1,20261129,1,20261130,1
'1034927',20261005,1,20261006,1,20261007,1,20261008,1,20261009,1,20261010,1,20261011,1,20261012,1,20261013,1,20261014,1,20261015,1,20261016,1,20261017,1,20261018,1,20261019,1,20261020,1,20261021,1,20261022,1,20261023,1,20261024,1,20261025,1,20261026,1,20261027,1,20261028,1,20261029,1,20261030,1,20261031,1,20261101,1,20261102,1,20261103,1,20261104,1,20261105,1,20261106,1,20261107,1,20261108,1,20261109,1,20261110,1,20261111,1,20261112,1,20261113,1,20261114,1,20261115,1,20261116,1,20261117,1,20261118,1,20261119,1,20261120,1,20261121,1,20261122,1,20261123,1,20261124,1,20261125,1,20261126,1,20261127,1,20261128,1,20261129,1,20261130,1
'1034928',20261005,1,20261006,1,20261007,1,20261008,1,20261009,1,20261010,1,20261011,1,20261012,1,20261013,1,20261014,1,20261015,1,20261016,1,20261017,1,20261018,1,20261019,1,20261020,1,20261021,1,20261022,1,20261023,1,20261024,1,20261025,1,20261026,1,20261027,1,20261028,1,20261029,1,20261030,1,20261031,1,20261101,1,20261102,1,20261103,1,20261104,1,20261105,1,20261106,1,20261107,1,20261108,1,20261109,1,20261110,1,20261111,1,20261112,1,20261113,1,20261114,1,20261115,1,20261116,1,20261117,1,20261118,1,20261119,1,20261120,1,20261121,1,20261122,1,20261123,1,20261124,1,20261125,1,20261126,1,20261127,1,20261128,1,20261129,1,20261130,1
'1034929',20261005,1,20261006,1,20261007,1,20261008,1,20261009,1,20261010,1,20261011,1,20261012,1,20261013,1,20261014,1,20261015,1,20261016,1,20261017,1,20261018,1,20261019,1,20261020,1,20261021,1,20261022,1,20261023,1,20261024,1,20261025,1,20261026,1,20261027,1,20261028,1,20261029,1,20261030,1,20261031,1,20261101,1,20261102,1,20261103,1,20261104,1,20261105,1,20261106,1,20261107,1,20261108,1,20261109,1,20261110,1,20261111,1,20261112,1,20261113,1,20261114,1,20261115,1,20261116,1,20261117,1,20261118,1,20261119,1,20261120,1,20261121,1,20261122,1,20261123,1,20261124,1,20261125,1,20261126,1,20261127,1,20261128,1,20261129,1,20261130,1
'1034930',20261005,1,20261006,1,20261007,1,20261008,1,20261009,1,20261010,1,20261011,1,20261012,1,20261013,1,20261014,1,20261015,1,20261016,1,20261017,1,20261018,1,20261019,1,20261020,1,20261021,1,20261022,1,20261023,1,20261024,1,20261025,1,20261026,1,20261027,1,20261028,1,20261029,1,20261030,1,20261031,1,20261101,1,20261102,1,20261103,1,20261104,1,20261105,1,20261106,1,20261107,1,20261108,1,20261109,1,20261110,1,20261111,1,20261112,1,20261113,1,20261114,1,20261115,1,20261116,1,20261117,1,20261118,1,20261119,1,20261120,1,20261121,1,20261122,1,20261123,1,20261124,1,20261125,1,20261126,1,20261127,1,20261128,1,20261129,1,20261130,1
'1034931',20261005,1,20261006,1,20261007,1,20261008,1,20261009,1,20261010,1,20261011,1,20261012,1,20261013,1,20261014,1,20261015,1,20261016,1,20261017,1,20261018,1,20261019,1,20261020,1,20261021,1,20261022,1,20261023,1,20261024,1,20261025,1,20261026,1,20261027,1,20261028,1,20261029,1,20261030,1,20261031,1,20261101,1,20261102,1,20261103,1,20261104,1,20261105,1,20261106,1,20261107,1,20261108,1,20261109,1,20261110,1,20261111,1,20261112,1,20261113,1,20261114,1,20261115,1,20261116,1,20261117,1,20261118,1,20261119,1,20261120,1,20261121,1,20261122,1,20261123,1,20261124,1,20261125,1,20261126,1,20261127,1,20261128,1,20261129,1,20261130,1
'1034932',20261005,1,20261006,1,20261007,1,20261008,1,20261009,1,20261010,1,20261011,1,20261012,1,20261013,1,20261014,1,20261015,1,20261016,1,20261017,1,20261018,1,20261019,1,20261020,1,20261021,1,20261022,1,20261023,1,20261024,1,20261025,1,20261026,1,20261027,1,20261028,1,20261029,1,20261030,1,20261031,1,20261101,1,20261102,1,20261103,1,20261104,1,20261105,1,20261106,1,20261107,1,20261108,1,20261109,1,20261110,1,20261111,1,20261112,1,20261113,1,20261114,1,20261115,1,20261116,1,20261117,1,20261118,1,20261119,1,20261120,1,20261121,1,20261122,1,20261123,1,20261124,1,20261125,1,20261126,1,20261127,1,20261128,1,20261129,1,20261130,1
'1034933',20261005,1,20261006,1,20261007,1,20261008,1,20261009,1,20261010,1,20261011,1,20261012,1,20261013,1,20261014,1,20261015,1,20261016,1,20261017,1,20261018,1,20261019,1,20261020,1,20261021,1,20261022,1,20261023,1,20261024,1,20261025,1,20261026,1,20261027,1,20261028,1,20261029,1,20261030,1,20261031,1,20261101,1,20261102,1,20261103,1,20261104,1,20261105,1,20261106,1,20261107,1,20261108,1,20261109,1,20261110,1,20261111,1,20261112,1,20261113,1,20261114,1,20261115,1,20261116,1,20261117,1,20261118,1,20261119,1,20261120,1,20261121,1,20261122,1,20261123,1,20261124,1,20261125,1,20261126,1,20261127,1,20261128,1,20261129,1,20261130,1
'1034934',20261005,1,20261006,1,20261007,1,20261008,1,20261009,1,20261010,1,20261011,1,20261012,1,20261013,1,20261014,1,20261015,1,20261016,1,20261017,1,20261018,1,20261019,1,20261020,1,20261021,1,20261022,1,20261023,1,20261024,1,20261025,1,20261026,1,20261027,1,20261028,1,20261029,1,20261030,1,20261031,1,20261101,1,20261102,1,20261103,1,20261104,1,20261105,1,20261106,1,20261107,1,20261108,1,20261109,1,20261110,1,20261111,1,20261112,1,20261113,1,20261114,1,20261115,1,20261116,1,20261117,1,20261118,1,20261119,1,20261120,1,20261121,1,20261122,1,20261123,1,20261124,1,20261125,1,20261126,1,20261127,1,20261128,1,20261129,1,20261130,1
'1034935',20261005,1,20261006,1,20261007,1,20261008,1,20261009,1,20261010,1,20261011,1,20261012,1,20261013,1,20261014,1,20261015,1,20261016,1,20261017,1,20261018,1,20261019,1,20261020,1,20261021,1,20261022,1,20261023,1,20261024,1,20261025,1,20261026,1,20261027,1,20261028,1,20261029,1,20261030,1,20261031,1,20261101,1,20261102,1,20261103,1,20261104,1,20261105,1,20261106,1,20261107,1,20261108,1,20261109,1,20261110,1,20261111,1,20261112,1,20261113,1,20261114,1,20261115,1,20261116,1,20261117,1,20261118,1,20261119,1,20261120,1,20261121,1,20261122,1,20261123,1,20261124,1,20261125,1,20261126,1,20261127,1,20261128,1,20261129,1,20261130,1
'1034936',20261005,1,20261006,1,20261007,1,20261008,1,20261009,1,20261010,1,20261011,1,20261012,1,20261013,1,20261014,1,20261015,1,20261016,1,20261017,1,20261018,1,20261019,1,20261020,1,20261021,1,20261022,1,20261023,1,20261024,1,20261025,1,20261026,1,20261027,1,20261028,1,20261029,1,20261030,1,20261031,1,20261101,1,20261102,1,20261103,1,20261104,1,20261105,1,20261106,1,20261107,1,20261108,1,20261109,1,20261110,1,20261111,1,20261112,1,20261113,1,20261114,1,20261115,1,20261116,1,20261117,1,20261118,1,20261119,1,20261120,1,20261121,1,20261122,1,20261123,1,20261124,1,20261125,1,20261126,1,20261127,1,20261128,1,20261129,1,20261130,1
'1034937',20261005,1,20261006,1,20261007,1,20261008,1,20261009,1,20261010,1,20261011,1,20261012,1,20261013,1,20261014,1,20261015,1,20261016,1,20261017,1,20261018,1,20261019,1,20261020,1,20261021,1,20261022,1,20261023,1,20261024,1,20261025,1,20261026,1,20261027,1,20261028,1,20261029,1,20261030,1,20261031,1,20261101,1,20261102,1,20261103,1,20261104,1,20261105,1,20261106,1,20261107,1,20261108,1,20261109,1,20261110,1,20261111,1,20261112,1,20261113,1,20261114,1,20261115,1,20261116,1,20261117,1,20261118,1,20261119,1,20261120,1,20261121,1,20261122,1,20261123,1,20261124,1,20261125,1,20261126,1,20261127,1,20261128,1,20261129,1,20261130,1
'1034938',20261005,1,20261006,1,20261007,1,20261008,1,20261009,1,20261010,1,20261011,1,20261012,1,20261013,1,20261014,1,20261015,1,20261016,1,20261017,1,20261018,1,20261019,1,20261020,1,20261021,1,20261022,1,20261023,1,20261024,1,20261025,1,20261026,1,20261027,1,20261028,1,20261029,1,20261030,1,20261031,1,20261101,1,20261102,1,20261103,1,20261104,1,20261105,1,20261106,1,20261107,1,20261108,1,20261109,1,20261110,1,20261111,1,20261112,1,20261113,1,20261114,1,20261115,1,20261116,1,20261117,1,20261118,1,20261119,1,20261120,1,20261121,1,20261122,1,20261123,1,20261124,1,20261125,1,20261126,1,20261127,1,20261128,1,20261129,1,20261130,1
'1034939',20261005,1,20261006,1,20261007,1,20261008,1,20261009,1,20261010,1,20261011,1,20261012,1,20261013,1,20261014,1,20261015,1,20261016,1,20261017,1,20261018,1,20261019,1,20261020,1,20261021,1,20261022,1,20261023,1,20261024,1,20261025,1,20261026,1,20261027,1,20261028,1,20261029,1,20261030,1,20261031,1,20261101,1,20261102,1,20261103,1,20261104,1,20261105,1,20261106,1,20261107,1,20261108,1,20261109,1,20261110,1,20261111,1,20261112,1,20261113,1,20261114,1,20261115,1,20261116,1,20261117,1,20261118,1,20261119,1,20261120,1,20261121,1,20261122,1,20261123,1,20261124,1,20261125,1,20261126,1,20261127,1,20261128,1,20261129,1,20261130,1
'1034940',20261005,1,20261006,1,20261007,1,20261008,1,20261009,1,20261010,1,20261011,1,20261012,1,20261013,1,20261014,1,20261015,1,20261016,1,20261017,1,20261018,1,20261019,1,20261020,1,20261021,1,20261022,1,20261023,1,20261024,1,20261025,1,20261026,1,20261027,1,20261028,1,20261029,1,20261030,1,20261031,1,20261101,1,20261102,1,20261103,1,20261104,1,20261105,1,20261106,1,20261107,1,20261108,1,20261109,1,20261110,1,20261111,1,20261112,1,20261113,1,20261114,1,20261115,1,20261116,1,20261117,1,20261118,1,20261119,1,20261120,1,20261121,1,20261122,1,20261123,1,20261124,1,20261125,1,20261126,1,20261127,1,20261128,1,20261129,1,20261130,1
'1034941',20261005,1,20261006,1,20261007,1,20261008,1,20261009,1,20261010,1,20261011,1,20261012,1,20261013,1,20261014,1,20261015,1,20261016,1,20261017,1,20261018,1,20261019,1,20261020,1,20261021,1,20261022,1,20261023,1,20261024,1,20261025,1,20261026,1,20261027,1,20261028,1,20261029,1,20261030,1,20261031,1,20261101,1,20261102,1,20261103,1,20261104,1,20261105,1,20261106,1,20261107,1,20261108,1,20261109,1,20261110,1,20261111,1,20261112,1,20261113,1,20261114,1,20261115,1,20261116,1,20261117,1,20261118,1,20261119,1,20261120,1,20261121,1,20261122,1,20261123,1,20261124,1,20261125,1,20261126,1,20261127,1,20261128,1,20261129,1,20261130,1
'1034942',20261005,1,20261006,1,20261007,1,20261008,1,20261009,1,20261010,1,20261011,1,20261012,1,20261013,1,20261014,1,20261015,1,20261016,1,20261017,1,20261018,1,20261019,1,20261020,1,20261021,1,20261022,1,20261023,1,20261024,1,20261025,1,20261026,1,20261027,1,20261028,1,20261029,1,20261030,1,20261031,1,20261101,1,20261102,1,20261103,1,20261104,1,20261105,1,20261106,1,20261107,1,20261108,1,20261109,1,20261110,1,20261111,1,20261112,1,20261113,1,20261114,1,20261115,1,20261116,1,20261117,1,20261118,1,20261119,1,20261120,1,20261121,1,20261122,1,20261123,1,20261124,1,20261125,1,20261126,1,20261127,1,20261128,1,20261129,1,20261130,1
'1034943',20261005,1,20261006,1,20261007,1,20261008,1,20261009,1,20261010,1,20261011,1,20261012,1,20261013,1,20261014,1,20261015,1,20261016,1,20261017,1,20261018,1,20261019,1,20261020,1,20261021,1,20261022,1,20261023,1,20261024,1,20261025,1,20261026,1,20261027,1,20261028,1,20261029,1,20261030,1,20261031,1,20261101,1,20261102,1,20261103,1,20261104,1,20261105,1,20261106,1,20261107,1,20261108,1,20261109,1,20261110,1,20261111,1,20261112,1,20261113,1,20261114,1,20261115,1,20261116,1,20261117,1,20261118,1,20261119,1,20261120,1,20261121,1,20261122,1,20261123,1,20261124,1,20261125,1,20261126,1,20261127,1,20261128,1,20261129,1,20261130,1
'1034944',20261005,1,20261006,1,20261007,1,20261008,1,20261009,1,20261010,1,20261011,1,20261012,1,20261013,1,20261014,1,20261015,1,20261016,1,20261017,1,20261018,1,20261019,1,20261020,1,20261021,1,20261022,1,20261023,1,20261024,1,20261025,1,20261026,1,20261027,1,20261028,1,20261029,1,20261030,1,20261031,1,20261101,1,20261102,1,20261103,1,20261104,1,20261105,1,20261106,1,20261107,1,20261108,1,20261109,1,20261110,1,20261111,1,20261112,1,20261113,1,20261114,1,20261115,1,20261116,1,20261117,1,20261118,1,20261119,1,20261120,1,20261121,1,20261122,1,20261123,1,20261124,1,20261125,1,20261126,1,20261127,1,20261128,1,20261129,1,20261130,1
'1034945',20261005,1,20261006,1,20261007,1,20261008,1,20261009,1,20261010,1,20261011,1,20261012,1,20261013,1,20261014,1,20261015,1,20261016,1,20261017,1,20261018,1,20261019,1,20261020,1,20261021,1,20261022,1,20261023,1,20261024,1,20261025,1,20261026,1,20261027,1,20261028,1,20261029,1,20261030,1,20261031,1,20261101,1,20261102,1,20261103,1,20261104,1,20261105,1,20261106,1,20261107,1,20261108,1,20261109,1,20261110,1,20261111,1,20261112,1,20261113,1,20261114,1,20261115,1,20261116,1,20261117,1,20261118,1,20261119,1,20261120,1,20261121,1,20261122,1,20261123,1,20261124,1,20261125,1,20261126,1,20261127,1,20261128,1,20261129,1,20261130,1
'1034946',20261005,1,20261006,1,20261007,1,20261008,1,20261009,1,20261010,1,20261011,1,20261012,1,20261013,1,20261014,1,20261015,1,20261016,1,20261017,1,20261018,1,20261019,1,20261020,1,20261021,1,20261022,1,20261023,1,20261024,1,20261025,1,20261026,1,20261027,1,20261028,1,20261029,1,20261030,1,20261031,1,20261101,1,20261102,1,20261103,1,20261104,1,20261105,1,20261106,1,20261107,1,20261108,1,20261109,1,20261110,1,20261111,1,20261112,1,20261113,1,20261114,1,20261115,1,20261116,1,20261117,1,20261118,1,20261119,1,20261120,1,20261121,1,20261122,1,20261123,1,20261124,1,20261125,1,20261126,1,20261127,1,20261128,1,20261129,1,20261130,1
'1034947',20261005,1,20261006,1,20261007,1,20261008,1,20261009,1,20261010,1,20261011,1,20261012,1,20261013,1,20261014,1,20261015,1,20261016,1,20261017,1,20261018,1,20261019,1,20261020,1,20261021,1,20261022,1,20261023,1,20261024,1,20261025,1,20261026,1,20261027,1,20261028,1,20261029,1,20261030,1,20261031,1,20261101,1,20261102,1,20261103,1,20261104,1,20261105,1,20261106,1,20261107,1,20261108,1,20261109,1,20261110,1,20261111,1,20261112,1,20261113,1,20261114,1,20261115,1,20261116,1,20261117,1,20261118,1,20261119,1,20261120,1,20261121,1,20261122,1,20261123,1,20261124,1,20261125,1,20261126,1,20261127,1,20261128,1,20261129,1,20261130,1
'1034948',20261005,1,20261006,1,20261007,1,20261008,1,20261009,1,20261010,1,20261011,1,20261012,1,20261013,1,20261014,1,20261015,1,20261016,1,20261017,1,20261018,1,20261019,1,20261020,1,20261021,1,20261022,1,20261023,1,20261024,1,20261025,1,20261026,1,20261027,1,20261028,1,20261029,1,20261030,1,20261031,1,20261101,1,20261102,1,20261103,1,20261104,1,20261105,1,20261106,1,20261107,1,20261108,1,20261109,1,20261110,1,20261111,1,20261112,1,20261113,1,20261114,1,20261115,1,20261116,1,20261117,1,20261118,1,20261119,1,20261120,1,20261121,1,20261122,1,20261123,1,20261124,1,20261125,1,20261126,1,20261127,1,20261128,1,20261129,1,20261130,1
'1034949',20261005,1,20261006,1,20261007,1,20261008,1,20261009,1,20261010,1,20261011,1,20261012,1,20261013,1,20261014,1,20261015,1,20261016,1,20261017,1,20261018,1,20261019,1,20261020,1,20261021,1,20261022,1,20261023,1,20261024,1,20261025,1,20261026,1,20261027,1,20261028,1,20261029,1,20261030,1,20261031,1,20261101,1,20261102,1,20261103,1,20261104,1,20261105,1,20261106,1,20261107,1,20261108,1,20261109,1,20261110,1,20261111,1,20261112,1,20261113,1,20261114,1,20261115,1,20261116,1,20261117,1,20261118,1,20261119,1,20261120,1,20261121,1,20261122,1,20261123,1,20261124,1,20261125,1,20261126,1,20261127,1,20261128,1,20261129,1,20261130,1
'1034950',20261005,1,20261006,1,20261007,1,20261008,1,20261009,1,20261010,1,20261011,1,20261012,1,20261013,1,20261014,1,20261015,1,20261016,1,20261017,1,20261018,1,20261019,1,20261020,1,20261021,1,20261022,1,20261023,1,20261024,1,20261025,1,20261026,1,20261027,1,20261028,1,20261029,1,20261030,1,20261031,1,20261101,1,20261102,1,20261103,1,20261104,1,20261105,1,20261106,1,20261107,1,20261108,1,20261109,1,20261110,1,20261111,1,20261112,1,20261113,1,20261114,1,20261115,1,20261116,1,20261117,1,20261118,1,20261119,1,20261120,1,20261121,1,20261122,1,20261123,1,20261124,1,20261125,1,20261126,1,20261127,1,20261128,1,20261129,1,20261130,1
'1034951',20261005,1,20261006,1,20261007,1,20261008,1,20261009,1,20261010,1,20261011,1,20261012,1,20261013,1,20261014,1,20261015,1,20261016,1,20261017,1,20261018,1,20261019,1,20261020,1,20261021,1,20261022,1,20261023,1,20261024,1,20261025,1,20261026,1,20261027,1,20261028,1,20261029,1,20261030,1,20261031,1,20261101,1,20261102,1,20261103,1,20261104,1,20261105,1,20261106,1,20261107,1,20261108,1,20261109,1,20261110,1,20261111,1,20261112,1,20261113,1,20261114,1,20261115,1,20261116,1,20261117,1,20261118,1,20261119,1,20261120,1,20261121,1,20261122,1,20261123,1,20261124,1,20261125,1,20261126,1,20261127,1,20261128,1,20261129,1,20261130,1
'1034952',20261005,1,20261006,1,20261007,1,20261008,1,20261009,1,20261010,1,20261011,1,20261012,1,20261013,1,20261014,1,20261015,1,20261016,1,20261017,1,20261018,1,20261019,1,20261020,1,20261021,1,20261022,1,20261023,1,20261024,1,20261025,1,20261026,1,20261027,1,20261028,1,20261029,1,20261030,1,20261031,1,20261101,1,20261102,1,20261103,1,20261104,1,20261105,1,20261106,1,20261107,1,20261108,1,20261109,1,20261110,1,20261111,1,20261112,1,20261113,1,20261114,1,20261115,1,20261116,1,20261117,1,20261118,1,20261119,1,20261120,1,20261121,1,20261122,1,20261123,1,20261124,1,20261125,1,20261126,1,20261127,1,20261128,1,20261129,1,20261130,1
'1034953',20261005,1,20261006,1,20261007,1,20261008,1,20261009,1,20261010,1,20261011,1,20261012,1,20261013,1,20261014,1,20261015,1,20261016,1,20261017,1,20261018,1,20261019,1,20261020,1,20261021,1,20261022,1,20261023,1,20261024,1,20261025,1,20261026,1,20261027,1,20261028,1,20261029,1,20261030,1,20261031,1,20261101,1,20261102,1,20261103,1,20261104,1,20261105,1,20261106,1,20261107,1,20261108,1,20261109,1,20261110,1,20261111,1,20261112,1,20261113,1,20261114,1,20261115,1,20261116,1,20261117,1,20261118,1,20261119,1,20261120,1,20261121,1,20261122,1,20261123,1,20261124,1,20261125,1,20261126,1,20261127,1,20261128,1,20261129,1,20261130,1
'1034954',20261005,1,20261006,1,20261007,1,20261008,1,20261009,1,20261010,1,20261011,1,20261012,1,20261013,1,20261014,1,20261015,1,20261016,1,20261017,1,20261018,1,20261019,1,20261020,1,20261021,1,20261022,1,20261023,1,20261024,1,20261025,1,20261026,1,20261027,1,20261028,1,20261029,1,20261030,1,20261031,1,20261101,1,20261102,1,20261103,1,20261104,1,20261105,1,20261106,1,20261107,1,20261108,1,20261109,1,20261110,1,20261111,1,20261112,1,20261113,1,20261114,1,20261115,1,20261116,1,20261117,1,20261118,1,20261119,1,20261120,1,20261121,1,20261122,1,20261123,1,20261124,1,20261125,1,20261126,1,20261127,1,20261128,1,20261129,1,20261130,1
'1034955',20261005,1,20261006,1,20261007,1,20261008,1,20261009,1,20261010,1,20261011,1,20261012,1,20261013,1,20261014,1,20261015,1,20261016,1,20261017,1,20261018,1,20261019,1,20261020,1,20261021,1,20261022,1,20261023,1,20261024,1,20261025,1,20261026,1,20261027,1,20261028,1,20261029,1,20261030,1,20261031,1,20261101,1,20261102,1,20261103,1,20261104,1,20261105,1,20261106,1,20261107,1,20261108,1,20261109,1,20261110,1,20261111,1,20261112,1,20261113,1,20261114,1,20261115,1,20261116,1,20261117,1,20261118,1,20261119,1,20261120,1,20261121,1,20261122,1,20261123,1,20261124,1,20261125,1,20261126,1,20261127,1,20261128,1,20261129,1,20261130,1
'1034956',20261005,1,20261006,1,20261007,1,20261008,1,20261009,1,20261010,1,20261011,1,20261012,1,20261013,1,20261014,1,20261015,1,20261016,1,20261017,1,20261018,1,20261019,1,20261020,1,20261021,1,20261022,1,20261023,1,20261024,1,20261025,1,20261026,1,20261027,1,20261028,1,20261029,1,20261030,1,20261031,1,20261101,1,20261102,1,20261103,1,20261104,1,20261105,1,20261106,1,20261107,1,20261108,1,20261109,1,20261110,1,20261111,1,20261112,1,20261113,1,20261114,1,20261115,1,20261116,1,20261117,1,20261118,1,20261119,1,20261120,1,20261121,1,20261122,1,20261123,1,20261124,1,20261125,1,20261126,1,20261127,1,20261128,1,20261129,1,20261130,1
'1034957',20261005,1,20261006,1,20261007,1,20261008,1,20261009,1,20261010,1,20261011,1,20261012,1,20261013,1,20261014,1,20261015,1,20261016,1,20261017,1,20261018,1,20261019,1,20261020,1,20261021,1,20261022,1,20261023,1,20261024,1,20261025,1,20261026,1,20261027,1,20261028,1,20261029,1,20261030,1,20261031,1,20261101,1,20261102,1,20261103,1,20261104,1,20261105,1,20261106,1,20261107,1,20261108,1,20261109,1,20261110,1,20261111,1,20261112,1,20261113,1,20261114,1,20261115,1,20261116,1,20261117,1,20261118,1,20261119,1,20261120,1,20261121,1,20261122,1,20261123,1,20261124,1,20261125,1,20261126,1,20261127,1,20261128,1,20261129,1,20261130,1
'1034958',20261005,1,20261006,1,20261007,1,20261008,1,20261009,1,20261010,1,20261011,1,20261012,1,20261013,1,20261014,1,20261015,1,20261016,1,20261017,1,20261018,1,20261019,1,20261020,1,20261021,1,20261022,1,20261023,1,20261024,1,20261025,1,20261026,1,20261027,1,20261028,1,20261029,1,20261030,1,20261031,1,20261101,1,20261102,1,20261103,1,20261104,1,20261105,1,20261106,1,20261107,1,20261108,1,20261109,1,20261110,1,20261111,1,20261112,1,20261113,1,20261114,1,20261115,1,20261116,1,20261117,1,20261118,1,20261119,1,20261120,1,20261121,1,20261122,1,20261123,1,20261124,1,20261125,1,20261126,1,20261127,1,20261128,1,20261129,1,20261130,1
'1034959',20261005,1,20261006,1,20261007,1,20261008,1,20261009,1,20261010,1,20261011,1,20261012,1,20261013,1,20261014,1,20261015,1,20261016,1,20261017,1,20261018,1,20261019,1,20261020,1,20261021,1,20261022,1,20261023,1,20261024,1,20261025,1,20261026,1,20261027,1,20261028,1,20261029,1,20261030,1,20261031,1,20261101,1,20261102,1,20261103,1,20261104,1,20261105,1,20261106,1,20261107,1,20261108,1,20261109,1,20261110,1,20261111,1,20261112,1,20261113,1,20261114,1,20261115,1,20261116,1,20261117,1,20261118,1,20261119,1,20261120,1,20261121,1,20261122,1,20261123,1,20261124,1,20261125,1,20261126,1,20261127,1,20261128,1,20261129,1,20261130,1
'1034960',20261005,1,20261006,1,20261007,1,20261008,1,20261009,1,20261010,1,20261011,1,20261012,1,20261013,1,20261014,1,20261015,1,20261016,1,20261017,1,20261018,1,20261019,1,20261020,1,20261021,1,20261022,1,20261023,1,20261024,1,20261025,1,20261026,1,20261027,1,20261028,1,20261029,1,20261030,1,20261031,1,20261101,1,20261102,1,20261103,1,20261104,1,20261105,1,20261106,1,20261107,1,20261108,1,20261109,1,20261110,1,20261111,1,20261112,1,20261113,1,20261114,1,20261115,1,20261116,1,20261117,1,20261118,1,20261119,1,20261120,1,20261121,1,20261122,1,20261123,1,20261124,1,20261125,1,20261126,1,20261127,1,20261128,1,20261129,1,20261130,1
'1034961',20261005,1,20261006,1,20261007,1,20261008,1,20261009,1,20261010,1,20261011,1,20261012,1,20261013,1,20261014,1,20261015,1,20261016,1,20261017,1,20261018,1,20261019,1,20261020,1,20261021,1,20261022,1,20261023,1,20261024,1,20261025,1,20261026,1,20261027,1,20261028,1,20261029,1,20261030,1,20261031,1,20261101,1,20261102,1,20261103,1,20261104,1,20261105,1,20261106,1,20261107,1,20261108,1,20261109,1,20261110,1,20261111,1,20261112,1,20261113,1,20261114,1,20261115,1,20261116,1,20261117,1,20261118,1,20261119,1,20261120,1,20261121,1,20261122,1,20261123,1,20261124,1,20261125,1,20261126,1,20261127,1,20261128,1,20261129,1,20261130,1
'1034962',20261005,1,20261006,1,20261007,1,20261008,1,20261009,1,20261010,1,20261011,1,20261012,1,20261013,1,20261014,1,20261015,1,20261016,1,20261017,1,20261018,1,20261019,1,20261020,1,20261021,1,20261022,1,20261023,1,20261024,1,20261025,1,20261026,1,20261027,1,20261028,1,20261029,1,20261030,1,20261031,1,20261101,1,20261102,1,20261103,1,20261104,1,20261105,1,20261106,1,20261107,1,20261108,1,20261109,1,20261110,1,20261111,1,20261112,1,20261113,1,20261114,1,20261115,1,20261116,1,20261117,1,20261118,1,20261119,1,20261120,1,20261121,1,20261122,1,20261123,1,20261124,1,20261125,1,20261126,1,20261127,1,20261128,1,20261129,1,20261130,1
'1034963',20261005,1,20261006,1,20261007,1,20261008,1,20261009,1,20261010,1,20261011,1,20261012,1,20261013,1,20261014,1,20261015,1,20261016,1,20261017,1,20261018,1,20261019,1,20261020,1,20261021,1,20261022,1,20261023,1,20261024,1,20261025,1,20261026,1,20261027,1,20261028,1,20261029,1,20261030,1,20261031,1,20261101,1,20261102,1,20261103,1,20261104,1,20261105,1,20261106,1,20261107,1,20261108,1,20261109,1,20261110,1,20261111,1,20261112,1,20261113,1,20261114,1,20261115,1,20261116,1,20261117,1,20261118,1,20261119,1,20261120,1,20261121,1,20261122,1,20261123,1,20261124,1,20261125,1,20261126,1,20261127,1,20261128,1,20261129,1,20261130,1
'1034964',20261005,1,20261006,1,20261007,1,20261008,1,20261009,1,20261010,1,20261011,1,20261012,1,20261013,1,20261014,1,20261015,1,20261016,1,20261017,1,20261018,1,20261019,1,20261020,1,20261021,1,20261022,1,20261023,1,20261024,1,20261025,1,20261026,1,20261027,1,20261028,1,20261029,1,20261030,1,20261031,1,20261101,1,20261102,1,20261103,1,20261104,1,20261105,1,20261106,1,20261107,1,20261108,1,20261109,1,20261110,1,20261111,1,20261112,1,20261113,1,20261114,1,20261115,1,20261116,1,20261117,1,20261118,1,20261119,1,20261120,1,20261121,1,20261122,1,20261123,1,20261124,1,20261125,1,20261126,1,20261127,1,20261128,1,20261129,1,20261130,1
'1034965',20261005,1,20261006,1,20261007,1,20261008,1,20261009,1,20261010,1,20261011,1,20261012,1,20261013,1,20261014,1,20261015,1,20261016,1,20261017,1,20261018,1,20261019,1,20261020,1,20261021,1,20261022,1,20261023,1,20261024,1,20261025,1,20261026,1,20261027,1,20261028,1,20261029,1,20261030,1,20261031,1,20261101,1,20261102,1,20261103,1,20261104,1,20261105,1,20261106,1,20261107,1,20261108,1,20261109,1,20261110,1,20261111,1,20261112,1,20261113,1,20261114,1,20261115,1,20261116,1,20261117,1,20261118,1,20261119,1,20261120,1,20261121,1,20261122,1,20261123,1,20261124,1,20261125,1,20261126,1,20261127,1,20261128,1,20261129,1,20261130,1
'1034966',20261005,1,20261006,1,20261007,1,20261008,1,20261009,1,20261010,1,20261011,1,20261012,1,20261013,1,20261014,1,20261015,1,20261016,1,20261017,1,20261018,1,20261019,1,20261020,1,20261021,1,20261022,1,20261023,1,20261024,1,20261025,1,20261026,1,20261027,1,20261028,1,20261029,1,20261030,1,20261031,1,20261101,1,20261102,1,20261103,1,20261104,1,20261105,1,20261106,1,20261107,1,20261108,1,20261109,1,20261110,1,20261111,1,20261112,1,20261113,1,20261114,1,20261115,1,20261116,1,20261117,1,20261118,1,20261119,1,20261120,1,20261121,1,20261122,1,20261123,1,20261124,1,20261125,1,20261126,1,20261127,1,20261128,1,20261129,1,20261130,1
'1034967',20261005,1,20261006,1,20261007,1,20261008,1,20261009,1,20261010,1,20261011,1,20261012,1,20261013,1,20261014,1,20261015,1,20261016,1,20261017,1,20261018,1,20261019,1,20261020,1,20261021,1,20261022,1,20261023,1,20261024,1,20261025,1,20261026,1,20261027,1,20261028,1,20261029,1,20261030,1,20261031,1,20261101,1,20261102,1,20261103,1,20261104,1,20261105,1,20261106,1,20261107,1,20261108,1,20261109,1,20261110,1,20261111,1,20261112,1,20261113,1,20261114,1,20261115,1,20261116,1,20261117,1,20261118,1,20261119,1,20261120,1,20261121,1,20261122,1,20261123,1,20261124,1,20261125,1,20261126,1,20261127,1,20261128,1,20261129,1,20261130,1
'1034968',20261005,1,20261006,1,20261007,1,20261008,1,20261009,1,20261010,1,20261011,1,20261012,1,20261013,1,20261014,1,20261015,1,20261016,1,20261017,1,20261018,1,20261019,1,20261020,1,20261021,1,20261022,1,20261023,1,20261024,1,20261025,1,20261026,1,20261027,1,20261028,1,20261029,1,20261030,1,20261031,1,20261101,1,20261102,1,20261103,1,20261104,1,20261105,1,20261106,1,20261107,1,20261108,1,20261109,1,20261110,1,20261111,1,20261112,1,20261113,1,20261114,1,20261115,1,20261116,1,20261117,1,20261118,1,20261119,1,20261120,1,20261121,1,20261122,1,20261123,1,20261124,1,20261125,1,20261126,1,20261127,1,20261128,1,20261129,1,20261130,1
'1034969',20261005,1,20261006,1,20261007,1,20261008,1,20261009,1,20261010,1,20261011,1,20261012,1,20261013,1,20261014,1,20261015,1,20261016,1,20261017,1,20261018,1,20261019,1,20261020,1,20261021,1,20261022,1,20261023,1,20261024,1,20261025,1,20261026,1,20261027,1,20261028,1,20261029,1,20261030,1,20261031,1,20261101,1,20261102,1,20261103,1,20261104,1,20261105,1,20261106,1,20261107,1,20261108,1,20261109,1,20261110,1,20261111,1,20261112,1,20261113,1,20261114,1,20261115,1,20261116,1,20261117,1,20261118,1,20261119,1,20261120,1,20261121,1,20261122,1,20261123,1,20261124,1,20261125,1,20261126,1,20261127,1,20261128,1,20261129,1,20261130,1
'1034970',20261005,1,20261006,1,20261007,1,20261008,1,20261009,1,20261010,1,20261011,1,20261012,1,20261013,1,20261014,1,20261015,1,20261016,1,20261017,1,20261018,1,20261019,1,20261020,1,20261021,1,20261022,1,20261023,1,20261024,1,20261025,1,20261026,1,20261027,1,20261028,1,20261029,1,20261030,1,20261031,1,20261101,1,20261102,1,20261103,1,20261104,1,20261105,1,20261106,1,20261107,1,20261108,1,20261109,1,20261110,1,20261111,1,20261112,1,20261113,1,20261114,1,20261115,1,20261116,1,20261117,1,20261118,1,20261119,1,20261120,1,20261121,1,20261122,1,20261123,1,20261124,1,20261125,1,20261126,1,20261127,1,20261128,1,20261129,1,20261130,1
'1034971',20261005,1,20261006,1,20261007,1,20261008,1,20261009,1,20261010,1,20261011,1,20261012,1,20261013,1,20261014,1,20261015,1,20261016,1,20261017,1,20261018,1,20261019,1,20261020,1,20261021,1,20261022,1,20261023,1,20261024,1,20261025,1,20261026,1,20261027,1,20261028,1,20261029,1,20261030,1,20261031,1,20261101,1,20261102,1,20261103,1,20261104,1,20261105,1,20261106,1,20261107,1,20261108,1,20261109,1,20261110,1,20261111,1,20261112,1,20261113,1,20261114,1,20261115,1,20261116,1,20261117,1,20261118,1,20261119,1,20261120,1,20261121,1,20261122,1,20261123,1,20261124,1,20261125,1,20261126,1,20261127,1,20261128,1,20261129,1,20261130,1
'1034972',20261005,1,20261006,1,20261007,1,20261008,1,20261009,1,20261010,1,20261011,1,20261012,1,20261013,1,20261014,1,20261015,1,20261016,1,20261017,1,20261018,1,20261019,1,20261020,1,20261021,1,20261022,1,20261023,1,20261024,1,20261025,1,20261026,1,20261027,1,20261028,1,20261029,1,20261030,1,20261031,1,20261101,1,20261102,1,20261103,1,20261104,1,20261105,1,20261106,1,20261107,1,20261108,1,20261109,1,20261110,1,20261111,1,20261112,1,20261113,1,20261114,1,20261115,1,20261116,1,20261117,1,20261118,1,20261119,1,20261120,1,20261121,1,20261122,1,20261123,1,20261124,1,20261125,1,20261126,1,20261127,1,20261128,1,20261129,1,20261130,1
'1034973',20261005,1,20261006,1,20261007,1,20261008,1,20261009,1,20261010,1,20261011,1,20261012,1,20261013,1,20261014,1,20261015,1,20261016,1,20261017,1,20261018,1,20261019,1,20261020,1,20261021,1,20261022,1,20261023,1,20261024,1,20261025,1,20261026,1,20261027,1,20261028,1,20261029,1,20261030,1,20261031,1,20261101,1,20261102,1,20261103,1,20261104,1,20261105,1,20261106,1,20261107,1,20261108,1,20261109,1,20261110,1,20261111,1,20261112,1,20261113,1,20261114,1,20261115,1,20261116,1,20261117,1,20261118,1,20261119,1,20261120,1,20261121,1,20261122,1,20261123,1,20261124,1,20261125,1,20261126,1,20261127,1,20261128,1,20261129,1,20261130,1
'1034974',20261005,1,20261006,1,20261007,1,20261008,1,20261009,1,20261010,1,20261011,1,20261012,1,20261013,1,20261014,1,20261015,1,20261016,1,20261017,1,20261018,1,20261019,1,20261020,1,20261021,1,20261022,1,20261023,1,20261024,1,20261025,1,20261026,1,20261027,1,20261028,1,20261029,1,20261030,1,20261031,1,20261101,1,20261102,1,20261103,1,20261104,1,20261105,1,20261106,1,20261107,1,20261108,1,20261109,1,20261110,1,20261111,1,20261112,1,20261113,1,20261114,1,20261115,1,20261116,1,20261117,1,20261118,1,20261119,1,20261120,1,20261121,1,20261122,1,20261123,1,20261124,1,20261125,1,20261126,1,20261127,1,20261128,1,20261129,1,20261130,1
'1034975',20261005,1,20261006,1,20261007,1,20261008,1,20261009,1,20261010,1,20261011,1,20261012,1,20261013,1,20261014,1,20261015,1,20261016,1,20261017,1,20261018,1,20261019,1,20261020,1,20261021,1,20261022,1,20261023,1,20261024,1,20261025,1,20261026,1,20261027,1,20261028,1,20261029,1,20261030,1,20261031,1,20261101,1,20261102,1,20261103,1,20261104,1,20261105,1,20261106,1,20261107,1,20261108,1,20261109,1,20261110,1,20261111,1,20261112,1,20261113,1,20261114,1,20261115,1,20261116,1,20261117,1,20261118,1,20261119,1,20261120,1,20261121,1,20261122,1,20261123,1,20261124,1,20261125,1,20261126,1,20261127,1,20261128,1,20261129,1,20261130,1
'1034976',20261005,1,20261006,1,20261007,1,20261008,1,20261009,1,20261010,1,20261011,1,20261012,1,20261013,1,20261014,1,20261015,1,20261016,1,20261017,1,20261018,1,20261019,1,20261020,1,20261021,1,20261022,1,20261023,1,20261024,1,20261025,1,20261026,1,20261027,1,20261028,1,20261029,1,20261030,1,20261031,1,20261101,1,20261102,1,20261103,1,20261104,1,20261105,1,20261106,1,20261107,1,20261108,1,20261109,1,20261110,1,20261111,1,20261112,1,20261113,1,20261114,1,20261115,1,20261116,1,20261117,1,20261118,1,20261119,1,20261120,1,20261121,1,20261122,1,20261123,1,20261124,1,20261125,1,20261126,1,20261127,1,20261128,1,20261129,1,20261130,1
'1034977',20261005,1,20261006,1,20261007,1,20261008,1,20261009,1,20261010,1,20261011,1,20261012,1,20261013,1,20261014,1,20261015,1,20261016,1,20261017,1,20261018,1,20261019,1,20261020,1,20261021,1,20261022,1,20261023,1,20261024,1,20261025,1,20261026,1,20261027,1,20261028,1,20261029,1,20261030,1,20261031,1,20261101,1,20261102,1,20261103,1,20261104,1,20261105,1,20261106,1,20261107,1,20261108,1,20261109,1,20261110,1,20261111,1,20261112,1,20261113,1,20261114,1,20261115,1,20261116,1,20261117,1,20261118,1,20261119,1,20261120,1,20261121,1,20261122,1,20261123,1,20261124,1,20261125,1,20261126,1,20261127,1,20261128,1,20261129,1,20261130,1
'1034978',20261005,1,20261006,1,20261007,1,20261008,1,20261009,1,20261010,1,20261011,1,20261012,1,20261013,1,20261014,1,20261015,1,20261016,1,20261017,1,20261018,1,20261019,1,20261020,1,20261021,1,20261022,1,20261023,1,20261024,1,20261025,1,20261026,1,20261027,1,20261028,1,20261029,1,20261030,1,20261031,1,20261101,1,20261102,1,20261103,1,20261104,1,20261105,1,20261106,1,20261107,1,20261108,1,20261109,1,20261110,1,20261111,1,20261112,1,20261113,1,20261114,1,20261115,1,20261116,1,20261117,1,20261118,1,20261119,1,20261120,1,20261121,1,20261122,1,20261123,1,20261124,1,20261125,1,20261126,1,20261127,1,20261128,1,20261129,1,20261130,1
'1034979',20261005,1,20261006,1,20261007,1,20261008,1,20261009,1,20261010,1,20261011,1,20261012,1,20261013,1,20261014,1,20261015,1,20261016,1,20261017,1,20261018,1,20261019,1,20261020,1,20261021,1,20261022,1,20261023,1,20261024,1,20261025,1,20261026,1,20261027,1,20261028,1,20261029,1,20261030,1,20261031,1,20261101,1,20261102,1,20261103,1,20261104,1,20261105,1,20261106,1,20261107,1,20261108,1,20261109,1,20261110,1,20261111,1,20261112,1,20261113,1,20261114,1,20261115,1,20261116,1,20261117,1,20261118,1,20261119,1,20261120,1,20261121,1,20261122,1,20261123,1,20261124,1,20261125,1,20261126,1,20261127,1,20261128,1,20261129,1,20261130,1
'1034980',20261005,1,20261006,1,20261007,1,20261008,1,20261009,1,20261010,1,20261011,1,20261012,1,20261013,1,20261014,1,20261015,1,20261016,1,20261017,1,20261018,1,20261019,1,20261020,1,20261021,1,20261022,1,20261023,1,20261024,1,20261025,1,20261026,1,20261027,1,20261028,1,20261029,1,20261030,1,20261031,1,20261101,1,20261102,1,20261103,1,20261104,1,20261105,1,20261106,1,20261107,1,20261108,1,20261109,1,20261110,1,20261111,1,20261112,1,20261113,1,20261114,1,20261115,1,20261116,1,20261117,1,20261118,1,20261119,1,20261120,1,20261121,1,20261122,1,20261123,1,20261124,1,20261125,1,20261126,1,20261127,1,20261128,1,20261129,1,20261130,1
'1034981',20261005,1,20261006,1,20261007,1,20261008,1,20261009,1,20261010,1,20261011,1,20261012,1,20261013,1,20261014,1,20261015,1,20261016,1,20261017,1,20261018,1,20261019,1,20261020,1,20261021,1,20261022,1,20261023,1,20261024,1,20261025,1,20261026,1,20261027,1,20261028,1,20261029,1,20261030,1,20261031,1,20261101,1,20261102,1,20261103,1,20261104,1,20261105,1,20261106,1,20261107,1,20261108,1,20261109,1,20261110,1,20261111,1,20261112,1,20261113,1,20261114,1,20261115,1,20261116,1,20261117,1,20261118,1,20261119,1,20261120,1,20261121,1,20261122,1,20261123,1,20261124,1,20261125,1,20261126,1,20261127,1,20261128,1,20261129,1,20261130,1
'1034982',20261005,1,20261006,1,20261007,1,20261008,1,20261009,1,20261010,1,20261011,1,20261012,1,20261013,1,20261014,1,20261015,1,20261016,1,20261017,1,20261018,1,20261019,1,20261020,1,20261021,1,20261022,1,20261023,1,20261024,1,20261025,1,20261026,1,20261027,1,20261028,1,20261029,1,20261030,1,20261031,1,20261101,1,20261102,1,20261103,1,20261104,1,20261105,1,20261106,1,20261107,1,20261108,1,20261109,1,20261110,1,20261111,1,20261112,1,20261113,1,20261114,1,20261115,1,20261116,1,20261117,1,20261118,1,20261119,1,20261120,1,20261121,1,20261122,1,20261123,1,20261124,1,20261125,1,20261126,1,20261127,1,20261128,1,20261129,1,20261130,1
'1034983',20261005,1,20261006,1,20261007,1,20261008,1,20261009,1,20261010,1,20261011,1,20261012,1,20261013,1,20261014,1,20261015,1,20261016,1,20261017,1,20261018,1,20261019,1,20261020,1,20261021,1,20261022,1,20261023,1,20261024,1,20261025,1,20261026,1,20261027,1,20261028,1,20261029,1,20261030,1,20261031,1,20261101,1,20261102,1,20261103,1,20261104,1,20261105,1,20261106,1,20261107,1,20261108,1,20261109,1,20261110,1,20261111,1,20261112,1,20261113,1,20261114,1,20261115,1,20261116,1,20261117,1,20261118,1,20261119,1,20261120,1,20261121,1,20261122,1,20261123,1,20261124,1,20261125,1,20261126,1,20261127,1,20261128,1,20261129,1,20261130,1
'1034984',20261005,1,20261006,1,20261007,1,20261008,1,20261009,1,20261010,1,20261011,1,20261012,1,20261013,1,20261014,1,20261015,1,20261016,1,20261017,1,20261018,1,20261019,1,20261020,1,20261021,1,20261022,1,20261023,1,20261024,1,20261025,1,20261026,1,20261027,1,20261028,1,20261029,1,20261030,1,20261031,1,20261101,1,20261102,1,20261103,1,20261104,1,20261105,1,20261106,1,20261107,1,20261108,1,20261109,1,20261110,1,20261111,1,20261112,1,20261113,1,20261114,1,20261115,1,20261116,1,20261117,1,20261118,1,20261119,1,20261120,1,20261121,1,20261122,1,20261123,1,20261124,1,20261125,1,20261126,1,20261127,1,20261128,1,20261129,1,20261130,1
'1034985',20261005,1,20261006,1,20261007,1,20261008,1,20261009,1,20261010,1,20261011,1,20261012,1,20261013,1,20261014,1,20261015,1,20261016,1,20261017,1,20261018,1,20261019,1,20261020,1,20261021,1,20261022,1,20261023,1,20261024,1,20261025,1,20261026,1,20261027,1,20261028,1,20261029,1,20261030,1,20261031,1,20261101,1,20261102,1,20261103,1,20261104,1,20261105,1,20261106,1,20261107,1,20261108,1,20261109,1,20261110,1,20261111,1,20261112,1,20261113,1,20261114,1,20261115,1,20261116,1,20261117,1,20261118,1,20261119,1,20261120,1,20261121,1,20261122,1,20261123,1,20261124,1,20261125,1,20261126,1,20261127,1,20261128,1,20261129,1,20261130,1
'1034986',20261005,1,20261006,1,20261007,1,20261008,1,20261009,1,20261010,1,20261011,1,20261012,1,20261013,1,20261014,1,20261015,1,20261016,1,20261017,1,20261018,1,20261019,1,20261020,1,20261021,1,20261022,1,20261023,1,20261024,1,20261025,1,20261026,1,20261027,1,20261028,1,20261029,1,20261030,1,20261031,1,20261101,1,20261102,1,20261103,1,20261104,1,20261105,1,20261106,1,20261107,1,20261108,1,20261109,1,20261110,1,20261111,1,20261112,1,20261113,1,20261114,1,20261115,1,20261116,1,20261117,1,20261118,1,20261119,1,20261120,1,20261121,1,20261122,1,20261123,1,20261124,1,20261125,1,20261126,1,20261127,1,20261128,1,20261129,1,20261130,1
'1034987',20261005,1,20261006,1,20261007,1,20261008,1,20261009,1,20261010,1,20261011,1,20261012,1,20261013,1,20261014,1,20261015,1,20261016,1,20261017,1,20261018,1,20261019,1,20261020,1,20261021,1,20261022,1,20261023,1,20261024,1,20261025,1,20261026,1,20261027,1,20261028,1,20261029,1,20261030,1,20261031,1,20261101,1,20261102,1,20261103,1,20261104,1,20261105,1,20261106,1,20261107,1,20261108,1,20261109,1,20261110,1,20261111,1,20261112,1,20261113,1,20261114,1,20261115,1,20261116,1,20261117,1,20261118,1,20261119,1,20261120,1,20261121,1,20261122,1,20261123,1,20261124,1,20261125,1,20261126,1,20261127,1,20261128,1,20261129,1,20261130,1
'1034988',20261005,1,20261006,1,20261007,1,20261008,1,20261009,1,20261010,1,20261011,1,20261012,1,20261013,1,20261014,1,20261015,1,20261016,1,20261017,1,20261018,1,20261019,1,20261020,1,20261021,1,20261022,1,20261023,1,20261024,1,20261025,1,20261026,1,20261027,1,20261028,1,20261029,1,20261030,1,20261031,1,20261101,1,20261102,1,20261103,1,20261104,1,20261105,1,20261106,1,20261107,1,20261108,1,20261109,1,20261110,1,20261111,1,20261112,1,20261113,1,20261114,1,20261115,1,20261116,1,20261117,1,20261118,1,20261119,1,20261120,1,20261121,1,20261122,1,20261123,1,20261124,1,20261125,1,20261126,1,20261127,1,20261128,1,20261129,1,20261130,1
'1035421',20261013,1,20261014,1,20261015,1,20261016,1,20261017,1,20261018,1,20261019,1,20261020,1,20261021,1,20261022,1,20261023,1,20261024,1,20261025,1,20261026,1,20261027,1,20261028,1,20261029,1,20261030,1,20261031,1,20261101,1,20261102,1,20261103,1,20261104,1,20261105,1,20261106,1,20261107,1,20261108,1,20261109,1,20261110,1,20261111,1,20261112,1,20261113,1,20261114,1,20261115,1,20261116,1,20261117,1,20261118,1,20261119,1,20261120,1,20261121,1,20261122,1,20261123,1,20261124,1,20261125,1,20261126,1,20261127,1,20261128,1,20261129,1,20261130,1
'1035422',20261013,1,20261014,1,20261015,1,20261016,1,20261017,1,20261018,1,20261019,1,20261020,1,20261021,1,20261022,1,20261023,1,20261024,1,20261025,1,20261026,1,20261027,1,20261028,1,20261029,1,20261030,1,20261031,1,20261101,1,20261102,1,20261103,1,20261104,1,20261105,1,20261106,1,20261107,1,20261108,1,20261109,1,20261110,1,20261111,1,20261112,1,20261113,1,20261114,1,20261115,1,20261116,1,20261117,1,20261118,1,20261119,1,20261120,1,20261121,1,20261122,1,20261123,1,20261124,1,20261125,1,20261126,1,20261127,1,20261128,1,20261129,1,20261130,1
'1035423',20261013,1,20261014,1,20261015,1,20261016,1,20261017,1,20261018,1,20261019,1,20261020,1,20261021,1,20261022,1,20261023,1,20261024,1,20261025,1,20261026,1,20261027,1,20261028,1,20261029,1,20261030,1,20261031,1,20261101,1,20261102,1,20261103,1,20261104,1,20261105,1,20261106,1,20261107,1,20261108,1,20261109,1,20261110,1,20261111,1,20261112,1,20261113,1,20261114,1,20261115,1,20261116,1,20261117,1,20261118,1,20261119,1,20261120,1,20261121,1,20261122,1,20261123,1,20261124,1,20261125,1,20261126,1,20261127,1,20261128,1,20261129,1,20261130,1
'1035424',20261013,1,20261014,1,20261015,1,20261016,1,20261017,1,20261018,1,20261019,1,20261020,1,20261021,1,20261022,1,20261023,1,20261024,1,20261025,1,20261026,1,20261027,1,20261028,1,20261029,1,20261030,1,20261031,1,20261101,1,20261102,1,20261103,1,20261104,1,20261105,1,20261106,1,20261107,1,20261108,1,20261109,1,20261110,1,20261111,1,20261112,1,20261113,1,20261114,1,20261115,1,20261116,1,20261117,1,20261118,1,20261119,1,20261120,1,20261121,1,20261122,1,20261123,1,20261124,1,20261125,1,20261126,1,20261127,1,20261128,1,20261129,1,20261130,1
'1035425',20261013,1,20261014,1,20261015,1,20261016,1,20261017,1,20261018,1,20261019,1,20261020,1,20261021,1,20261022,1,20261023,1,20261024,1,20261025,1,20261026,1,20261027,1,20261028,1,20261029,1,20261030,1,20261031,1,20261101,1,20261102,1,20261103,1,20261104,1,20261105,1,20261106,1,20261107,1,20261108,1,20261109,1,20261110,1,20261111,1,20261112,1,20261113,1,20261114,1,20261115,1,20261116,1,20261117,1,20261118,1,20261119,1,20261120,1,20261121,1,20261122,1,20261123,1,20261124,1,20261125,1,20261126,1,20261127,1,20261128,1,20261129,1,20261130,1
'1035426',20261013,1,20261014,1,20261015,1,20261016,1,20261017,1,20261018,1,20261019,1,20261020,1,20261021,1,20261022,1,20261023,1,20261024,1,20261025,1,20261026,1,20261027,1,20261028,1,20261029,1,20261030,1,20261031,1,20261101,1,20261102,1,20261103,1,20261104,1,20261105,1,20261106,1,20261107,1,20261108,1,20261109,1,20261110,1,20261111,1,20261112,1,20261113,1,20261114,1,20261115,1,20261116,1,20261117,1,20261118,1,20261119,1,20261120,1,20261121,1,20261122,1,20261123,1,20261124,1,20261125,1,20261126,1,20261127,1,20261128,1,20261129,1,20261130,1
'1035427',20261013,1,20261014,1,20261015,1,20261016,1,20261017,1,20261018,1,20261019,1,20261020,1,20261021,1,20261022,1,20261023,1,20261024,1,20261025,1,20261026,1,20261027,1,20261028,1,20261029,1,20261030,1,20261031,1,20261101,1,20261102,1,20261103,1,20261104,1,20261105,1,20261106,1,20261107,1,20261108,1,20261109,1,20261110,1,20261111,1,20261112,1,20261113,1,20261114,1,20261115,1,20261116,1,20261117,1,20261118,1,20261119,1,20261120,1,20261121,1,20261122,1,20261123,1,20261124,1,20261125,1,20261126,1,20261127,1,20261128,1,20261129,1,20261130,1
'1035428',20261013,1,20261014,1,20261015,1,20261016,1,20261017,1,20261018,1,20261019,1,20261020,1,20261021,1,20261022,1,20261023,1,20261024,1,20261025,1,20261026,1,20261027,1,20261028,1,20261029,1,20261030,1,20261031,1,20261101,1,20261102,1,20261103,1,20261104,1,20261105,1,20261106,1,20261107,1,20261108,1,20261109,1,20261110,1,20261111,1,20261112,1,20261113,1,20261114,1,20261115,1,20261116,1,20261117,1,20261118,1,20261119,1,20261120,1,20261121,1,20261122,1,20261123,1,20261124,1,20261125,1,20261126,1,20261127,1,20261128,1,20261129,1,20261130,1
'1035429',20261013,1,20261014,1,20261015,1,20261016,1,20261017,1,20261018,1,20261019,1,20261020,1,20261021,1,20261022,1,20261023,1,20261024,1,20261025,1,20261026,1,20261027,1,20261028,1,20261029,1,20261030,1,20261031,1,20261101,1,20261102,1,20261103,1,20261104,1,20261105,1,20261106,1,20261107,1,20261108,1,20261109,1,20261110,1,20261111,1,20261112,1,20261113,1,20261114,1,20261115,1,20261116,1,20261117,1,20261118,1,20261119,1,20261120,1,20261121,1,20261122,1,20261123,1,20261124,1,20261125,1,20261126,1,20261127,1,20261128,1,20261129,1,20261130,1
'1035430',20261013,1,20261014,1,20261015,1,20261016,1,20261017,1,20261018,1,20261019,1,20261020,1,20261021,1,20261022,1,20261023,1,20261024,1,20261025,1,20261026,1,20261027,1,20261028,1,20261029,1,20261030,1,20261031,1,20261101,1,20261102,1,20261103,1,20261104,1,20261105,1,20261106,1,20261107,1,20261108,1,20261109,1,20261110,1,20261111,1,20261112,1,20261113,1,20261114,1,20261115,1,20261116,1,20261117,1,20261118,1,20261119,1,20261120,1,20261121,1,20261122,1,20261123,1,20261124,1,20261125,1,20261126,1,20261127,1,20261128,1,20261129,1,20261130,1
'1035431',20261013,1,20261014,1,20261015,1,20261016,1,20261017,1,20261018,1,20261019,1,20261020,1,20261021,1,20261022,1,20261023,1,20261024,1,20261025,1,20261026,1,20261027,1,20261028,1,20261029,1,20261030,1,20261031,1,20261101,1,20261102,1,20261103,1,20261104,1,20261105,1,20261106,1,20261107,1,20261108,1,20261109,1,20261110,1,20261111,1,20261112,1,20261113,1,20261114,1,20261115,1,20261116,1,20261117,1,20261118,1,20261119,1,20261120,1,20261121,1,20261122,1,20261123,1,20261124,1,20261125,1,20261126,1,20261127,1,20261128,1,20261129,1,20261130,1
'1035432',20261013,1,20261014,1,20261015,1,20261016,1,20261017,1,20261018,1,20261019,1,20261020,1,20261021,1,20261022,1,20261023,1,20261024,1,20261025,1,20261026,1,20261027,1,20261028,1,20261029,1,20261030,1,20261031,1,20261101,1,20261102,1,20261103,1,20261104,1,20261105,1,20261106,1,20261107,1,20261108,1,20261109,1,20261110,1,20261111,1,20261112,1,20261113,1,20261114,1,20261115,1,20261116,1,20261117,1,20261118,1,20261119,1,20261120,1,20261121,1,20261122,1,20261123,1,20261124,1,20261125,1,20261126,1,20261127,1,20261128,1,20261129,1,20261130,1
'1035433',20261013,1,20261014,1,20261015,1,20261016,1,20261017,1,20261018,1,20261019,1,20261020,1,20261021,1,20261022,1,20261023,1,20261024,1,20261025,1,20261026,1,20261027,1,20261028,1,20261029,1,20261030,1,20261031,1,20261101,1,20261102,1,20261103,1,20261104,1,20261105,1,20261106,1,20261107,1,20261108,1,20261109,1,20261110,1,20261111,1,20261112,1,20261113,1,20261114,1,20261115,1,20261116,1,20261117,1,20261118,1,20261119,1,20261120,1,20261121,1,20261122,1,20261123,1,20261124,1,20261125,1,20261126,1,20261127,1,20261128,1,20261129,1,20261130,1
'1035434',20261013,1,20261014,1,20261015,1,20261016,1,20261017,1,20261018,1,20261019,1,20261020,1,20261021,1,20261022,1,20261023,1,20261024,1,20261025,1,20261026,1,20261027,1,20261028,1,20261029,1,20261030,1,20261031,1,20261101,1,20261102,1,20261103,1,20261104,1,20261105,1,20261106,1,20261107,1,20261108,1,20261109,1,20261110,1,20261111,1,20261112,1,20261113,1,20261114,1,20261115,1,20261116,1,20261117,1,20261118,1,20261119,1,20261120,1,20261121,1,20261122,1,20261123,1,20261124,1,20261125,1,20261126,1,20261127,1,20261128,1,20261129,1,20261130,1
'1035435',20261013,1,20261014,1,20261015,1,20261016,1,20261017,1,20261018,1,20261019,1,20261020,1,20261021,1,20261022,1,20261023,1,20261024,1,20261025,1,20261026,1,20261027,1,20261028,1,20261029,1,20261030,1,20261031,1,20261101,1,20261102,1,20261103,1,20261104,1,20261105,1,20261106,1,20261107,1,20261108,1,20261109,1,20261110,1,20261111,1,20261112,1,20261113,1,20261114,1,20261115,1,20261116,1,20261117,1,20261118,1,20261119,1,20261120,1,20261121,1,20261122,1,20261123,1,20261124,1,20261125,1,20261126,1,20261127,1,20261128,1,20261129,1,20261130,1
'1035436',20261013,1,20261014,1,20261015,1,20261016,1,20261017,1,20261018,1,20261019,1,20261020,1,20261021,1,20261022,1,20261023,1,20261024,1,20261025,1,20261026,1,20261027,1,20261028,1,20261029,1,20261030,1,20261031,1,20261101,1,20261102,1,20261103,1,20261104,1,20261105,1,20261106,1,20261107,1,20261108,1,20261109,1,20261110,1,20261111,1,20261112,1,20261113,1,20261114,1,20261115,1,20261116,1,20261117,1,20261118,1,20261119,1,20261120,1,20261121,1,20261122,1,20261123,1,20261124,1,20261125,1,20261126,1,20261127,1,20261128,1,20261129,1,20261130,1
'1035437',20261013,1,20261014,1,20261015,1,20261016,1,20261017,1,20261018,1,20261019,1,20261020,1,20261021,1,20261022,1,20261023,1,20261024,1,20261025,1,20261026,1,20261027,1,20261028,1,20261029,1,20261030,1,20261031,1,20261101,1,20261102,1,20261103,1,20261104,1,20261105,1,20261106,1,20261107,1,20261108,1,20261109,1,20261110,1,20261111,1,20261112,1,20261113,1,20261114,1,20261115,1,20261116,1,20261117,1,20261118,1,20261119,1,20261120,1,20261121,1,20261122,1,20261123,1,20261124,1,20261125,1,20261126,1,20261127,1,20261128,1,20261129,1,20261130,1
'1035438',20261013,1,20261014,1,20261015,1,20261016,1,20261017,1,20261018,1,20261019,1,20261020,1,20261021,1,20261022,1,20261023,1,20261024,1,20261025,1,20261026,1,20261027,1,20261028,1,20261029,1,20261030,1,20261031,1,20261101,1,20261102,1,20261103,1,20261104,1,20261105,1,20261106,1,20261107,1,20261108,1,20261109,1,20261110,1,20261111,1,20261112,1,20261113,1,20261114,1,20261115,1,20261116,1,20261117,1,20261118,1,20261119,1,20261120,1,20261121,1,20261122,1,20261123,1,20261124,1,20261125,1,20261126,1,20261127,1,20261128,1,20261129,1,20261130,1
'1035439',20261013,1,20261014,1,20261015,1,20261016,1,20261017,1,20261018,1,20261019,1,20261020,1,20261021,1,20261022,1,20261023,1,20261024,1,20261025,1,20261026,1,20261027,1,20261028,1,20261029,1,20261030,1,20261031,1,20261101,1,20261102,1,20261103,1,20261104,1,20261105,1,20261106,1,20261107,1,20261108,1,20261109,1,20261110,1,20261111,1,20261112,1,20261113,1,20261114,1,20261115,1,20261116,1,20261117,1,20261118,1,20261119,1,20261120,1,20261121,1,20261122,1,20261123,1,20261124,1,20261125,1,20261126,1,20261127,1,20261128,1,20261129,1,20261130,1
'1035440',20261013,1,20261014,1,20261015,1,20261016,1,20261017,1,20261018,1,20261019,1,20261020,1,20261021,1,20261022,1,20261023,1,20261024,1,20261025,1,20261026,1,20261027,1,20261028,1,20261029,1,20261030,1,20261031,1,20261101,1,20261102,1,20261103,1,20261104,1,20261105,1,20261106,1,20261107,1,20261108,1,20261109,1,20261110,1,20261111,1,20261112,1,20261113,1,20261114,1,20261115,1,20261116,1,20261117,1,20261118,1,20261119,1,20261120,1,20261121,1,20261122,1,20261123,1,20261124,1,20261125,1,20261126,1,20261127,1,20261128,1,20261129,1,20261130,1
'1035441',20261013,1,20261014,1,20261015,1,20261016,1,20261017,1,20261018,1,20261019,1,20261020,1,20261021,1,20261022,1,20261023,1,20261024,1,20261025,1,20261026,1,20261027,1,20261028,1,20261029,1,20261030,1,20261031,1,20261101,1,20261102,1,20261103,1,20261104,1,20261105,1,20261106,1,20261107,1,20261108,1,20261109,1,20261110,1,20261111,1,20261112,1,20261113,1,20261114,1,20261115,1,20261116,1,20261117,1,20261118,1,20261119,1,20261120,1,20261121,1,20261122,1,20261123,1,20261124,1,20261125,1,20261126,1,20261127,1,20261128,1,20261129,1,20261130,1
'1035442',20261013,1,20261014,1,20261015,1,20261016,1,20261017,1,20261018,1,20261019,1,20261020,1,20261021,1,20261022,1,20261023,1,20261024,1,20261025,1,20261026,1,20261027,1,20261028,1,20261029,1,20261030,1,20261031,1,20261101,1,20261102,1,20261103,1,20261104,1,20261105,1,20261106,1,20261107,1,20261108,1,20261109,1,20261110,1,20261111,1,20261112,1,20261113,1,20261114,1,20261115,1,20261116,1,20261117,1,20261118,1,20261119,1,20261120,1,20261121,1,20261122,1,20261123,1,20261124,1,20261125,1,20261126,1,20261127,1,20261128,1,20261129,1,20261130,1
'1035443',20261013,1,20261014,1,20261015,1,20261016,1,20261017,1,20261018,1,20261019,1,20261020,1,20261021,1,20261022,1,20261023,1,20261024,1,20261025,1,20261026,1,20261027,1,20261028,1,20261029,1,20261030,1,20261031,1,20261101,1,20261102,1,20261103,1,20261104,1,20261105,1,20261106,1,20261107,1,20261108,1,20261109,1,20261110,1,20261111,1,20261112,1,20261113,1,20261114,1,20261115,1,20261116,1,20261117,1,20261118,1,20261119,1,20261120,1,20261121,1,20261122,1,20261123,1,20261124,1,20261125,1,20261126,1,20261127,1,20261128,1,20261129,1,20261130,1
'1035444',20261013,1,20261014,1,20261015,1,20261016,1,20261017,1,20261018,1,20261019,1,20261020,1,20261021,1,20261022,1,20261023,1,20261024,1,20261025,1,20261026,1,20261027,1,20261028,1,20261029,1,20261030,1,20261031,1,20261101,1,20261102,1,20261103,1,20261104,1,20261105,1,20261106,1,20261107,1,20261108,1,20261109,1,20261110,1,20261111,1,20261112,1,20261113,1,20261114,1,20261115,1,20261116,1,20261117,1,20261118,1,20261119,1,20261120,1,20261121,1,20261122,1,20261123,1,20261124,1,20261125,1,20261126,1,20261127,1,20261128,1,20261129,1,20261130,1
'1035445',20261013,1,20261014,1,20261015,1,20261016,1,20261017,1,20261018,1,20261019,1,20261020,1,20261021,1,20261022,1,20261023,1,20261024,1,20261025,1,20261026,1,20261027,1,20261028,1,20261029,1,20261030,1,20261031,1,20261101,1,20261102,1,20261103,1,20261104,1,20261105,1,20261106,1,20261107,1,20261108,1,20261109,1,20261110,1,20261111,1,20261112,1,20261113,1,20261114,1,20261115,1,20261116,1,20261117,1,20261118,1,20261119,1,20261120,1,20261121,1,20261122,1,20261123,1,20261124,1,20261125,1,20261126,1,20261127,1,20261128,1,20261129,1,20261130,1
'1035446',20261013,1,20261014,1,20261015,1,20261016,1,20261017,1,20261018,1,20261019,1,20261020,1,20261021,1,20261022,1,20261023,1,20261024,1,20261025,1,20261026,1,20261027,1,20261028,1,20261029,1,20261030,1,20261031,1,20261101,1,20261102,1,20261103,1,20261104,1,20261105,1,20261106,1,20261107,1,20261108,1,20261109,1,20261110,1,20261111,1,20261112,1,20261113,1,20261114,1,20261115,1,20261116,1,20261117,1,20261118,1,20261119,1,20261120,1,20261121,1,20261122,1,20261123,1,20261124,1,20261125,1,20261126,1,20261127,1,20261128,1,20261129,1,20261130,1
'1035447',20261013,1,20261014,1,20261015,1,20261016,1,20261017,1,20261018,1,20261019,1,20261020,1,20261021,1,20261022,1,20261023,1,20261024,1,20261025,1,20261026,1,20261027,1,20261028,1,20261029,1,20261030,1,20261031,1,20261101,1,20261102,1,20261103,1,20261104,1,20261105,1,20261106,1,20261107,1,20261108,1,20261109,1,20261110,1,20261111,1,20261112,1,20261113,1,20261114,1,20261115,1,20261116,1,20261117,1,20261118,1,20261119,1,20261120,1,20261121,1,20261122,1,20261123,1,20261124,1,20261125,1,20261126,1,20261127,1,20261128,1,20261129,1,20261130,1
'1035448',20261013,1,20261014,1,20261015,1,20261016,1,20261017,1,20261018,1,20261019,1,20261020,1,20261021,1,20261022,1,20261023,1,20261024,1,20261025,1,20261026,1,20261027,1,20261028,1,20261029,1,20261030,1,20261031,1,20261101,1,20261102,1,20261103,1,20261104,1,20261105,1,20261106,1,20261107,1,20261108,1,20261109,1,20261110,1,20261111,1,20261112,1,20261113,1,20261114,1,20261115,1,20261116,1,20261117,1,20261118,1,20261119,1,20261120,1,20261121,1,20261122,1,20261123,1,20261124,1,20261125,1,20261126,1,20261127,1,20261128,1,20261129,1,20261130,1
'1035449',20261013,1,20261014,1,20261015,1,20261016,1,20261017,1,20261018,1,20261019,1,20261020,1,20261021,1,20261022,1,20261023,1,20261024,1,20261025,1,20261026,1,20261027,1,20261028,1,20261029,1,20261030,1,20261031,1,20261101,1,20261102,1,20261103,1,20261104,1,20261105,1,20261106,1,20261107,1,20261108,1,20261109,1,20261110,1,20261111,1,20261112,1,20261113,1,20261114,1,20261115,1,20261116,1,20261117,1,20261118,1,20261119,1,20261120,1,20261121,1,20261122,1,20261123,1,20261124,1,20261125,1,20261126,1,20261127,1,20261128,1,20261129,1,20261130,1
'1035450',20261017,1,20261018,1,20261024,1,20261025,1,20261031,1,20261101,1,20261107,1,20261108,1,20261111,1,20261114,1,20261115,1,20261121,1,20261122,1,20261128,1,20261129,1
'1035451',20261013,1,20261014,1,20261015,1,20261016,1,20261017,1,20261018,1,20261019,1,20261020,1,20261021,1,20261022,1,20261023,1,20261024,1,20261025,1,20261026,1,20261027,1,20261028,1,20261029,1,20261030,1,20261031,1,20261101,1,20261102,1,20261103,1,20261104,1,20261105,1,20261106,1,20261107,1,20261108,1,20261109,1,20261110,1,20261111,1,20261112,1,20261113,1,20261114,1,20261115,1,20261116,1,20261117,1,20261118,1,20261119,1,20261120,1,20261121,1,20261122,1,20261123,1,20261124,1,20261125,1,20261126,1,20261127,1,20261128,1,20261129,1,20261130,1
'1035452',20261013,1,20261014,1,20261015,1,20261016,1,20261017,1,20261018,1,20261019,1,20261020,1,20261021,1,20261022,1,20261023,1,20261024,1,20261025,1,20261026,1,20261027,1,20261028,1,20261029,1,20261030,1,20261031,1,20261101,1,20261102,1,20261103,1,20261104,1,20261105,1,20261106,1,20261107,1,20261108,1,20261109,1,20261110,1,20261111,1,20261112,1,20261113,1,20261114,1,20261115,1,20261116,1,20261117,1,20261118,1,20261119,1,20261120,1,20261121,1,20261122,1,20261123,1,20261124,1,20261125,1,20261126,1,20261127,1,20261128,1,20261129,1,20261130,1
'1035453',20261013,1,20261014,1,20261015,1,20261016,1,20261017,1,20261018,1,20261019,1,20261020,1,20261021,1,20261022,1,20261023,1,20261024,1,20261025,1,20261026,1,20261027,1,20261028,1,20261029,1,20261030,1,20261031,1,20261101,1,20261102,1,20261103,1,20261104,1,20261105,1,20261106,1,20261107,1,20261108,1,20261109,1,20261110,1,20261111,1,20261112,1,20261113,1,20261114,1,20261115,1,20261116,1,20261117,1,20261118,1,20261119,1,20261120,1,20261121,1,20261122,1,20261123,1,20261124,1,20261125,1,20261126,1,20261127,1,20261128,1,20261129,1,20261130,1
'1035454',20261013,1,20261014,1,20261015,1,20261016,1,20261017,1,20261018,1,20261019,1,20261020,1,20261021,1,20261022,1,20261023,1,20261024,1,20261025,1,20261026,1,20261027,1,20261028,1,20261029,1,20261030,1,20261031,1,20261101,1,20261102,1,20261103,1,20261104,1,20261105,1,20261106,1,20261107,1,20261108,1,20261109,1,20261110,1,20261111,1,20261112,1,20261113,1,20261114,1,20261115,1,20261116,1,20261117,1,20261118,1,20261119,1,20261120,1,20261121,1,20261122,1,20261123,1,20261124,1,20261125,1,20261126,1,20261127,1,20261128,1,20261129,1,20261130,1
'1035455',20261013,1,20261014,1,20261015,1,20261016,1,20261017,1,20261018,1,20261019,1,20261020,1,20261021,1,20261022,1,20261023,1,20261024,1,20261025,1,20261026,1,20261027,1,20261028,1,20261029,1,20261030,1,20261031,1,20261101,1,20261102,1,20261103,1,20261104,1,20261105,1,20261106,1,20261107,1,20261108,1,20261109,1,20261110,1,20261111,1,20261112,1,20261113,1,20261114,1,20261115,1,20261116,1,20261117,1,20261118,1,20261119,1,20261120,1,20261121,1,20261122,1,20261123,1,20261124,1,20261125,1,20261126,1,20261127,1,20261128,1,20261129,1,20261130,1
'1035456',20261013,1,20261014,1,20261015,1,20261016,1,20261017,1,20261018,1,20261019,1,20261020,1,20261021,1,20261022,1,20261023,1,20261024,1,20261025,1,20261026,1,20261027,1,20261028,1,20261029,1,20261030,1,20261031,1,20261101,1,20261102,1,20261103,1,20261104,1,20261105,1,20261106,1,20261107,1,20261108,1,20261109,1,20261110,1,20261111,1,20261112,1,20261113,1,20261114,1,20261115,1,20261116,1,20261117,1,20261118,1,20261119,1,20261120,1,20261121,1,20261122,1,20261123,1,20261124,1,20261125,1,20261126,1,20261127,1,20261128,1,20261129,1,20261130,1
'1035457',20261013,1,20261014,1,20261015,1,20261016,1,20261017,1,20261018,1,20261019,1,20261020,1,20261021,1,20261022,1,20261023,1,20261024,1,20261025,1,20261026,1,20261027,1,20261028,1,20261029,1,20261030,1,20261031,1,20261101,1,20261102,1,20261103,1,20261104,1,20261105,1,20261106,1,20261107,1,20261108,1,20261109,1,20261110,1,20261111,1,20261112,1,20261113,1,20261114,1,20261115,1,20261116,1,20261117,1,20261118,1,20261119,1,20261120,1,20261121,1,20261122,1,20261123,1,20261124,1,20261125,1,20261126,1,20261127,1,20261128,1,20261129,1,20261130,1
'1035458',20261013,1,20261014,1,20261015,1,20261016,1,20261017,1,20261018,1,20261019,1,20261020,1,20261021,1,20261022,1,20261023,1,20261024,1,20261025,1,20261026,1,20261027,1,20261028,1,20261029,1,20261030,1,20261031,1,20261101,1,20261102,1,20261103,1,20261104,1,20261105,1,20261106,1,20261107,1,20261108,1,20261109,1,20261110,1,20261111,1,20261112,1,20261113,1,20261114,1,20261115,1,20261116,1,20261117,1,20261118,1,20261119,1,20261120,1,20261121,1,20261122,1,20261123,1,20261124,1,20261125,1,20261126,1,20261127,1,20261128,1,20261129,1,20261130,1
'1035459',20261013,1,20261014,1,20261015,1,20261016,1,20261017,1,20261018,1,20261019,1,20261020,1,20261021,1,20261022,1,20261023,1,20261024,1,20261025,1,20261026,1,20261027,1,20261028,1,20261029,1,20261030,1,20261031,1,20261101,1,20261102,1,20261103,1,20261104,1,20261105,1,20261106,1,20261107,1,20261108,1,20261109,1,20261110,1,20261111,1,20261112,1,20261113,1,20261114,1,20261115,1,20261116,1,20261117,1,20261118,1,20261119,1,20261120,1,20261121,1,20261122,1,20261123,1,20261124,1,20261125,1,20261126,1,20261127,1,20261128,1,20261129,1,20261130,1
'1035460',20261013,1,20261014,1,20261015,1,20261016,1,20261017,1,20261018,1,20261019,1,20261020,1,20261021,1,20261022,1,20261023,1,20261024,1,20261025,1,20261026,1,20261027,1,20261028,1,20261029,1,20261030,1,20261031,1,20261101,1,20261102,1,20261103,1,20261104,1,20261105,1,20261106,1,20261107,1,20261108,1,20261109,1,20261110,1,20261111,1,20261112,1,20261113,1,20261114,1,20261115,1,20261116,1,20261117,1,20261118,1,20261119,1,20261120,1,20261121,1,20261122,1,20261123,1,20261124,1,20261125,1,20261126,1,20261127,1,20261128,1,20261129,1,20261130,1
'1035461',20261013,1,20261014,1,20261015,1,20261016,1,20261017,1,20261018,1,20261019,1,20261020,1,20261021,1,20261022,1,20261023,1,20261024,1,20261025,1,20261026,1,20261027,1,20261028,1,20261029,1,20261030,1,20261031,1,20261101,1,20261102,1,20261103,1,20261104,1,20261105,1,20261106,1,20261107,1,20261108,1,20261109,1,20261110,1,20261111,1,20261112,1,20261113,1,20261114,1,20261115,1,20261116,1,20261117,1,20261118,1,20261119,1,20261120,1,20261121,1,20261122,1,20261123,1,20261124,1,20261125,1,20261126,1,20261127,1,20261128,1,20261129,1,20261130,1
'1035462',20261013,1,20261014,1,20261015,1,20261016,1,20261017,1,20261018,1,20261019,1,20261020,1,20261021,1,20261022,1,20261023,1,20261024,1,20261025,1,20261026,1,20261027,1,20261028,1,20261029,1,20261030,1,20261031,1,20261101,1,20261102,1,20261103,1,20261104,1,20261105,1,20261106,1,20261107,1,20261108,1,20261109,1,20261110,1,20261111,1,20261112,1,20261113,1,20261114,1,20261115,1,20261116,1,20261117,1,20261118,1,20261119,1,20261120,1,20261121,1,20261122,1,20261123,1,20261124,1,20261125,1,20261126,1,20261127,1,20261128,1,20261129,1,20261130,1
'1035463',20261013,1,20261014,1,20261015,1,20261016,1,20261017,1,20261018,1,20261019,1,20261020,1,20261021,1,20261022,1,20261023,1,20261024,1,20261025,1,20261026,1,20261027,1,20261028,1,20261029,1,20261030,1,20261031,1,20261101,1,20261102,1,20261103,1,20261104,1,20261105,1,20261106,1,20261107,1,20261108,1,20261109,1,20261110,1,20261111,1,20261112,1,20261113,1,20261114,1,20261115,1,20261116,1,20261117,1,20261118,1,20261119,1,20261120,1,20261121,1,20261122,1,20261123,1,20261124,1,20261125,1,20261126,1,20261127,1,20261128,1,20261129,1,20261130,1
'1035464',20261013,1,20261014,1,20261015,1,20261016,1,20261017,1,20261018,1,20261019,1,20261020,1,20261021,1,20261022,1,20261023,1,20261024,1,20261025,1,20261026,1,20261027,1,20261028,1,20261029,1,20261030,1,20261031,1,20261101,1,20261102,1,20261103,1,20261104,1,20261105,1,20261106,1,20261107,1,20261108,1,20261109,1,20261110,1,20261111,1,20261112,1,20261113,1,20261114,1,20261115,1,20261116,1,20261117,1,20261118,1,20261119,1,20261120,1,20261121,1,20261122,1,20261123,1,20261124,1,20261125,1,20261126,1,20261127,1,20261128,1,20261129,1,20261130,1
'1035465',20261013,1,20261014,1,20261015,1,20261016,1,20261017,1,20261018,1,20261019,1,20261020,1,20261021,1,20261022,1,20261023,1,20261024,1,20261025,1,20261026,1,20261027,1,20261028,1,20261029,1,20261030,1,20261031,1,20261101,1,20261102,1,20261103,1,20261104,1,20261105,1,20261106,1,20261107,1,20261108,1,20261109,1,20261110,1,20261111,1,20261112,1,20261113,1,20261114,1,20261115,1,20261116,1,20261117,1,20261118,1,20261119,1,20261120,1,20261121,1,20261122,1,20261123,1,20261124,1,20261125,1,20261126,1,20261127,1,20261128,1,20261129,1,20261130,1
'1035466',20261013,1,20261014,1,20261015,1,20261016,1,20261017,1,20261018,1,20261019,1,20261020,1,20261021,1,20261022,1,20261023,1,20261024,1,20261025,1,20261026,1,20261027,1,20261028,1,20261029,1,20261030,1,20261031,1,20261101,1,20261102,1,20261103,1,20261104,1,20261105,1,20261106,1,20261107,1,20261108,1,20261109,1,20261110,1,20261111,1,20261112,1,20261113,1,20261114,1,20261115,1,20261116,1,20261117,1,20261118,1,20261119,1,20261120,1,20261121,1,20261122,1,20261123,1,20261124,1,20261125,1,20261126,1,20261127,1,20261128,1,20261129,1,20261130,1
'1035467',20261013,1,20261014,1,20261015,1,20261016,1,20261017,1,20261018,1,20261019,1,20261020,1,20261021,1,20261022,1,20261023,1,20261024,1,20261025,1,20261026,1,20261027,1,20261028,1,20261029,1,20261030,1,20261031,1,20261101,1,20261102,1,20261103,1,20261104,1,20261105,1,20261106,1,20261107,1,20261108,1,20261109,1,20261110,1,20261111,1,20261112,1,20261113,1,20261114,1,20261115,1,20261116,1,20261117,1,20261118,1,20261119,1,20261120,1,20261121,1,20261122,1,20261123,1,20261124,1,20261125,1,20261126,1,20261127,1,20261128,1,20261129,1,20261130,1
'1035468',20261013,1,20261014,1,20261015,1,20261016,1,20261017,1,20261018,1,20261019,1,20261020,1,20261021,1,20261022,1,20261023,1,20261024,1,20261025,1,20261026,1,20261027,1,20261028,1,20261029,1,20261030,1,20261031,1,20261101,1,20261102,1,20261103,1,20261104,1,20261105,1,20261106,1,20261107,1,20261108,1,20261109,1,20261110,1,20261111,1,20261112,1,20261113,1,20261114,1,20261115,1,20261116,1,20261117,1,20261118,1,20261119,1,20261120,1,20261121,1,20261122,1,20261123,1,20261124,1,20261125,1,20261126,1,20261127,1,20261128,1,20261129,1,20261130,1
'1035469',20261013,1,20261014,1,20261015,1,20261016,1,20261017,1,20261018,1,20261019,1,20261020,1,20261021,1,20261022,1,20261023,1,20261024,1,20261025,1,20261026,1,20261027,1,20261028,1,20261029,1,20261030,1,20261031,1,20261101,1,20261102,1,20261103,1,20261104,1,20261105,1,20261106,1,20261107,1,20261108,1,20261109,1,20261110,1,20261111,1,20261112,1,20261113,1,20261114,1,20261115,1,20261116,1,20261117,1,20261118,1,20261119,1,20261120,1,20261121,1,20261122,1,20261123,1,20261124,1,20261125,1,20261126,1,20261127,1,20261128,1,20261129,1,20261130,1
'1035470',20261013,1,20261014,1,20261015,1,20261016,1,20261017,1,20261018,1,20261019,1,20261020,1,20261021,1,20261022,1,20261023,1,20261024,1,20261025,1,20261026,1,20261027,1,20261028,1,20261029,1,20261030,1,20261031,1,20261101,1,20261102,1,20261103,1,20261104,1,20261105,1,20261106,1,20261107,1,20261108,1,20261109,1,20261110,1,20261111,1,20261112,1,20261113,1,20261114,1,20261115,1,20261116,1,20261117,1,20261118,1,20261119,1,20261120,1,20261121,1,20261122,1,20261123,1,20261124,1,20261125,1,20261126,1,20261127,1,20261128,1,20261129,1,20261130,1
'1035471',20261013,1,20261014,1,20261015,1,20261016,1,20261017,1,20261018,1,20261019,1,20261020,1,20261021,1,20261022,1,20261023,1,20261024,1,20261025,1,20261026,1,20261027,1,20261028,1,20261029,1,20261030,1,20261031,1,20261101,1,20261102,1,20261103,1,20261104,1,20261105,1,20261106,1,20261107,1,20261108,1,20261109,1,20261110,1,20261111,1,20261112,1,20261113,1,20261114,1,20261115,1,20261116,1,20261117,1,20261118,1,20261119,1,20261120,1,20261121,1,20261122,1,20261123,1,20261124,1,20261125,1,20261126,1,20261127,1,20261128,1,20261129,1,20261130,1
'1035472',20261013,1,20261014,1,20261015,1,20261016,1,20261017,1,20261018,1,20261019,1,20261020,1,20261021,1,20261022,1,20261023,1,20261024,1,20261025,1,20261026,1,20261027,1,20261028,1,20261029,1,20261030,1,20261031,1,20261101,1,20261102,1,20261103,1,20261104,1,20261105,1,20261106,1,20261107,1,20261108,1,20261109,1,20261110,1,20261111,1,20261112,1,20261113,1,20261114,1,20261115,1,20261116,1,20261117,1,20261118,1,20261119,1,20261120,1,20261121,1,20261122,1,20261123,1,20261124,1,20261125,1,20261126,1,20261127,1,20261128,1,20261129,1,20261130,1
'1035473',20261013,1,20261014,1,20261015,1,20261016,1,20261017,1,20261018,1,20261019,1,20261020,1,20261021,1,20261022,1,20261023,1,20261024,1,20261025,1,20261026,1,20261027,1,20261028,1,20261029,1,20261030,1,20261031,1,20261101,1,20261102,1,20261103,1,20261104,1,20261105,1,20261106,1,20261107,1,20261108,1,20261109,1,20261110,1,20261111,1,20261112,1,20261113,1,20261114,1,20261115,1,20261116,1,20261117,1,20261118,1,20261119,1,20261120,1,20261121,1,20261122,1,20261123,1,20261124,1,20261125,1,20261126,1,20261127,1,20261128,1,20261129,1,20261130,1
'1035474',20261013,1,20261014,1,20261015,1,20261016,1,20261017,1,20261018,1,20261019,1,20261020,1,20261021,1,20261022,1,20261023,1,20261024,1,20261025,1,20261026,1,20261027,1,20261028,1,20261029,1,20261030,1,20261031,1,20261101,1,20261102,1,20261103,1,20261104,1,20261105,1,20261106,1,20261107,1,20261108,1,20261109,1,20261110,1,20261111,1,20261112,1,20261113,1,20261114,1,20261115,1,20261116,1,20261117,1,20261118,1,20261119,1,20261120,1,20261121,1,20261122,1,20261123,1,20261124,1,20261125,1,20261126,1,20261127,1,20261128,1,20261129,1,20261130,1
'1035475',20261013,1,20261014,1,20261015,1,20261016,1,20261017,1,20261018,1,20261019,1,20261020,1,20261021,1,20261022,1,20261023,1,20261024,1,20261025,1,20261026,1,20261027,1,20261028,1,20261029,1,20261030,1,20261031,1,20261101,1,20261102,1,20261103,1,20261104,1,20261105,1,20261106,1,20261107,1,20261108,1,20261109,1,20261110,1,20261111,1,20261112,1,20261113,1,20261114,1,20261115,1,20261116,1,20261117,1,20261118,1,20261119,1,20261120,1,20261121,1,20261122,1,20261123,1,20261124,1,20261125,1,20261126,1,20261127,1,20261128,1,20261129,1,20261130,1
'1035476',20261013,1,20261014,1,20261015,1,20261016,1,20261017,1,20261018,1,20261019,1,20261020,1,20261021,1,20261022,1,20261023,1,20261024,1,20261025,1,20261026,1,20261027,1,20261028,1,20261029,1,20261030,1,20261031,1,20261101,1,20261102,1,20261103,1,20261104,1,20261105,1,20261106,1,20261107,1,20261108,1,20261109,1,20261110,1,20261111,1,20261112,1,20261113,1,20261114,1,20261115,1,20261116,1,20261117,1,20261118,1,20261119,1,20261120,1,20261121,1,20261122,1,20261123,1,20261124,1,20261125,1,20261126,1,20261127,1,20261128,1,20261129,1,20261130,1
'1035477',20261013,1,20261014,1,20261015,1,20261016,1,20261017,1,20261018,1,20261019,1,20261020,1,20261021,1,20261022,1,20261023,1,20261024,1,20261025,1,20261026,1,20261027,1,20261028,1,20261029,1,20261030,1,20261031,1,20261101,1,20261102,1,20261103,1,20261104,1,20261105,1,20261106,1,20261107,1,20261108,1,20261109,1,20261110,1,20261111,1,20261112,1,20261113,1,20261114,1,20261115,1,20261116,1,20261117,1,20261118,1,20261119,1,20261120,1,20261121,1,20261122,1,20261123,1,20261124,1,20261125,1,20261126,1,20261127,1,20261128,1,20261129,1,20261130,1
'1035478',20261013,1,20261014,1,20261015,1,20261016,1,20261017,1,20261018,1,20261019,1,20261020,1,20261021,1,20261022,1,20261023,1,20261024,1,20261025,1,20261026,1,20261027,1,20261028,1,20261029,1,20261030,1,20261031,1,20261101,1,20261102,1,20261103,1,20261104,1,20261105,1,20261106,1,20261107,1,20261108,1,20261109,1,20261110,1,20261111,1,20261112,1,20261113,1,20261114,1,20261115,1,20261116,1,20261117,1,20261118,1,20261119,1,20261120,1,20261121,1,20261122,1,20261123,1,20261124,1,20261125,1,20261126,1,20261127,1,20261128,1,20261129,1,20261130,1
'1035479',20261013,1,20261014,1,20261015,1,20261016,1,20261017,1,20261018,1,20261019,1,20261020,1,20261021,1,20261022,1,20261023,1,20261024,1,20261025,1,20261026,1,20261027,1,20261028,1,20261029,1,20261030,1,20261031,1,20261101,1,20261102,1,20261103,1,20261104,1,20261105,1,20261106,1,20261107,1,20261108,1,20261109,1,20261110,1,20261111,1,20261112,1,20261113,1,20261114,1,20261115,1,20261116,1,20261117,1,20261118,1,20261119,1,20261120,1,20261121,1,20261122,1,20261123,1,20261124,1,20261125,1,20261126,1,20261127,1,20261128,1,20261129,1,20261130,1
'1035480',20261013,1,20261014,1,20261015,1,20261016,1,20261017,1,20261018,1,20261019,1,20261020,1,20261021,1,20261022,1,20261023,1,20261024,1,20261025,1,20261026,1,20261027,1,20261028,1,20261029,1,20261030,1,20261031,1,20261101,1,20261102,1,20261103,1,20261104,1,20261105,1,20261106,1,20261107,1,20261108,1,20261109,1,20261110,1,20261111,1,20261112,1,20261113,1,20261114,1,20261115,1,20261116,1,20261117,1,20261118,1,20261119,1,20261120,1,20261121,1,20261122,1,20261123,1,20261124,1,20261125,1,20261126,1,20261127,1,20261128,1,20261129,1,20261130,1
'1035481',20261013,1,20261014,1,20261015,1,20261016,1,20261017,1,20261018,1,20261019,1,20261020,1,20261021,1,20261022,1,20261023,1,20261024,1,20261025,1,20261026,1,20261027,1,20261028,1,20261029,1,20261030,1,20261031,1,20261101,1,20261102,1,20261103,1,20261104,1,20261105,1,20261106,1,20261107,1,20261108,1,20261109,1,20261110,1,20261111,1,20261112,1,20261113,1,20261114,1,20261115,1,20261116,1,20261117,1,20261118,1,20261119,1,20261120,1,20261121,1,20261122,1,20261123,1,20261124,1,20261125,1,20261126,1,20261127,1,20261128,1,20261129,1,20261130,1
'1035482',20261013,1,20261014,1,20261015,1,20261016,1,20261017,1,20261018,1,20261019,1,20261020,1,20261021,1,20261022,1,20261023,1,20261024,1,20261025,1,20261026,1,20261027,1,20261028,1,20261029,1,20261030,1,20261031,1,20261101,1,20261102,1,20261103,1,20261104,1,20261105,1,20261106,1,20261107,1,20261108,1,20261109,1,20261110,1,20261111,1,20261112,1,20261113,1,20261114,1,20261115,1,20261116,1,20261117,1,20261118,1,20261119,1,20261120,1,20261121,1,20261122,1,20261123,1,20261124,1,20261125,1,20261126,1,20261127,1,20261128,1,20261129,1,20261130,1
'1035483',20261013,1,20261014,1,20261015,1,20261016,1,20261017,1,20261018,1,20261019,1,20261020,1,20261021,1,20261022,1,20261023,1,20261024,1,20261025,1,20261026,1,20261027,1,20261028,1,20261029,1,20261030,1,20261031,1,20261101,1,20261102,1,20261103,1,20261104,1,20261105,1,20261106,1,20261107,1,20261108,1,20261109,1,20261110,1,20261111,1,20261112,1,20261113,1,20261114,1,20261115,1,20261116,1,20261117,1,20261118,1,20261119,1,20261120,1,20261121,1,20261122,1,20261123,1,20261124,1,20261125,1,20261126,1,20261127,1,20261128,1,20261129,1,20261130,1
'1035484',20261013,1,20261014,1,20261015,1,20261016,1,20261017,1,20261018,1,20261019,1,20261020,1,20261021,1,20261022,1,20261023,1,20261024,1,20261025,1,20261026,1,20261027,1,20261028,1,20261029,1,20261030,1,20261031,1,20261101,1,20261102,1,20261103,1,20261104,1,20261105,1,20261106,1,20261107,1,20261108,1,20261109,1,20261110,1,20261111,1,20261112,1,20261113,1,20261114,1,20261115,1,20261116,1,20261117,1,20261118,1,20261119,1,20261120,1,20261121,1,20261122,1,20261123,1,20261124,1,20261125,1,20261126,1,20261127,1,20261128,1,20261129,1,20261130,1
'1035485',20261013,1,20261014,1,20261015,1,20261016,1,20261017,1,20261018,1,20261019,1,20261020,1,20261021,1,20261022,1,20261023,1,20261024,1,20261025,1,20261026,1,20261027,1,20261028,1,20261029,1,20261030,1,20261031,1,20261101,1,20261102,1,20261103,1,20261104,1,20261105,1,20261106,1,20261107,1,20261108,1,20261109,1,20261110,1,20261111,1,20261112,1,20261113,1,20261114,1,20261115,1,20261116,1,20261117,1,20261118,1,20261119,1,20261120,1,20261121,1,20261122,1,20261123,1,20261124,1,20261125,1,20261126,1,20261127,1,20261128,1,20261129,1,20261130,1
'1035486',20261013,1,20261014,1,20261015,1,20261016,1,20261017,1,20261018,1,20261019,1,20261020,1,20261021,1,20261022,1,20261023,1,20261024,1,20261025,1,20261026,1,20261027,1,20261028,1,20261029,1,20261030,1,20261031,1,20261101,1,20261102,1,20261103,1,20261104,1,20261105,1,20261106,1,20261107,1,20261108,1,20261109,1,20261110,1,20261111,1,20261112,1,20261113,1,20261114,1,20261115,1,20261116,1,20261117,1,20261118,1,20261119,1,20261120,1,20261121,1,20261122,1,20261123,1,20261124,1,20261125,1,20261126,1,20261127,1,20261128,1,20261129,1,20261130,1
'1035487',20261013,1,20261014,1,20261015,1,20261016,1,20261017,1,20261018,1,20261019,1,20261020,1,20261021,1,20261022,1,20261023,1,20261024,1,20261025,1,20261026,1,20261027,1,20261028,1,20261029,1,20261030,1,20261031,1,20261101,1,20261102,1,20261103,1,20261104,1,20261105,1,20261106,1,20261107,1,20261108,1,20261109,1,20261110,1,20261111,1,20261112,1,20261113,1,20261114,1,20261115,1,20261116,1,20261117,1,20261118,1,20261119,1,20261120,1,20261121,1,20261122,1,20261123,1,20261124,1,20261125,1,20261126,1,20261127,1,20261128,1,20261129,1,20261130,1
'1035488',20261013,1,20261014,1,20261015,1,20261016,1,20261017,1,20261018,1,20261019,1,20261020,1,20261021,1,20261022,1,20261023,1,20261024,1,20261025,1,20261026,1,20261027,1,20261028,1,20261029,1,20261030,1,20261031,1,20261101,1,20261102,1,20261103,1,20261104,1,20261105,1,20261106,1,20261107,1,20261108,1,20261109,1,20261110,1,20261111,1,20261112,1,20261113,1,20261114,1,20261115,1,20261116,1,20261117,1,20261118,1,20261119,1,20261120,1,20261121,1,20261122,1,20261123,1,20261124,1,20261125,1,20261126,1,20261127,1,20261128,1,20261129,1,20261130,1
'1035489',20261013,1,20261014,1,20261015,1,20261016,1,20261017,1,20261018,1,20261019,1,20261020,1,20261021,1,20261022,1,20261023,1,20261024,1,20261025,1,20261026,1,20261027,1,20261028,1,20261029,1,20261030,1,20261031,1,20261101,1,20261102,1,20261103,1,20261104,1,20261105,1,20261106,1,20261107,1,20261108,1,20261109,1,20261110,1,20261111,1,20261112,1,20261113,1,20261114,1,20261115,1,20261116,1,20261117,1,20261118,1,20261119,1,20261120,1,20261121,1,20261122,1,20261123,1,20261124,1,20261125,1,20261126,1,20261127,1,20261128,1,20261129,1,20261130,1
'1035490',20261013,1,20261014,1,20261015,1,20261016,1,20261017,1,20261018,1,20261019,1,20261020,1,20261021,1,20261022,1,20261023,1,20261024,1,20261025,1,20261026,1,20261027,1,20261028,1,20261029,1,20261030,1,20261031,1,20261101,1,20261102,1,20261103,1,20261104,1,20261105,1,20261106,1,20261107,1,20261108,1,20261109,1,20261110,1,20261111,1,20261112,1,20261113,1,20261114,1,20261115,1,20261116,1,20261117,1,20261118,1,20261119,1,20261120,1,20261121,1,20261122,1,20261123,1,20261124,1,20261125,1,20261126,1,20261127,1,20261128,1,20261129,1,20261130,1
'1035491',20261013,1,20261014,1,20261015,1,20261016,1,20261017,1,20261018,1,20261019,1,20261020,1,20261021,1,20261022,1,20261023,1,20261024,1,20261025,1,20261026,1,20261027,1,20261028,1,20261029,1,20261030,1,20261031,1,20261101,1,20261102,1,20261103,1,20261104,1,20261105,1,20261106,1,20261107,1,20261108,1,20261109,1,20261110,1,20261111,1,20261112,1,20261113,1,20261114,1,20261115,1,20261116,1,20261117,1,20261118,1,20261119,1,20261120,1,20261121,1,20261122,1,20261123,1,20261124,1,20261125,1,20261126,1,20261127,1,20261128,1,20261129,1,20261130,1
'1035492',20261013,1,20261014,1,20261015,1,20261016,1,20261017,1,20261018,1,20261019,1,20261020,1,20261021,1,20261022,1,20261023,1,20261024,1,20261025,1,20261026,1,20261027,1,20261028,1,20261029,1,20261030,1,20261031,1,20261101,1,20261102,1,20261103,1,20261104,1,20261105,1,20261106,1,20261107,1,20261108,1,20261109,1,20261110,1,20261111,1,20261112,1,20261113,1,20261114,1,20261115,1,20261116,1,20261117,1,20261118,1,20261119,1,20261120,1,20261121,1,20261122,1,20261123,1,20261124,1,20261125,1,20261126,1,20261127,1,20261128,1,20261129,1,20261130,1
'1035493',20261013,1,20261014,1,20261015,1,20261016,1,20261017,1,20261018,1,20261019,1,20261020,1,20261021,1,20261022,1,20261023,1,20261024,1,20261025,1,20261026,1,20261027,1,20261028,1,20261029,1,20261030,1,20261031,1,20261101,1,20261102,1,20261103,1,20261104,1,20261105,1,20261106,1,20261107,1,20261108,1,20261109,1,20261110,1,20261111,1,20261112,1,20261113,1,20261114,1,20261115,1,20261116,1,20261117,1,20261118,1,20261119,1,20261120,1,20261121,1,20261122,1,20261123,1,20261124,1,20261125,1,20261126,1,20261127,1,20261128,1,20261129,1,20261130,1
'1035494',20261013,1,20261014,1,20261015,1,20261016,1,20261017,1,20261018,1,20261019,1,20261020,1,20261021,1,20261022,1,20261023,1,20261024,1,20261025,1,20261026,1,20261027,1,20261028,1,20261029,1,20261030,1,20261031,1,20261101,1,20261102,1,20261103,1,20261104,1,20261105,1,20261106,1,20261107,1,20261108,1,20261109,1,20261110,1,20261111,1,20261112,1,20261113,1,20261114,1,20261115,1,20261116,1,20261117,1,20261118,1,20261119,1,20261120,1,20261121,1,20261122,1,20261123,1,20261124,1,20261125,1,20261126,1,20261127,1,20261128,1,20261129,1,20261130,1
'1035495',20261013,1,20261014,1,20261015,1,20261016,1,20261017,1,20261018,1,20261019,1,20261020,1,20261021,1,20261022,1,20261023,1,20261024,1,20261025,1,20261026,1,20261027,1,20261028,1,20261029,1,20261030,1,20261031,1,20261101,1,20261102,1,20261103,1,20261104,1,20261105,1,20261106,1,20261107,1,20261108,1,20261109,1,20261110,1,20261111,1,20261112,1,20261113,1,20261114,1,20261115,1,20261116,1,20261117,1,20261118,1,20261119,1,20261120,1,20261121,1,20261122,1,20261123,1,20261124,1,20261125,1,20261126,1,20261127,1,20261128,1,20261129,1,20261130,1
'1035496',20261013,1,20261014,1,20261015,1,20261016,1,20261017,1,20261018,1,20261019,1,20261020,1,20261021,1,20261022,1,20261023,1,20261024,1,20261025,1,20261026,1,20261027,1,20261028,1,20261029,1,20261030,1,20261031,1,20261101,1,20261102,1,20261103,1,20261104,1,20261105,1,20261106,1,20261107,1,20261108,1,20261109,1,20261110,1,20261111,1,20261112,1,20261113,1,20261114,1,20261115,1,20261116,1,20261117,1,20261118,1,20261119,1,20261120,1,20261121,1,20261122,1,20261123,1,20261124,1,20261125,1,20261126,1,20261127,1,20261128,1,20261129,1,20261130,1
'1035497',20261013,1,20261014,1,20261015,1,20261016,1,20261017,1,20261018,1,20261019,1,20261020,1,20261021,1,20261022,1,20261023,1,20261024,1,20261025,1,20261026,1,20261027,1,20261028,1,20261029,1,20261030,1,20261031,1,20261101,1,20261102,1,20261103,1,20261104,1,20261105,1,20261106,1,20261107,1,20261108,1,20261109,1,20261110,1,20261111,1,20261112,1,20261113,1,20261114,1,20261115,1,20261116,1,20261117,1,20261118,1,20261119,1,20261120,1,20261121,1,20261122,1,20261123,1,20261124,1,20261125,1,20261126,1,20261127,1,20261128,1,20261129,1,20261130,1
'1035498',20261013,1,20261014,1,20261015,1,20261016,1,20261017,1,20261018,1,20261019,1,20261020,1,20261021,1,20261022,1,20261023,1,20261024,1,20261025,1,20261026,1,20261027,1,20261028,1,20261029,1,20261030,1,20261031,1,20261101,1,20261102,1,20261103,1,20261104,1,20261105,1,20261106,1,20261107,1,20261108,1,20261109,1,20261110,1,20261111,1,20261112,1,20261113,1,20261114,1,20261115,1,20261116,1,20261117,1,20261118,1,20261119,1,20261120,1,20261121,1,20261122,1,20261123,1,20261124,1,20261125,1,20261126,1,20261127,1,20261128,1,20261129,1,20261130,1
'1035499',20261013,1,20261014,1,20261015,1,20261016,1,20261017,1,20261018,1,20261019,1,20261020,1,20261021,1,20261022,1,20261023,1,20261024,1,20261025,1,20261026,1,20261027,1,20261028,1,20261029,1,20261030,1,20261031,1,20261101,1,20261102,1,20261103,1,20261104,1,20261105,1,20261106,1,20261107,1,20261108,1,20261109,1,20261110,1,20261111,1,20261112,1,20261113,1,20261114,1,20261115,1,20261116,1,20261117,1,20261118,1,20261119,1,20261120,1,20261121,1,20261122,1,20261123,1,20261124,1,20261125,1,20261126,1,20261127,1,20261128,1,20261129,1,20261130,1
'1035500',20261013,1,20261014,1,20261015,1,20261016,1,20261017,1,20261018,1,20261019,1,20261020,1,20261021,1,20261022,1,20261023,1,20261024,1,20261025,1,20261026,1,20261027,1,20261028,1,20261029,1,20261030,1,20261031,1,20261101,1,20261102,1,20261103,1,20261104,1,20261105,1,20261106,1,20261107,1,20261108,1,20261109,1,20261110,1,20261111,1,20261112,1,20261113,1,20261114,1,20261115,1,20261116,1,20261117,1,20261118,1,20261119,1,20261120,1,20261121,1,20261122,1,20261123,1,20261124,1,20261125,1,20261126,1,20261127,1,20261128,1,20261129,1,20261130,1
'1035501',20261013,1,20261014,1,20261015,1,20261016,1,20261017,1,20261018,1,20261019,1,20261020,1,20261021,1,20261022,1,20261023,1,20261024,1,20261025,1,20261026,1,20261027,1,20261028,1,20261029,1,20261030,1,20261031,1,20261101,1,20261102,1,20261103,1,20261104,1,20261105,1,20261106,1,20261107,1,20261108,1,20261109,1,20261110,1,20261111,1,20261112,1,20261113,1,20261114,1,20261115,1,20261116,1,20261117,1,20261118,1,20261119,1,20261120,1,20261121,1,20261122,1,20261123,1,20261124,1,20261125,1,20261126,1,20261127,1,20261128,1,20261129,1,20261130,1
'1035502',20261013,1,20261014,1,20261015,1,20261016,1,20261017,1,20261018,1,20261019,1,20261020,1,20261021,1,20261022,1,20261023,1,20261024,1,20261025,1,20261026,1,20261027,1,20261028,1,20261029,1,20261030,1,20261031,1,20261101,1,20261102,1,20261103,1,20261104,1,20261105,1,20261106,1,20261107,1,20261108,1,20261109,1,20261110,1,20261111,1,20261112,1,20261113,1,20261114,1,20261115,1,20261116,1,20261117,1,20261118,1,20261119,1,20261120,1,20261121,1,20261122,1,20261123,1,20261124,1,20261125,1,20261126,1,20261127,1,20261128,1,20261129,1,20261130,1
'1035503',20261013,1,20261014,1,20261015,1,20261016,1,20261017,1,20261018,1,20261019,1,20261020,1,20261021,1,20261022,1,20261023,1,20261024,1,20261025,1,20261026,1,20261027,1,20261028,1,20261029,1,20261030,1,20261031,1,20261101,1,20261102,1,20261103,1,20261104,1,20261105,1,20261106,1,20261107,1,20261108,1,20261109,1,20261110,1,20261111,1,20261112,1,20261113,1,20261114,1,20261115,1,20261116,1,20261117,1,20261118,1,20261119,1,20261120,1,20261121,1,20261122,1,20261123,1,20261124,1,20261125,1,20261126,1,20261127,1,20261128,1,20261129,1,20261130,1
'1035504',20261013,1,20261014,1,20261015,1,20261016,1,20261017,1,20261018,1,20261019,1,20261020,1,20261021,1,20261022,1,20261023,1,20261024,1,20261025,1,20261026,1,20261027,1,20261028,1,20261029,1,20261030,1,20261031,1,20261101,1,20261102,1,20261103,1,20261104,1,20261105,1,20261106,1,20261107,1,20261108,1,20261109,1,20261110,1,20261111,1,20261112,1,20261113,1,20261114,1,20261115,1,20261116,1,20261117,1,20261118,1,20261119,1,20261120,1,20261121,1,20261122,1,20261123,1,20261124,1,20261125,1,20261126,1,20261127,1,20261128,1,20261129,1,20261130,1
'1035505',20261013,1,20261014,1,20261015,1,20261016,1,20261017,1,20261018,1,20261019,1,20261020,1,20261021,1,20261022,1,20261023,1,20261024,1,20261025,1,20261026,1,20261027,1,20261028,1,20261029,1,20261030,1,20261031,1,20261101,1,20261102,1,20261103,1,20261104,1,20261105,1,20261106,1,20261107,1,20261108,1,20261109,1,20261110,1,20261111,1,20261112,1,20261113,1,20261114,1,20261115,1,20261116,1,20261117,1,20261118,1,20261119,1,20261120,1,20261121,1,20261122,1,20261123,1,20261124,1,20261125,1,20261126,1,20261127,1,20261128,1,20261129,1,20261130,1
'1035506',20261017,1,20261018,1,20261024,1,20261025,1,20261031,1,20261101,1,20261107,1,20261108,1,20261111,1,20261114,1,20261115,1,20261121,1,20261122,1,20261128,1,20261129,1
'1035507',20261013,1,20261014,1,20261015,1,20261016,1,20261017,1,20261018,1,20261019,1,20261020,1,20261021,1,20261022,1,20261023,1,20261024,1,20261025,1,20261026,1,20261027,1,20261028,1,20261029,1,20261030,1,20261031,1,20261101,1,20261102,1,20261103,1,20261104,1,20261105,1,20261106,1,20261107,1,20261108,1,20261109,1,20261110,1,20261111,1,20261112,1,20261113,1,20261114,1,20261115,1,20261116,1,20261117,1,20261118,1,20261119,1,20261120,1,20261121,1,20261122,1,20261123,1,20261124,1,20261125,1,20261126,1,20261127,1,20261128,1,20261129,1,20261130,1
'1035508',20261013,1,20261014,1,20261015,1,20261016,1,20261017,1,20261018,1,20261019,1,20261020,1,20261021,1,20261022,1,20261023,1,20261024,1,20261025,1,20261026,1,20261027,1,20261028,1,20261029,1,20261030,1,20261031,1,20261101,1,20261102,1,20261103,1,20261104,1,20261105,1,20261106,1,20261107,1,20261108,1,20261109,1,20261110,1,20261111,1,20261112,1,20261113,1,20261114,1,20261115,1,20261116,1,20261117,1,20261118,1,20261119,1,20261120,1,20261121,1,20261122,1,20261123,1,20261124,1,20261125,1,20261126,1,20261127,1,20261128,1,20261129,1,20261130,1
'1035509',20261013,1,20261014,1,20261015,1,20261016,1,20261017,1,20261018,1,20261019,1,20261020,1,20261021,1,20261022,1,20261023,1,20261024,1,20261025,1,20261026,1,20261027,1,20261028,1,20261029,1,20261030,1,20261031,1,20261101,1,20261102,1,20261103,1,20261104,1,20261105,1,20261106,1,20261107,1,20261108,1,20261109,1,20261110,1,20261111,1,20261112,1,20261113,1,20261114,1,20261115,1,20261116,1,20261117,1,20261118,1,20261119,1,20261120,1,20261121,1,20261122,1,20261123,1,20261124,1,20261125,1,20261126,1,20261127,1,20261128,1,20261129,1,20261130,1
'1035510',20261013,1,20261014,1,20261015,1,20261016,1,20261017,1,20261018,1,20261019,1,20261020,1,20261021,1,20261022,1,20261023,1,20261024,1,20261025,1,20261026,1,20261027,1,20261028,1,20261029,1,20261030,1,20261031,1,20261101,1,20261102,1,20261103,1,20261104,1,20261105,1,20261106,1,20261107,1,20261108,1,20261109,1,20261110,1,20261111,1,20261112,1,20261113,1,20261114,1,20261115,1,20261116,1,20261117,1,20261118,1,20261119,1,20261120,1,20261121,1,20261122,1,20261123,1,20261124,1,20261125,1,20261126,1,20261127,1,20261128,1,20261129,1,20261130,1
'1035511',20261013,1,20261014,1,20261015,1,20261016,1,20261017,1,20261018,1,20261019,1,20261020,1,20261021,1,20261022,1,20261023,1,20261024,1,20261025,1,20261026,1,20261027,1,20261028,1,20261029,1,20261030,1,20261031,1,20261101,1,20261102,1,20261103,1,20261104,1,20261105,1,20261106,1,20261107,1,20261108,1,20261109,1,20261110,1,20261111,1,20261112,1,20261113,1,20261114,1,20261115,1,20261116,1,20261117,1,20261118,1,20261119,1,20261120,1,20261121,1,20261122,1,20261123,1,20261124,1,20261125,1,20261126,1,20261127,1,20261128,1,20261129,1,20261130,1
'1035512',20261013,1,20261014,1,20261015,1,20261016,1,20261017,1,20261018,1,20261019,1,20261020,1,20261021,1,20261022,1,20261023,1,20261024,1,20261025,1,20261026,1,20261027,1,20261028,1,20261029,1,20261030,1,20261031,1,20261101,1,20261102,1,20261103,1,20261104,1,20261105,1,20261106,1,20261107,1,20261108,1,20261109,1,20261110,1,20261111,1,20261112,1,20261113,1,20261114,1,20261115,1,20261116,1,20261117,1,20261118,1,20261119,1,20261120,1,20261121,1,20261122,1,20261123,1,20261124,1,20261125,1,20261126,1,20261127,1,20261128,1,20261129,1,20261130,1
'1035513',20261013,1,20261014,1,20261015,1,20261016,1,20261017,1,20261018,1,20261019,1,20261020,1,20261021,1,20261022,1,20261023,1,20261024,1,20261025,1,20261026,1,20261027,1,20261028,1,20261029,1,20261030,1,20261031,1,20261101,1,20261102,1,20261103,1,20261104,1,20261105,1,20261106,1,20261107,1,20261108,1,20261109,1,20261110,1,20261111,1,20261112,1,20261113,1,20261114,1,20261115,1,20261116,1,20261117,1,20261118,1,20261119,1,20261120,1,20261121,1,20261122,1,20261123,1,20261124,1,20261125,1,20261126,1,20261127,1,20261128,1,20261129,1,20261130,1
'1035514',20261013,1,20261014,1,20261015,1,20261016,1,20261017,1,20261018,1,20261019,1,20261020,1,20261021,1,20261022,1,20261023,1,20261024,1,20261025,1,20261026,1,20261027,1,20261028,1,20261029,1,20261030,1,20261031,1,20261101,1,20261102,1,20261103,1,20261104,1,20261105,1,20261106,1,20261107,1,20261108,1,20261109,1,20261110,1,20261111,1,20261112,1,20261113,1,20261114,1,20261115,1,20261116,1,20261117,1,20261118,1,20261119,1,20261120,1,20261121,1,20261122,1,20261123,1,20261124,1,20261125,1,20261126,1,20261127,1,20261128,1,20261129,1,20261130,1
'1035515',20261013,1,20261014,1,20261015,1,20261016,1,20261017,1,20261018,1,20261019,1,20261020,1,20261021,1,20261022,1,20261023,1,20261024,1,20261025,1,20261026,1,20261027,1,20261028,1,20261029,1,20261030,1,20261031,1,20261101,1,20261102,1,20261103,1,20261104,1,20261105,1,20261106,1,20261107,1,20261108,1,20261109,1,20261110,1,20261111,1,20261112,1,20261113,1,20261114,1,20261115,1,20261116,1,20261117,1,20261118,1,20261119,1,20261120,1,20261121,1,20261122,1,20261123,1,20261124,1,20261125,1,20261126,1,20261127,1,20261128,1,20261129,1,20261130,1
'1035516',20261013,1,20261014,1,20261015,1,20261016,1,20261017,1,20261018,1,20261019,1,20261020,1,20261021,1,20261022,1,20261023,1,20261024,1,20261025,1,20261026,1,20261027,1,20261028,1,20261029,1,20261030,1,20261031,1,20261101,1,20261102,1,20261103,1,20261104,1,20261105,1,20261106,1,20261107,1,20261108,1,20261109,1,20261110,1,20261111,1,20261112,1,20261113,1,20261114,1,20261115,1,20261116,1,20261117,1,20261118,1,20261119,1,20261120,1,20261121,1,20261122,1,20261123,1,20261124,1,20261125,1,20261126,1,20261127,1,20261128,1,20261129,1,20261130,1
'1035517',20261013,1,20261014,1,20261015,1,20261016,1,20261017,1,20261018,1,20261019,1,20261020,1,20261021,1,20261022,1,20261023,1,20261024,1,20261025,1,20261026,1,20261027,1,20261028,1,20261029,1,20261030,1,20261031,1,20261101,1,20261102,1,20261103,1,20261104,1,20261105,1,20261106,1,20261107,1,20261108,1,20261109,1,20261110,1,20261111,1,20261112,1,20261113,1,20261114,1,20261115,1,20261116,1,20261117,1,20261118,1,20261119,1,20261120,1,20261121,1,20261122,1,20261123,1,20261124,1,20261125,1,20261126,1,20261127,1,20261128,1,20261129,1,20261130,1
'1035518',20261013,1,20261014,1,20261015,1,20261016,1,20261017,1,20261018,1,20261019,1,20261020,1,20261021,1,20261022,1,20261023,1,20261024,1,20261025,1,20261026,1,20261027,1,20261028,1,20261029,1,20261030,1,20261031,1,20261101,1,20261102,1,20261103,1,20261104,1,20261105,1,20261106,1,20261107,1,20261108,1,20261109,1,20261110,1,20261111,1,20261112,1,20261113,1,20261114,1,20261115,1,20261116,1,20261117,1,20261118,1,20261119,1,20261120,1,20261121,1,20261122,1,20261123,1,20261124,1,20261125,1,20261126,1,20261127,1,20261128,1,20261129,1,20261130,1
'1035519',20261013,1,20261014,1,20261015,1,20261016,1,20261017,1,20261018,1,20261019,1,20261020,1,20261021,1,20261022,1,20261023,1,20261024,1,20261025,1,20261026,1,20261027,1,20261028,1,20261029,1,20261030,1,20261031,1,20261101,1,20261102,1,20261103,1,20261104,1,20261105,1,20261106,1,20261107,1,20261108,1,20261109,1,20261110,1,20261111,1,20261112,1,20261113,1,20261114,1,20261115,1,20261116,1,20261117,1,20261118,1,20261119,1,20261120,1,20261121,1,20261122,1,20261123,1,20261124,1,20261125,1,20261126,1,20261127,1,20261128,1,20261129,1,20261130,1
'1035520',20261013,1,20261014,1,20261015,1,20261016,1,20261017,1,20261018,1,20261019,1,20261020,1,20261021,1,20261022,1,20261023,1,20261024,1,20261025,1,20261026,1,20261027,1,20261028,1,20261029,1,20261030,1,20261031,1,20261101,1,20261102,1,20261103,1,20261104,1,20261105,1,20261106,1,20261107,1,20261108,1,20261109,1,20261110,1,20261111,1,20261112,1,20261113,1,20261114,1,20261115,1,20261116,1,20261117,1,20261118,1,20261119,1,20261120,1,20261121,1,20261122,1,20261123,1,20261124,1,20261125,1,20261126,1,20261127,1,20261128,1,20261129,1,20261130,1
'1035521',20261013,1,20261014,1,20261015,1,20261016,1,20261017,1,20261018,1,20261019,1,20261020,1,20261021,1,20261022,1,20261023,1,20261024,1,20261025,1,20261026,1,20261027,1,20261028,1,20261029,1,20261030,1,20261031,1,20261101,1,20261102,1,20261103,1,20261104,1,20261105,1,20261106,1,20261107,1,20261108,1,20261109,1,20261110,1,20261111,1,20261112,1,20261113,1,20261114,1,20261115,1,20261116,1,20261117,1,20261118,1,20261119,1,20261120,1,20261121,1,20261122,1,20261123,1,20261124,1,20261125,1,20261126,1,20261127,1,20261128,1,20261129,1,20261130,1
'1035522',20261013,1,20261014,1,20261015,1,20261016,1,20261017,1,20261018,1,20261019,1,20261020,1,20261021,1,20261022,1,20261023,1,20261024,1,20261025,1,20261026,1,20261027,1,20261028,1,20261029,1,20261030,1,20261031,1,20261101,1,20261102,1,20261103,1,20261104,1,20261105,1,20261106,1,20261107,1,20261108,1,20261109,1,20261110,1,20261111,1,20261112,1,20261113,1,20261114,1,20261115,1,20261116,1,20261117,1,20261118,1,20261119,1,20261120,1,20261121,1,20261122,1,20261123,1,20261124,1,20261125,1,20261126,1,20261127,1,20261128,1,20261129,1,20261130,1
'1035523',20261013,1,20261014,1,20261015,1,20261016,1,20261017,1,20261018,1,20261019,1,20261020,1,20261021,1,20261022,1,20261023,1,20261024,1,20261025,1,20261026,1,20261027,1,20261028,1,20261029,1,20261030,1,20261031,1,20261101,1,20261102,1,20261103,1,20261104,1,20261105,1,20261106,1,20261107,1,20261108,1,20261109,1,20261110,1,20261111,1,20261112,1,20261113,1,20261114,1,20261115,1,20261116,1,20261117,1,20261118,1,20261119,1,20261120,1,20261121,1,20261122,1,20261123,1,20261124,1,20261125,1,20261126,1,20261127,1,20261128,1,20261129,1,20261130,1
'1035524',20261013,1,20261014,1,20261015,1,20261016,1,20261017,1,20261018,1,20261019,1,20261020,1,20261021,1,20261022,1,20261023,1,20261024,1,20261025,1,20261026,1,20261027,1,20261028,1,20261029,1,20261030,1,20261031,1,20261101,1,20261102,1,20261103,1,20261104,1,20261105,1,20261106,1,20261107,1,20261108,1,20261109,1,20261110,1,20261111,1,20261112,1,20261113,1,20261114,1,20261115,1,20261116,1,20261117,1,20261118,1,20261119,1,20261120,1,20261121,1,20261122,1,20261123,1,20261124,1,20261125,1,20261126,1,20261127,1,20261128,1,20261129,1,20261130,1
'1035525',20261013,1,20261014,1,20261015,1,20261016,1,20261017,1,20261018,1,20261019,1,20261020,1,20261021,1,20261022,1,20261023,1,20261024,1,20261025,1,20261026,1,20261027,1,20261028,1,20261029,1,20261030,1,20261031,1,20261101,1,20261102,1,20261103,1,20261104,1,20261105,1,20261106,1,20261107,1,20261108,1,20261109,1,20261110,1,20261111,1,20261112,1,20261113,1,20261114,1,20261115,1,20261116,1,20261117,1,20261118,1,20261119,1,20261120,1,20261121,1,20261122,1,20261123,1,20261124,1,20261125,1,20261126,1,20261127,1,20261128,1,20261129,1,20261130,1
'1035526',20261013,1,20261014,1,20261015,1,20261016,1,20261017,1,20261018,1,20261019,1,20261020,1,20261021,1,20261022,1,20261023,1,20261024,1,20261025,1,20261026,1,20261027,1,20261028,1,20261029,1,20261030,1,20261031,1,20261101,1,20261102,1,20261103,1,20261104,1,20261105,1,20261106,1,20261107,1,20261108,1,20261109,1,20261110,1,20261111,1,20261112,1,20261113,1,20261114,1,20261115,1,20261116,1,20261117,1,20261118,1,20261119,1,20261120,1,20261121,1,20261122,1,20261123,1,20261124,1,20261125,1,20261126,1,20261127,1,20261128,1,20261129,1,20261130,1
'1035527',20261013,1,20261014,1,20261015,1,20261016,1,20261017,1,20261018,1,20261019,1,20261020,1,20261021,1,20261022,1,20261023,1,20261024,1,20261025,1,20261026,1,20261027,1,20261028,1,20261029,1,20261030,1,20261031,1,20261101,1,20261102,1,20261103,1,20261104,1,20261105,1,20261106,1,20261107,1,20261108,1,20261109,1,20261110,1,20261111,1,20261112,1,20261113,1,20261114,1,20261115,1,20261116,1,20261117,1,20261118,1,20261119,1,20261120,1,20261121,1,20261122,1,20261123,1,20261124,1,20261125,1,20261126,1,20261127,1,20261128,1,20261129,1,20261130,1
'1035528',20261013,1,20261014,1,20261015,1,20261016,1,20261017,1,20261018,1,20261019,1,20261020,1,20261021,1,20261022,1,20261023,1,20261024,1,20261025,1,20261026,1,20261027,1,20261028,1,20261029,1,20261030,1,20261031,1,20261101,1,20261102,1,20261103,1,20261104,1,20261105,1,20261106,1,20261107,1,20261108,1,20261109,1,20261110,1,20261111,1,20261112,1,20261113,1,20261114,1,20261115,1,20261116,1,20261117,1,20261118,1,20261119,1,20261120,1,20261121,1,20261122,1,20261123,1,20261124,1,20261125,1,20261126,1,20261127,1,20261128,1,20261129,1,20261130,1
'1035529',20261013,1,20261014,1,20261015,1,20261016,1,20261017,1,20261018,1,20261019,1,20261020,1,20261021,1,20261022,1,20261023,1,20261024,1,20261025,1,20261026,1,20261027,1,20261028,1,20261029,1,20261030,1,20261031,1,20261101,1,20261102,1,20261103,1,20261104,1,20261105,1,20261106,1,20261107,1,20261108,1,20261109,1,20261110,1,20261111,1,20261112,1,20261113,1,20261114,1,20261115,1,20261116,1,20261117,1,20261118,1,20261119,1,20261120,1,20261121,1,20261122,1,20261123,1,20261124,1,20261125,1,20261126,1,20261127,1,20261128,1,20261129,1,20261130,1
'1035530',20261013,1,20261014,1,20261015,1,20261016,1,20261017,1,20261018,1,20261019,1,20261020,1,20261021,1,20261022,1,20261023,1,20261024,1,20261025,1,20261026,1,20261027,1,20261028,1,20261029,1,20261030,1,20261031,1,20261101,1,20261102,1,20261103,1,20261104,1,20261105,1,20261106,1,20261107,1,20261108,1,20261109,1,20261110,1,20261111,1,20261112,1,20261113,1,20261114,1,20261115,1,20261116,1,20261117,1,20261118,1,20261119,1,20261120,1,20261121,1,20261122,1,20261123,1,20261124,1,20261125,1,20261126,1,20261127,1,20261128,1,20261129,1,20261130,1
'1035531',20261013,1,20261014,1,20261015,1,20261016,1,20261017,1,20261018,1,20261019,1,20261020,1,20261021,1,20261022,1,20261023,1,20261024,1,20261025,1,20261026,1,20261027,1,20261028,1,20261029,1,20261030,1,20261031,1,20261101,1,20261102,1,20261103,1,20261104,1,20261105,1,20261106,1,20261107,1,20261108,1,20261109,1,20261110,1,20261111,1,20261112,1,20261113,1,20261114,1,20261115,1,20261116,1,20261117,1,20261118,1,20261119,1,20261120,1,20261121,1,20261122,1,20261123,1,20261124,1,20261125,1,20261126,1,20261127,1,20261128,1,20261129,1,20261130,1
'1035532',20261013,1,20261014,1,20261015,1,20261016,1,20261017,1,20261018,1,20261019,1,20261020,1,20261021,1,20261022,1,20261023,1,20261024,1,20261025,1,20261026,1,20261027,1,20261028,1,20261029,1,20261030,1,20261031,1,20261101,1,20261102,1,20261103,1,20261104,1,20261105,1,20261106,1,20261107,1,20261108,1,20261109,1,20261110,1,20261111,1,20261112,1,20261113,1,20261114,1,20261115,1,20261116,1,20261117,1,20261118,1,20261119,1,20261120,1,20261121,1,20261122,1,20261123,1,20261124,1,20261125,1,20261126,1,20261127,1,20261128,1,20261129,1,20261130,1
'1035533',20261013,1,20261014,1,20261015,1,20261016,1,20261017,1,20261018,1,20261019,1,20261020,1,20261021,1,20261022,1,20261023,1,20261024,1,20261025,1,20261026,1,20261027,1,20261028,1,20261029,1,20261030,1,20261031,1,20261101,1,20261102,1,20261103,1,20261104,1,20261105,1,20261106,1,20261107,1,20261108,1,20261109,1,20261110,1,20261111,1,20261112,1,20261113,1,20261114,1,20261115,1,20261116,1,20261117,1,20261118,1,20261119,1,20261120,1,20261121,1,20261122,1,20261123,1,20261124,1,20261125,1,20261126,1,20261127,1,20261128,1,20261129,1,20261130,1
'1035534',20261013,1,20261014,1,20261015,1,20261016,1,20261017,1,20261018,1,20261019,1,20261020,1,20261021,1,20261022,1,20261023,1,20261024,1,20261025,1,20261026,1,20261027,1,20261028,1,20261029,1,20261030,1,20261031,1,20261101,1,20261102,1,20261103,1,20261104,1,20261105,1,20261106,1,20261107,1,20261108,1,20261109,1,20261110,1,20261111,1,20261112,1,20261113,1,20261114,1,20261115,1,20261116,1,20261117,1,20261118,1,20261119,1,20261120,1,20261121,1,20261122,1,20261123,1,20261124,1,20261125,1,20261126,1,20261127,1,20261128,1,20261129,1,20261130,1
'1035535',20261013,1,20261014,1,20261015,1,20261016,1,20261017,1,20261018,1,20261019,1,20261020,1,20261021,1,20261022,1,20261023,1,20261024,1,20261025,1,20261026,1,20261027,1,20261028,1,20261029,1,20261030,1,20261031,1,20261101,1,20261102,1,20261103,1,20261104,1,20261105,1,20261106,1,20261107,1,20261108,1,20261109,1,20261110,1,20261111,1,20261112,1,20261113,1,20261114,1,20261115,1,20261116,1,20261117,1,20261118,1,20261119,1,20261120,1,20261121,1,20261122,1,20261123,1,20261124,1,20261125,1,20261126,1,20261127,1,20261128,1,20261129,1,20261130,1
'1035536',20261013,1,20261014,1,20261015,1,20261016,1,20261017,1,20261018,1,20261019,1,20261020,1,20261021,1,20261022,1,20261023,1,20261024,1,20261025,1,20261026,1,20261027,1,20261028,1,20261029,1,20261030,1,20261031,1,20261101,1,20261102,1,20261103,1,20261104,1,20261105,1,20261106,1,20261107,1,20261108,1,20261109,1,20261110,1,20261111,1,20261112,1,20261113,1,20261114,1,20261115,1,20261116,1,20261117,1,20261118,1,20261119,1,20261120,1,20261121,1,20261122,1,20261123,1,20261124,1,20261125,1,20261126,1,20261127,1,20261128,1,20261129,1,20261130,1
'1035537',20261013,1,20261014,1,20261015,1,20261016,1,20261017,1,20261018,1,20261019,1,20261020,1,20261021,1,20261022,1,20261023,1,20261024,1,20261025,1,20261026,1,20261027,1,20261028,1,20261029,1,20261030,1,20261031,1,20261101,1,20261102,1,20261103,1,20261104,1,20261105,1,20261106,1,20261107,1,20261108,1,20261109,1,20261110,1,20261111,1,20261112,1,20261113,1,20261114,1,20261115,1,20261116,1,20261117,1,20261118,1,20261119,1,20261120,1,20261121,1,20261122,1,20261123,1,20261124,1,20261125,1,20261126,1,20261127,1,20261128,1,20261129,1,20261130,1
'1035538',20261013,1,20261014,1,20261015,1,20261016,1,20261017,1,20261018,1,20261019,1,20261020,1,20261021,1,20261022,1,20261023,1,20261024,1,20261025,1,20261026,1,20261027,1,20261028,1,20261029,1,20261030,1,20261031,1,20261101,1,20261102,1,20261103,1,20261104,1,20261105,1,20261106,1,20261107,1,20261108,1,20261109,1,20261110,1,20261111,1,20261112,1,20261113,1,20261114,1,20261115,1,20261116,1,20261117,1,20261118,1,20261119,1,20261120,1,20261121,1,20261122,1,20261123,1,20261124,1,20261125,1,20261126,1,20261127,1,20261128,1,20261129,1,20261130,1
'1035539',20261013,1,20261014,1,20261015,1,20261016,1,20261017,1,20261018,1,20261019,1,20261020,1,20261021,1,20261022,1,20261023,1,20261024,1,20261025,1,20261026,1,20261027,1,20261028,1,20261029,1,20261030,1,20261031,1,20261101,1,20261102,1,20261103,1,20261104,1,20261105,1,20261106,1,20261107,1,20261108,1,20261109,1,20261110,1,20261111,1,20261112,1,20261113,1,20261114,1,20261115,1,20261116,1,20261117,1,20261118,1,20261119,1,20261120,1,20261121,1,20261122,1,20261123,1,20261124,1,20261125,1,20261126,1,20261127,1,20261128,1,20261129,1,20261130,1
'1035540',20261013,1,20261014,1,20261015,1,20261016,1,20261017,1,20261018,1,20261019,1,20261020,1,20261021,1,20261022,1,20261023,1,20261024,1,20261025,1,20261026,1,20261027,1,20261028,1,20261029,1,20261030,1,20261031,1,20261101,1,20261102,1,20261103,1,20261104,1,20261105,1,20261106,1,20261107,1,20261108,1,20261109,1,20261110,1,20261111,1,20261112,1,20261113,1,20261114,1,20261115,1,20261116,1,20261117,1,20261118,1,20261119,1,20261120,1,20261121,1,20261122,1,20261123,1,20261124,1,20261125,1,20261126,1,20261127,1,20261128,1,20261129,1,20261130,1
'1035541',20261013,1,20261014,1,20261015,1,20261016,1,20261017,1,20261018,1,20261019,1,20261020,1,20261021,1,20261022,1,20261023,1,20261024,1,20261025,1,20261026,1,20261027,1,20261028,1,20261029,1,20261030,1,20261031,1,20261101,1,20261102,1,20261103,1,20261104,1,20261105,1,20261106,1,20261107,1,20261108,1,20261109,1,20261110,1,20261111,1,20261112,1,20261113,1,20261114,1,20261115,1,20261116,1,20261117,1,20261118,1,20261119,1,20261120,1,20261121,1,20261122,1,20261123,1,20261124,1,20261125,1,20261126,1,20261127,1,20261128,1,20261129,1,20261130,1
'1035542',20261013,1,20261014,1,20261015,1,20261016,1,20261017,1,20261018,1,20261019,1,20261020,1,20261021,1,20261022,1,20261023,1,20261024,1,20261025,1,20261026,1,20261027,1,20261028,1,20261029,1,20261030,1,20261031,1,20261101,1,20261102,1,20261103,1,20261104,1,20261105,1,20261106,1,20261107,1,20261108,1,20261109,1,20261110,1,20261111,1,20261112,1,20261113,1,20261114,1,20261115,1,20261116,1,20261117,1,20261118,1,20261119,1,20261120,1,20261121,1,20261122,1,20261123,1,20261124,1,20261125,1,20261126,1,20261127,1,20261128,1,20261129,1,20261130,1
'1035543',20261013,1,20261014,1,20261015,1,20261016,1,20261017,1,20261018,1,20261019,1,20261020,1,20261021,1,20261022,1,20261023,1,20261024,1,20261025,1,20261026,1,20261027,1,20261028,1,20261029,1,20261030,1,20261031,1,20261101,1,20261102,1,20261103,1,20261104,1,20261105,1,20261106,1,20261107,1,20261108,1,20261109,1,20261110,1,20261111,1,20261112,1,20261113,1,20261114,1,20261115,1,20261116,1,20261117,1,20261118,1,20261119,1,20261120,1,20261121,1,20261122,1,20261123,1,20261124,1,20261125,1,20261126,1,20261127,1,20261128,1,20261129,1,20261130,1
'1035544',20261013,1,20261014,1,20261015,1,20261016,1,20261017,1,20261018,1,20261019,1,20261020,1,20261021,1,20261022,1,20261023,1,20261024,1,20261025,1,20261026,1,20261027,1,20261028,1,20261029,1,20261030,1,20261031,1,20261101,1,20261102,1,20261103,1,20261104,1,20261105,1,20261106,1,20261107,1,20261108,1,20261109,1,20261110,1,20261111,1,20261112,1,20261113,1,20261114,1,20261115,1,20261116,1,20261117,1,20261118,1,20261119,1,20261120,1,20261121,1,20261122,1,20261123,1,20261124,1,20261125,1,20261126,1,20261127,1,20261128,1,20261129,1,20261130,1
'1035545',20261013,1,20261014,1,20261015,1,20261016,1,20261017,1,20261018,1,20261019,1,20261020,1,20261021,1,20261022,1,20261023,1,20261024,1,20261025,1,20261026,1,20261027,1,20261028,1,20261029,1,20261030,1,20261031,1,20261101,1,20261102,1,20261103,1,20261104,1,20261105,1,20261106,1,20261107,1,20261108,1,20261109,1,20261110,1,20261111,1,20261112,1,20261113,1,20261114,1,20261115,1,20261116,1,20261117,1,20261118,1,20261119,1,20261120,1,20261121,1,20261122,1,20261123,1,20261124,1,20261125,1,20261126,1,20261127,1,20261128,1,20261129,1,20261130,1
'1035546',20261013,1,20261014,1,20261015,1,20261016,1,20261017,1,20261018,1,20261019,1,20261020,1,20261021,1,20261022,1,20261023,1,20261024,1,20261025,1,20261026,1,20261027,1,20261028,1,20261029,1,20261030,1,20261031,1,20261101,1,20261102,1,20261103,1,20261104,1,20261105,1,20261106,1,20261107,1,20261108,1,20261109,1,20261110,1,20261111,1,20261112,1,20261113,1,20261114,1,20261115,1,20261116,1,20261117,1,20261118,1,20261119,1,20261120,1,20261121,1,20261122,1,20261123,1,20261124,1,20261125,1,20261126,1,20261127,1,20261128,1,20261129,1,20261130,1
'1035547',20261013,1,20261014,1,20261015,1,20261016,1,20261017,1,20261018,1,20261019,1,20261020,1,20261021,1,20261022,1,20261023,1,20261024,1,20261025,1,20261026,1,20261027,1,20261028,1,20261029,1,20261030,1,20261031,1,20261101,1,20261102,1,20261103,1,20261104,1,20261105,1,20261106,1,20261107,1,20261108,1,20261109,1,20261110,1,20261111,1,20261112,1,20261113,1,20261114,1,20261115,1,20261116,1,20261117,1,20261118,1,20261119,1,20261120,1,20261121,1,20261122,1,20261123,1,20261124,1,20261125,1,20261126,1,20261127,1,20261128,1,20261129,1,20261130,1
'1035548',20261013,1,20261014,1,20261015,1,20261016,1,20261017,1,20261018,1,20261019,1,20261020,1,20261021,1,20261022,1,20261023,1,20261024,1,20261025,1,20261026,1,20261027,1,20261028,1,20261029,1,20261030,1,20261031,1,20261101,1,20261102,1,20261103,1,20261104,1,20261105,1,20261106,1,20261107,1,20261108,1,20261109,1,20261110,1,20261111,1,20261112,1,20261113,1,20261114,1,20261115,1,20261116,1,20261117,1,20261118,1,20261119,1,20261120,1,20261121,1,20261122,1,20261123,1,20261124,1,20261125,1,20261126,1,20261127,1,20261128,1,20261129,1,20261130,1
'1035549',20261013,1,20261014,1,20261015,1,20261016,1,20261017,1,20261018,1,20261019,1,20261020,1,20261021,1,20261022,1,20261023,1,20261024,1,20261025,1,20261026,1,20261027,1,20261028,1,20261029,1,20261030,1,20261031,1,20261101,1,20261102,1,20261103,1,20261104,1,20261105,1,20261106,1,20261107,1,20261108,1,20261109,1,20261110,1,20261111,1,20261112,1,20261113,1,20261114,1,20261115,1,20261116,1,20261117,1,20261118,1,20261119,1,20261120,1,20261121,1,20261122,1,20261123,1,20261124,1,20261125,1,20261126,1,20261127,1,20261128,1,20261129,1,20261130,1
'1035550',20261013,1,20261014,1,20261015,1,20261016,1,20261017,1,20261018,1,20261019,1,20261020,1,20261021,1,20261022,1,20261023,1,20261024,1,20261025,1,20261026,1,20261027,1,20261028,1,20261029,1,20261030,1,20261031,1,20261101,1,20261102,1,20261103,1,20261104,1,20261105,1,20261106,1,20261107,1,20261108,1,20261109,1,20261110,1,20261111,1,20261112,1,20261113,1,20261114,1,20261115,1,20261116,1,20261117,1,20261118,1,20261119,1,20261120,1,20261121,1,20261122,1,20261123,1,20261124,1,20261125,1,20261126,1,20261127,1,20261128,1,20261129,1,20261130,1
'1035551',20261013,1,20261014,1,20261015,1,20261016,1,20261017,1,20261018,1,20261019,1,20261020,1,20261021,1,20261022,1,20261023,1,20261024,1,20261025,1,20261026,1,20261027,1,20261028,1,20261029,1,20261030,1,20261031,1,20261101,1,20261102,1,20261103,1,20261104,1,20261105,1,20261106,1,20261107,1,20261108,1,20261109,1,20261110,1,20261111,1,20261112,1,20261113,1,20261114,1,20261115,1,20261116,1,20261117,1,20261118,1,20261119,1,20261120,1,20261121,1,20261122,1,20261123,1,20261124,1,20261125,1,20261126,1,20261127,1,20261128,1,20261129,1,20261130,1
'1035552',20261013,1,20261014,1,20261015,1,20261016,1,20261017,1,20261018,1,20261019,1,20261020,1,20261021,1,20261022,1,20261023,1,20261024,1,20261025,1,20261026,1,20261027,1,20261028,1,20261029,1,20261030,1,20261031,1,20261101,1,20261102,1,20261103,1,20261104,1,20261105,1,20261106,1,20261107,1,20261108,1,20261109,1,20261110,1,20261111,1,20261112,1,20261113,1,20261114,1,20261115,1,20261116,1,20261117,1,20261118,1,20261119,1,20261120,1,20261121,1,20261122,1,20261123,1,20261124,1,20261125,1,20261126,1,20261127,1,20261128,1,20261129,1,20261130,1
'1035553',20261013,1,20261014,1,20261015,1,20261016,1,20261017,1,20261018,1,20261019,1,20261020,1,20261021,1,20261022,1,20261023,1,20261024,1,20261025,1,20261026,1,20261027,1,20261028,1,20261029,1,20261030,1,20261031,1,20261101,1,20261102,1,20261103,1,20261104,1,20261105,1,20261106,1,20261107,1,20261108,1,20261109,1,20261110,1,20261111,1,20261112,1,20261113,1,20261114,1,20261115,1,20261116,1,20261117,1,20261118,1,20261119,1,20261120,1,20261121,1,20261122,1,20261123,1,20261124,1,20261125,1,20261126,1,20261127,1,20261128,1,20261129,1,20261130,1
'1035554',20261013,1,20261014,1,20261015,1,20261016,1,20261017,1,20261018,1,20261019,1,20261020,1,20261021,1,20261022,1,20261023,1,20261024,1,20261025,1,20261026,1,20261027,1,20261028,1,20261029,1,20261030,1,20261031,1,20261101,1,20261102,1,20261103,1,20261104,1,20261105,1,20261106,1,20261107,1,20261108,1,20261109,1,20261110,1,20261111,1,20261112,1,20261113,1,20261114,1,20261115,1,20261116,1,20261117,1,20261118,1,20261119,1,20261120,1,20261121,1,20261122,1,20261123,1,20261124,1,20261125,1,20261126,1,20261127,1,20261128,1,20261129,1,20261130,1
'1035555',20261013,1,20261014,1,20261015,1,20261016,1,20261017,1,20261018,1,20261019,1,20261020,1,20261021,1,20261022,1,20261023,1,20261024,1,20261025,1,20261026,1,20261027,1,20261028,1,20261029,1,20261030,1,20261031,1,20261101,1,20261102,1,20261103,1,20261104,1,20261105,1,20261106,1,20261107,1,20261108,1,20261109,1,20261110,1,20261111,1,20261112,1,20261113,1,20261114,1,20261115,1,20261116,1,20261117,1,20261118,1,20261119,1,20261120,1,20261121,1,20261122,1,20261123,1,20261124,1,20261125,1,20261126,1,20261127,1,20261128,1,20261129,1,20261130,1
'1035556',20261013,1,20261014,1,20261015,1,20261016,1,20261017,1,20261018,1,20261019,1,20261020,1,20261021,1,20261022,1,20261023,1,20261024,1,20261025,1,20261026,1,20261027,1,20261028,1,20261029,1,20261030,1,20261031,1,20261101,1,20261102,1,20261103,1,20261104,1,20261105,1,20261106,1,20261107,1,20261108,1,20261109,1,20261110,1,20261111,1,20261112,1,20261113,1,20261114,1,20261115,1,20261116,1,20261117,1,20261118,1,20261119,1,20261120,1,20261121,1,20261122,1,20261123,1,20261124,1,20261125,1,20261126,1,20261127,1,20261128,1,20261129,1,20261130,1
'1035557',20261013,1,20261014,1,20261015,1,20261016,1,20261017,1,20261018,1,20261019,1,20261020,1,20261021,1,20261022,1,20261023,1,20261024,1,20261025,1,20261026,1,20261027,1,20261028,1,20261029,1,20261030,1,20261031,1,20261101,1,20261102,1,20261103,1,20261104,1,20261105,1,20261106,1,20261107,1,20261108,1,20261109,1,20261110,1,20261111,1,20261112,1,20261113,1,20261114,1,20261115,1,20261116,1,20261117,1,20261118,1,20261119,1,20261120,1,20261121,1,20261122,1,20261123,1,20261124,1,20261125,1,20261126,1,20261127,1,20261128,1,20261129,1,20261130,1
'1035558',20261013,1,20261014,1,20261015,1,20261016,1,20261017,1,20261018,1,20261019,1,20261020,1,20261021,1,20261022,1,20261023,1,20261024,1,20261025,1,20261026,1,20261027,1,20261028,1,20261029,1,20261030,1,20261031,1,20261101,1,20261102,1,20261103,1,20261104,1,20261105,1,20261106,1,20261107,1,20261108,1,20261109,1,20261110,1,20261111,1,20261112,1,20261113,1,20261114,1,20261115,1,20261116,1,20261117,1,20261118,1,20261119,1,20261120,1,20261121,1,20261122,1,20261123,1,20261124,1,20261125,1,20261126,1,20261127,1,20261128,1,20261129,1,20261130,1
'1035559',20261013,1,20261014,1,20261015,1,20261016,1,20261017,1,20261018,1,20261019,1,20261020,1,20261021,1,20261022,1,20261023,1,20261024,1,20261025,1,20261026,1,20261027,1,20261028,1,20261029,1,20261030,1,20261031,1,20261101,1,20261102,1,20261103,1,20261104,1,20261105,1,20261106,1,20261107,1,20261108,1,20261109,1,20261110,1,20261111,1,20261112,1,20261113,1,20261114,1,20261115,1,20261116,1,20261117,1,20261118,1,20261119,1,20261120,1,20261121,1,20261122,1,20261123,1,20261124,1,20261125,1,20261126,1,20261127,1,20261128,1,20261129,1,20261130,1
'1035560',20261013,1,20261014,1,20261015,1,20261016,1,20261017,1,20261018,1,20261019,1,20261020,1,20261021,1,20261022,1,20261023,1,20261024,1,20261025,1,20261026,1,20261027,1,20261028,1,20261029,1,20261030,1,20261031,1,20261101,1,20261102,1,20261103,1,20261104,1,20261105,1,20261106,1,20261107,1,20261108,1,20261109,1,20261110,1,20261111,1,20261112,1,20261113,1,20261114,1,20261115,1,20261116,1,20261117,1,20261118,1,20261119,1,20261120,1,20261121,1,20261122,1,20261123,1,20261124,1,20261125,1,20261126,1,20261127,1,20261128,1,20261129,1,20261130,1
'1035561',20261013,1,20261014,1,20261015,1,20261016,1,20261017,1,20261018,1,20261019,1,20261020,1,20261021,1,20261022,1,20261023,1,20261024,1,20261025,1,20261026,1,20261027,1,20261028,1,20261029,1,20261030,1,20261031,1,20261101,1,20261102,1,20261103,1,20261104,1,20261105,1,20261106,1,20261107,1,20261108,1,20261109,1,20261110,1,20261111,1,20261112,1,20261113,1,20261114,1,20261115,1,20261116,1,20261117,1,20261118,1,20261119,1,20261120,1,20261121,1,20261122,1,20261123,1,20261124,1,20261125,1,20261126,1,20261127,1,20261128,1,20261129,1,20261130,1
'1035562',20261013,1,20261014,1,20261015,1,20261016,1,20261017,1,20261018,1,20261019,1,20261020,1,20261021,1,20261022,1,20261023,1,20261024,1,20261025,1,20261026,1,20261027,1,20261028,1,20261029,1,20261030,1,20261031,1,20261101,1,20261102,1,20261103,1,20261104,1,20261105,1,20261106,1,20261107,1,20261108,1,20261109,1,20261110,1,20261111,1,20261112,1,20261113,1,20261114,1,20261115,1,20261116,1,20261117,1,20261118,1,20261119,1,20261120,1,20261121,1,20261122,1,20261123,1,20261124,1,20261125,1,20261126,1,20261127,1,20261128,1,20261129,1,20261130,1
'1035563',20261013,1,20261014,1,20261015,1,20261016,1,20261017,1,20261018,1,20261019,1,20261020,1,20261021,1,20261022,1,20261023,1,20261024,1,20261025,1,20261026,1,20261027,1,20261028,1,20261029,1,20261030,1,20261031,1,20261101,1,20261102,1,20261103,1,20261104,1,20261105,1,20261106,1,20261107,1,20261108,1,20261109,1,20261110,1,20261111,1,20261112,1,20261113,1,20261114,1,20261115,1,20261116,1,20261117,1,20261118,1,20261119,1,20261120,1,20261121,1,20261122,1,20261123,1,20261124,1,20261125,1,20261126,1,20261127,1,20261128,1,20261129,1,20261130,1
'1035564',20261013,1,20261014,1,20261015,1,20261016,1,20261017,1,20261018,1,20261019,1,20261020,1,20261021,1,20261022,1,20261023,1,20261024,1,20261025,1,20261026,1,20261027,1,20261028,1,20261029,1,20261030,1,20261031,1,20261101,1,20261102,1,20261103,1,20261104,1,20261105,1,20261106,1,20261107,1,20261108,1,20261109,1,20261110,1,20261111,1,20261112,1,20261113,1,20261114,1,20261115,1,20261116,1,20261117,1,20261118,1,20261119,1,20261120,1,20261121,1,20261122,1,20261123,1,20261124,1,20261125,1,20261126,1,20261127,1,20261128,1,20261129,1,20261130,1
'1035565',20261013,1,20261014,1,20261015,1,20261016,1,20261017,1,20261018,1,20261019,1,20261020,1,20261021,1,20261022,1,20261023,1,20261024,1,20261025,1,20261026,1,20261027,1,20261028,1,20261029,1,20261030,1,20261031,1,20261101,1,20261102,1,20261103,1,20261104,1,20261105,1,20261106,1,20261107,1,20261108,1,20261109,1,20261110,1,20261111,1,20261112,1,20261113,1,20261114,1,20261115,1,20261116,1,20261117,1,20261118,1,20261119,1,20261120,1,20261121,1,20261122,1,20261123,1,20261124,1,20261125,1,20261126,1,20261127,1,20261128,1,20261129,1,20261130,1
'1035566',20261013,1,20261014,1,20261015,1,20261016,1,20261017,1,20261018,1,20261019,1,20261020,1,20261021,1,20261022,1,20261023,1,20261024,1,20261025,1,20261026,1,20261027,1,20261028,1,20261029,1,20261030,1,20261031,1,20261101,1,20261102,1,20261103,1,20261104,1,20261105,1,20261106,1,20261107,1,20261108,1,20261109,1,20261110,1,20261111,1,20261112,1,20261113,1,20261114,1,20261115,1,20261116,1,20261117,1,20261118,1,20261119,1,20261120,1,20261121,1,20261122,1,20261123,1,20261124,1,20261125,1,20261126,1,20261127,1,20261128,1,20261129,1,20261130,1
'1035567',20261013,1,20261014,1,20261015,1,20261016,1,20261017,1,20261018,1,20261019,1,20261020,1,20261021,1,20261022,1,20261023,1,20261024,1,20261025,1,20261026,1,20261027,1,20261028,1,20261029,1,20261030,1,20261031,1,20261101,1,20261102,1,20261103,1,20261104,1,20261105,1,20261106,1,20261107,1,20261108,1,20261109,1,20261110,1,20261111,1,20261112,1,20261113,1,20261114,1,20261115,1,20261116,1,20261117,1,20261118,1,20261119,1,20261120,1,20261121,1,20261122,1,20261123,1,20261124,1,20261125,1,20261126,1,20261127,1,20261128,1,20261129,1,20261130,1
'1035568',20261013,1,20261014,1,20261015,1,20261016,1,20261017,1,20261018,1,20261019,1,20261020,1,20261021,1,20261022,1,20261023,1,20261024,1,20261025,1,20261026,1,20261027,1,20261028,1,20261029,1,20261030,1,20261031,1,20261101,1,20261102,1,20261103,1,20261104,1,20261105,1,20261106,1,20261107,1,20261108,1,20261109,1,20261110,1,20261111,1,20261112,1,20261113,1,20261114,1,20261115,1,20261116,1,20261117,1,20261118,1,20261119,1,20261120,1,20261121,1,20261122,1,20261123,1,20261124,1,20261125,1,20261126,1,20261127,1,20261128,1,20261129,1,20261130,1
'1035569',20261013,1,20261014,1,20261015,1,20261016,1,20261017,1,20261018,1,20261019,1,20261020,1,20261021,1,20261022,1,20261023,1,20261024,1,20261025,1,20261026,1,20261027,1,20261028,1,20261029,1,20261030,1,20261031,1,20261101,1,20261102,1,20261103,1,20261104,1,20261105,1,20261106,1,20261107,1,20261108,1,20261109,1,20261110,1,20261111,1,20261112,1,20261113,1,20261114,1,20261115,1,20261116,1,20261117,1,20261118,1,20261119,1,20261120,1,20261121,1,20261122,1,20261123,1,20261124,1,20261125,1,20261126,1,20261127,1,20261128,1,20261129,1,20261130,1
'1035570',20261013,1,20261014,1,20261015,1,20261016,1,20261017,1,20261018,1,20261019,1,20261020,1,20261021,1,20261022,1,20261023,1,20261024,1,20261025,1,20261026,1,20261027,1,20261028,1,20261029,1,20261030,1,20261031,1,20261101,1,20261102,1,20261103,1,20261104,1,20261105,1,20261106,1,20261107,1,20261108,1,20261109,1,20261110,1,20261111,1,20261112,1,20261113,1,20261114,1,20261115,1,20261116,1,20261117,1,20261118,1,20261119,1,20261120,1,20261121,1,20261122,1,20261123,1,20261124,1,20261125,1,20261126,1,20261127,1,20261128,1,20261129,1,20261130,1
'1035571',20261013,1,20261014,1,20261015,1,20261016,1,20261017,1,20261018,1,20261019,1,20261020,1,20261021,1,20261022,1,20261023,1,20261024,1,20261025,1,20261026,1,20261027,1,20261028,1,20261029,1,20261030,1,20261031,1,20261101,1,20261102,1,20261103,1,20261104,1,20261105,1,20261106,1,20261107,1,20261108,1,20261109,1,20261110,1,20261111,1,20261112,1,20261113,1,20261114,1,20261115,1,20261116,1,20261117,1,20261118,1,20261119,1,20261120,1,20261121,1,20261122,1,20261123,1,20261124,1,20261125,1,20261126,1,20261127,1,20261128,1,20261129,1,20261130,1
'1035572',20261013,1,20261014,1,20261015,1,20261016,1,20261017,1,20261018,1,20261019,1,20261020,1,20261021,1,20261022,1,20261023,1,20261024,1,20261025,1,20261026,1,20261027,1,20261028,1,20261029,1,20261030,1,20261031,1,20261101,1,20261102,1,20261103,1,20261104,1,20261105,1,20261106,1,20261107,1,20261108,1,20261109,1,20261110,1,20261111,1,20261112,1,20261113,1,20261114,1,20261115,1,20261116,1,20261117,1,20261118,1,20261119,1,20261120,1,20261121,1,20261122,1,20261123,1,20261124,1,20261125,1,20261126,1,20261127,1,20261128,1,20261129,1,20261130,1
'1035573',20261013,1,20261014,1,20261015,1,20261016,1,20261017,1,20261018,1,20261019,1,20261020,1,20261021,1,20261022,1,20261023,1,20261024,1,20261025,1,20261026,1,20261027,1,20261028,1,20261029,1,20261030,1,20261031,1,20261101,1,20261102,1,20261103,1,20261104,1,20261105,1,20261106,1,20261107,1,20261108,1,20261109,1,20261110,1,20261111,1,20261112,1,20261113,1,20261114,1,20261115,1,20261116,1,20261117,1,20261118,1,20261119,1,20261120,1,20261121,1,20261122,1,20261123,1,20261124,1,20261125,1,20261126,1,20261127,1,20261128,1,20261129,1,20261130,1
'1035574',20261013,1,20261014,1,20261015,1,20261016,1,20261017,1,20261018,1,20261019,1,20261020,1,20261021,1,20261022,1,20261023,1,20261024,1,20261025,1,20261026,1,20261027,1,20261028,1,20261029,1,20261030,1,20261031,1,20261101,1,20261102,1,20261103,1,20261104,1,20261105,1,20261106,1,20261107,1,20261108,1,20261109,1,20261110,1,20261111,1,20261112,1,20261113,1,20261114,1,20261115,1,20261116,1,20261117,1,20261118,1,20261119,1,20261120,1,20261121,1,20261122,1,20261123,1,20261124,1,20261125,1,20261126,1,20261127,1,20261128,1,20261129,1,20261130,1
'1035575',20261013,1,20261014,1,20261015,1,20261016,1,20261017,1,20261018,1,20261019,1,20261020,1,20261021,1,20261022,1,20261023,1,20261024,1,20261025,1,20261026,1,20261027,1,20261028,1,20261029,1,20261030,1,20261031,1,20261101,1,20261102,1,20261103,1,20261104,1,20261105,1,20261106,1,20261107,1,20261108,1,20261109,1,20261110,1,20261111,1,20261112,1,20261113,1,20261114,1,20261115,1,20261116,1,20261117,1,20261118,1,20261119,1,20261120,1,20261121,1,20261122,1,20261123,1,20261124,1,20261125,1,20261126,1,20261127,1,20261128,1,20261129,1,20261130,1
'1035576',20261013,1,20261014,1,20261015,1,20261016,1,20261017,1,20261018,1,20261019,1,20261020,1,20261021,1,20261022,1,20261023,1,20261024,1,20261025,1,20261026,1,20261027,1,20261028,1,20261029,1,20261030,1,20261031,1,20261101,1,20261102,1,20261103,1,20261104,1,20261105,1,20261106,1,20261107,1,20261108,1,20261109,1,20261110,1,20261111,1,20261112,1,20261113,1,20261114,1,20261115,1,20261116,1,20261117,1,20261118,1,20261119,1,20261120,1,20261121,1,20261122,1,20261123,1,20261124,1,20261125,1,20261126,1,20261127,1,20261128,1,20261129,1,20261130,1
'1035577',20261013,1,20261014,1,20261015,1,20261016,1,20261017,1,20261018,1,20261019,1,20261020,1,20261021,1,20261022,1,20261023,1,20261024,1,20261025,1,20261026,1,20261027,1,20261028,1,20261029,1,20261030,1,20261031,1,20261101,1,20261102,1,20261103,1,20261104,1,20261105,1,20261106,1,20261107,1,20261108,1,20261109,1,20261110,1,20261111,1,20261112,1,20261113,1,20261114,1,20261115,1,20261116,1,20261117,1,20261118,1,20261119,1,20261120,1,20261121,1,20261122,1,20261123,1,20261124,1,20261125,1,20261126,1,20261127,1,20261128,1,20261129,1,20261130,1
'1035578',20261013,1,20261014,1,20261015,1,20261016,1,20261017,1,20261018,1,20261019,1,20261020,1,20261021,1,20261022,1,20261023,1,20261024,1,20261025,1,20261026,1,20261027,1,20261028,1,20261029,1,20261030,1,20261031,1,20261101,1,20261102,1,20261103,1,20261104,1,20261105,1,20261106,1,20261107,1,20261108,1,20261109,1,20261110,1,20261111,1,20261112,1,20261113,1,20261114,1,20261115,1,20261116,1,20261117,1,20261118,1,20261119,1,20261120,1,20261121,1,20261122,1,20261123,1,20261124,1,20261125,1,20261126,1,20261127,1,20261128,1,20261129,1,20261130,1
'1035579',20261013,1,20261014,1,20261015,1,20261016,1,20261017,1,20261018,1,20261019,1,20261020,1,20261021,1,20261022,1,20261023,1,20261024,1,20261025,1,20261026,1,20261027,1,20261028,1,20261029,1,20261030,1,20261031,1,20261101,1,20261102,1,20261103,1,20261104,1,20261105,1,20261106,1,20261107,1,20261108,1,20261109,1,20261110,1,20261111,1,20261112,1,20261113,1,20261114,1,20261115,1,20261116,1,20261117,1,20261118,1,20261119,1,20261120,1,20261121,1,20261122,1,20261123,1,20261124,1,20261125,1,20261126,1,20261127,1,20261128,1,20261129,1,20261130,1
'1035580',20261013,1,20261014,1,20261015,1,20261016,1,20261017,1,20261018,1,20261019,1,20261020,1,20261021,1,20261022,1,20261023,1,20261024,1,20261025,1,20261026,1,20261027,1,20261028,1,20261029,1,20261030,1,20261031,1,20261101,1,20261102,1,20261103,1,20261104,1,20261105,1,20261106,1,20261107,1,20261108,1,20261109,1,20261110,1,20261111,1,20261112,1,20261113,1,20261114,1,20261115,1,20261116,1,20261117,1,20261118,1,20261119,1,20261120,1,20261121,1,20261122,1,20261123,1,20261124,1,20261125,1,20261126,1,20261127,1,20261128,1,20261129,1,20261130,1
'1035581',20261013,1,20261014,1,20261015,1,20261016,1,20261017,1,20261018,1,20261019,1,20261020,1,20261021,1,20261022,1,20261023,1,20261024,1,20261025,1,20261026,1,20261027,1,20261028,1,20261029,1,20261030,1,20261031,1,20261101,1,20261102,1,20261103,1,20261104,1,20261105,1,20261106,1,20261107,1,20261108,1,20261109,1,20261110,1,20261111,1,20261112,1,20261113,1,20261114,1,20261115,1,20261116,1,20261117,1,20261118,1,20261119,1,20261120,1,20261121,1,20261122,1,20261123,1,20261124,1,20261125,1,20261126,1,20261127,1,20261128,1,20261129,1,20261130,1
'1035582',20261013,1,20261014,1,20261015,1,20261016,1,20261017,1,20261018,1,20261019,1,20261020,1,20261021,1,20261022,1,20261023,1,20261024,1,20261025,1,20261026,1,20261027,1,20261028,1,20261029,1,20261030,1,20261031,1,20261101,1,20261102,1,20261103,1,20261104,1,20261105,1,20261106,1,20261107,1,20261108,1,20261109,1,20261110,1,20261111,1,20261112,1,20261113,1,20261114,1,20261115,1,20261116,1,20261117,1,20261118,1,20261119,1,20261120,1,20261121,1,20261122,1,20261123,1,20261124,1,20261125,1,20261126,1,20261127,1,20261128,1,20261129,1,20261130,1
'1035583',20261013,1,20261014,1,20261015,1,20261016,1,20261017,1,20261018,1,20261019,1,20261020,1,20261021,1,20261022,1,20261023,1,20261024,1,20261025,1,20261026,1,20261027,1,20261028,1,20261029,1,20261030,1,20261031,1,20261101,1,20261102,1,20261103,1,20261104,1,20261105,1,20261106,1,20261107,1,20261108,1,20261109,1,20261110,1,20261111,1,20261112,1,20261113,1,20261114,1,20261115,1,20261116,1,20261117,1,20261118,1,20261119,1,20261120,1,20261121,1,20261122,1,20261123,1,20261124,1,20261125,1,20261126,1,20261127,1,20261128,1,20261129,1,20261130,1
'1035584',20261013,1,20261014,1,20261015,1,20261016,1,20261017,1,20261018,1,20261019,1,20261020,1,20261021,1,20261022,1,20261023,1,20261024,1,20261025,1,20261026,1,20261027,1,20261028,1,20261029,1,20261030,1,20261031,1,20261101,1,20261102,1,20261103,1,20261104,1,20261105,1,20261106,1,20261107,1,20261108,1,20261109,1,20261110,1,20261111,1,20261112,1,20261113,1,20261114,1,20261115,1,20261116,1,20261117,1,20261118,1,20261119,1,20261120,1,20261121,1,20261122,1,20261123,1,20261124,1,20261125,1,20261126,1,20261127,1,20261128,1,20261129,1,20261130,1
'1035585',20261013,1,20261014,1,20261015,1,20261016,1,20261017,1,20261018,1,20261019,1,20261020,1,20261021,1,20261022,1,20261023,1,20261024,1,20261025,1,20261026,1,20261027,1,20261028,1,20261029,1,20261030,1,20261031,1,20261101,1,20261102,1,20261103,1,20261104,1,20261105,1,20261106,1,20261107,1,20261108,1,20261109,1,20261110,1,20261111,1,20261112,1,20261113,1,20261114,1,20261115,1,20261116,1,20261117,1,20261118,1,20261119,1,20261120,1,20261121,1,20261122,1,20261123,1,20261124,1,20261125,1,20261126,1,20261127,1,20261128,1,20261129,1,20261130,1
'1035586',20261013,1,20261014,1,20261015,1,20261016,1,20261017,1,20261018,1,20261019,1,20261020,1,20261021,1,20261022,1,20261023,1,20261024,1,20261025,1,20261026,1,20261027,1,20261028,1,20261029,1,20261030,1,20261031,1,20261101,1,20261102,1,20261103,1,20261104,1,20261105,1,20261106,1,20261107,1,20261108,1,20261109,1,20261110,1,20261111,1,20261112,1,20261113,1,20261114,1,20261115,1,20261116,1,20261117,1,20261118,1,20261119,1,20261120,1,20261121,1,20261122,1,20261123,1,20261124,1,20261125,1,20261126,1,20261127,1,20261128,1,20261129,1,20261130,1
'1035587',20261013,1,20261014,1,20261015,1,20261016,1,20261017,1,20261018,1,20261019,1,20261020,1,20261021,1,20261022,1,20261023,1,20261024,1,20261025,1,20261026,1,20261027,1,20261028,1,20261029,1,20261030,1,20261031,1,20261101,1,20261102,1,20261103,1,20261104,1,20261105,1,20261106,1,20261107,1,20261108,1,20261109,1,20261110,1,20261111,1,20261112,1,20261113,1,20261114,1,20261115,1,20261116,1,20261117,1,20261118,1,20261119,1,20261120,1,20261121,1,20261122,1,20261123,1,20261124,1,20261125,1,20261126,1,20261127,1,20261128,1,20261129,1,20261130,1
'1035588',20261013,1,20261014,1,20261015,1,20261016,1,20261017,1,20261018,1,20261019,1,20261020,1,20261021,1,20261022,1,20261023,1,20261024,1,20261025,1,20261026,1,20261027,1,20261028,1,20261029,1,20261030,1,20261031,1,20261101,1,20261102,1,20261103,1,20261104,1,20261105,1,20261106,1,20261107,1,20261108,1,20261109,1,20261110,1,20261111,1,20261112,1,20261113,1,20261114,1,20261115,1,20261116,1,20261117,1,20261118,1,20261119,1,20261120,1,20261121,1,20261122,1,20261123,1,20261124,1,20261125,1,20261126,1,20261127,1,20261128,1,20261129,1,20261130,1
'1035589',20261013,1,20261014,1,20261015,1,20261016,1,20261017,1,20261018,1,20261019,1,20261020,1,20261021,1,20261022,1,20261023,1,20261024,1,20261025,1,20261026,1,20261027,1,20261028,1,20261029,1,20261030,1,20261031,1,20261101,1,20261102,1,20261103,1,20261104,1,20261105,1,20261106,1,20261107,1,20261108,1,20261109,1,20261110,1,20261111,1,20261112,1,20261113,1,20261114,1,20261115,1,20261116,1,20261117,1,20261118,1,20261119,1,20261120,1,20261121,1,20261122,1,20261123,1,20261124,1,20261125,1,20261126,1,20261127,1,20261128,1,20261129,1,20261130,1
'1035590',20261013,1,20261014,1,20261015,1,20261016,1,20261017,1,20261018,1,20261019,1,20261020,1,20261021,1,20261022,1,20261023,1,20261024,1,20261025,1,20261026,1,20261027,1,20261028,1,20261029,1,20261030,1,20261031,1,20261101,1,20261102,1,20261103,1,20261104,1,20261105,1,20261106,1,20261107,1,20261108,1,20261109,1,20261110,1,20261111,1,20261112,1,20261113,1,20261114,1,20261115,1,20261116,1,20261117,1,20261118,1,20261119,1,20261120,1,20261121,1,20261122,1,20261123,1,20261124,1,20261125,1,20261126,1,20261127,1,20261128,1,20261129,1,20261130,1
'1035591',20261013,1,20261014,1,20261015,1,20261016,1,20261017,1,20261018,1,20261019,1,20261020,1,20261021,1,20261022,1,20261023,1,20261024,1,20261025,1,20261026,1,20261027,1,20261028,1,20261029,1,20261030,1,20261031,1,20261101,1,20261102,1,20261103,1,20261104,1,20261105,1,20261106,1,20261107,1,20261108,1,20261109,1,20261110,1,20261111,1,20261112,1,20261113,1,20261114,1,20261115,1,20261116,1,20261117,1,20261118,1,20261119,1,20261120,1,20261121,1,20261122,1,20261123,1,20261124,1,20261125,1,20261126,1,20261127,1,20261128,1,20261129,1,20261130,1
'1035592',20261013,1,20261014,1,20261015,1,20261016,1,20261017,1,20261018,1,20261019,1,20261020,1,20261021,1,20261022,1,20261023,1,20261024,1,20261025,1,20261026,1,20261027,1,20261028,1,20261029,1,20261030,1,20261031,1,20261101,1,20261102,1,20261103,1,20261104,1,20261105,1,20261106,1,20261107,1,20261108,1,20261109,1,20261110,1,20261111,1,20261112,1,20261113,1,20261114,1,20261115,1,20261116,1,20261117,1,20261118,1,20261119,1,20261120,1,20261121,1,20261122,1,20261123,1,20261124,1,20261125,1,20261126,1,20261127,1,20261128,1,20261129,1,20261130,1
'1035593',20261013,1,20261014,1,20261015,1,20261016,1,20261017,1,20261018,1,20261019,1,20261020,1,20261021,1,20261022,1,20261023,1,20261024,1,20261025,1,20261026,1,20261027,1,20261028,1,20261029,1,20261030,1,20261031,1,20261101,1,20261102,1,20261103,1,20261104,1,20261105,1,20261106,1,20261107,1,20261108,1,20261109,1,20261110,1,20261111,1,20261112,1,20261113,1,20261114,1,20261115,1,20261116,1,20261117,1,20261118,1,20261119,1,20261120,1,20261121,1,20261122,1,20261123,1,20261124,1,20261125,1,20261126,1,20261127,1,20261128,1,20261129,1,20261130,1
'1035594',20261013,1,20261014,1,20261015,1,20261016,1,20261017,1,20261018,1,20261019,1,20261020,1,20261021,1,20261022,1,20261023,1,20261024,1,20261025,1,20261026,1,20261027,1,20261028,1,20261029,1,20261030,1,20261031,1,20261101,1,20261102,1,20261103,1,20261104,1,20261105,1,20261106,1,20261107,1,20261108,1,20261109,1,20261110,1,20261111,1,20261112,1,20261113,1,20261114,1,20261115,1,20261116,1,20261117,1,20261118,1,20261119,1,20261120,1,20261121,1,20261122,1,20261123,1,20261124,1,20261125,1,20261126,1,20261127,1,20261128,1,20261129,1,20261130,1
'1035595',20261013,1,20261014,1,20261015,1,20261016,1,20261017,1,20261018,1,20261019,1,20261020,1,20261021,1,20261022,1,20261023,1,20261024,1,20261025,1,20261026,1,20261027,1,20261028,1,20261029,1,20261030,1,20261031,1,20261101,1,20261102,1,20261103,1,20261104,1,20261105,1,20261106,1,20261107,1,20261108,1,20261109,1,20261110,1,20261111,1,20261112,1,20261113,1,20261114,1,20261115,1,20261116,1,20261117,1,20261118,1,20261119,1,20261120,1,20261121,1,20261122,1,20261123,1,20261124,1,20261125,1,20261126,1,20261127,1,20261128,1,20261129,1,20261130,1
'1035596',20261013,1,20261014,1,20261015,1,20261016,1,20261017,1,20261018,1,20261019,1,20261020,1,20261021,1,20261022,1,20261023,1,20261024,1,20261025,1,20261026,1,20261027,1,20261028,1,20261029,1,20261030,1,20261031,1,20261101,1,20261102,1,20261103,1,20261104,1,20261105,1,20261106,1,20261107,1,20261108,1,20261109,1,20261110,1,20261111,1,20261112,1,20261113,1,20261114,1,20261115,1,20261116,1,20261117,1,20261118,1,20261119,1,20261120,1,20261121,1,20261122,1,20261123,1,20261124,1,20261125,1,20261126,1,20261127,1,20261128,1,20261129,1,20261130,1
'1035597',20261013,1,20261014,1,20261015,1,20261016,1,20261017,1,20261018,1,20261019,1,20261020,1,20261021,1,20261022,1,20261023,1,20261024,1,20261025,1,20261026,1,20261027,1,20261028,1,20261029,1,20261030,1,20261031,1,20261101,1,20261102,1,20261103,1,20261104,1,20261105,1,20261106,1,20261107,1,20261108,1,20261109,1,20261110,1,20261111,1,20261112,1,20261113,1,20261114,1,20261115,1,20261116,1,20261117,1,20261118,1,20261119,1,20261120,1,20261121,1,20261122,1,20261123,1,20261124,1,20261125,1,20261126,1,20261127,1,20261128,1,20261129,1,20261130,1
'1035598',20261013,1,20261014,1,20261015,1,20261016,1,20261017,1,20261018,1,20261019,1,20261020,1,20261021,1,20261022,1,20261023,1,20261024,1,20261025,1,20261026,1,20261027,1,20261028,1,20261029,1,20261030,1,20261031,1,20261101,1,20261102,1,20261103,1,20261104,1,20261105,1,20261106,1,20261107,1,20261108,1,20261109,1,20261110,1,20261111,1,20261112,1,20261113,1,20261114,1,20261115,1,20261116,1,20261117,1,20261118,1,20261119,1,20261120,1,20261121,1,20261122,1,20261123,1,20261124,1,20261125,1,20261126,1,20261127,1,20261128,1,20261129,1,20261130,1
'1035599',20261013,1,20261014,1,20261015,1,20261016,1,20261017,1,20261018,1,20261019,1,20261020,1,20261021,1,20261022,1,20261023,1,20261024,1,20261025,1,20261026,1,20261027,1,20261028,1,20261029,1,20261030,1,20261031,1,20261101,1,20261102,1,20261103,1,20261104,1,20261105,1,20261106,1,20261107,1,20261108,1,20261109,1,20261110,1,20261111,1,20261112,1,20261113,1,20261114,1,20261115,1,20261116,1,20261117,1,20261118,1,20261119,1,20261120,1,20261121,1,20261122,1,20261123,1,20261124,1,20261125,1,20261126,1,20261127,1,20261128,1,20261129,1,20261130,1
'1035600',20261013,1,20261014,1,20261015,1,20261016,1,20261017,1,20261018,1,20261019,1,20261020,1,20261021,1,20261022,1,20261023,1,20261024,1,20261025,1,20261026,1,20261027,1,20261028,1,20261029,1,20261030,1,20261031,1,20261101,1,20261102,1,20261103,1,20261104,1,20261105,1,20261106,1,20261107,1,20261108,1,20261109,1,20261110,1,20261111,1,20261112,1,20261113,1,20261114,1,20261115,1,20261116,1,20261117,1,20261118,1,20261119,1,20261120,1,20261121,1,20261122,1,20261123,1,20261124,1,20261125,1,20261126,1,20261127,1,20261128,1,20261129,1,20261130,1
'1035601',20261013,1,20261014,1,20261015,1,20261016,1,20261017,1,20261018,1,20261019,1,20261020,1,20261021,1,20261022,1,20261023,1,20261024,1,20261025,1,20261026,1,20261027,1,20261028,1,20261029,1,20261030,1,20261031,1,20261101,1,20261102,1,20261103,1,20261104,1,20261105,1,20261106,1,20261107,1,20261108,1,20261109,1,20261110,1,20261111,1,20261112,1,20261113,1,20261114,1,20261115,1,20261116,1,20261117,1,20261118,1,20261119,1,20261120,1,20261121,1,20261122,1,20261123,1,20261124,1,20261125,1,20261126,1,20261127,1,20261128,1,20261129,1,20261130,1
'1035602',20261013,1,20261014,1,20261015,1,20261016,1,20261017,1,20261018,1,20261019,1,20261020,1,20261021,1,20261022,1,20261023,1,20261024,1,20261025,1,20261026,1,20261027,1,20261028,1,20261029,1,20261030,1,20261031,1,20261101,1,20261102,1,20261103,1,20261104,1,20261105,1,20261106,1,20261107,1,20261108,1,20261109,1,20261110,1,20261111,1,20261112,1,20261113,1,20261114,1,20261115,1,20261116,1,20261117,1,20261118,1,20261119,1,20261120,1,20261121,1,20261122,1,20261123,1,20261124,1,20261125,1,20261126,1,20261127,1,20261128,1,20261129,1,20261130,1
'1035603',20261013,1,20261014,1,20261015,1,20261016,1,20261017,1,20261018,1,20261019,1,20261020,1,20261021,1,20261022,1,20261023,1,20261024,1,20261025,1,20261026,1,20261027,1,20261028,1,20261029,1,20261030,1,20261031,1,20261101,1,20261102,1,20261103,1,20261104,1,20261105,1,20261106,1,20261107,1,20261108,1,20261109,1,20261110,1,20261111,1,20261112,1,20261113,1,20261114,1,20261115,1,20261116,1,20261117,1,20261118,1,20261119,1,20261120,1,20261121,1,20261122,1,20261123,1,20261124,1,20261125,1,20261126,1,20261127,1,20261128,1,20261129,1,20261130,1
'1035604',20261013,1,20261014,1,20261015,1,20261016,1,20261017,1,20261018,1,20261019,1,20261020,1,20261021,1,20261022,1,20261023,1,20261024,1,20261025,1,20261026,1,20261027,1,20261028,1,20261029,1,20261030,1,20261031,1,20261101,1,20261102,1,20261103,1,20261104,1,20261105,1,20261106,1,20261107,1,20261108,1,20261109,1,20261110,1,20261111,1,20261112,1,20261113,1,20261114,1,20261115,1,20261116,1,20261117,1,20261118,1,20261119,1,20261120,1,20261121,1,20261122,1,20261123,1,20261124,1,20261125,1,20261126,1,20261127,1,20261128,1,20261129,1,20261130,1
'1035605',20261013,1,20261014,1,20261015,1,20261016,1,20261017,1,20261018,1,20261019,1,20261020,1,20261021,1,20261022,1,20261023,1,20261024,1,20261025,1,20261026,1,20261027,1,20261028,1,20261029,1,20261030,1,20261031,1,20261101,1,20261102,1,20261103,1,20261104,1,20261105,1,20261106,1,20261107,1,20261108,1,20261109,1,20261110,1,20261111,1,20261112,1,20261113,1,20261114,1,20261115,1,20261116,1,20261117,1,20261118,1,20261119,1,20261120,1,20261121,1,20261122,1,20261123,1,20261124,1,20261125,1,20261126,1,20261127,1,20261128,1,20261129,1,20261130,1
'1035606',20261013,1,20261014,1,20261015,1,20261016,1,20261017,1,20261018,1,20261019,1,20261020,1,20261021,1,20261022,1,20261023,1,20261024,1,20261025,1,20261026,1,20261027,1,20261028,1,20261029,1,20261030,1,20261031,1,20261101,1,20261102,1,20261103,1,20261104,1,20261105,1,20261106,1,20261107,1,20261108,1,20261109,1,20261110,1,20261111,1,20261112,1,20261113,1,20261114,1,20261115,1,20261116,1,20261117,1,20261118,1,20261119,1,20261120,1,20261121,1,20261122,1,20261123,1,20261124,1,20261125,1,20261126,1,20261127,1,20261128,1,20261129,1,20261130,1
'1035607',20261013,1,20261014,1,20261015,1,20261016,1,20261017,1,20261018,1,20261019,1,20261020,1,20261021,1,20261022,1,20261023,1,20261024,1,20261025,1,20261026,1,20261027,1,20261028,1,20261029,1,20261030,1,20261031,1,20261101,1,20261102,1,20261103,1,20261104,1,20261105,1,20261106,1,20261107,1,20261108,1,20261109,1,20261110,1,20261111,1,20261112,1,20261113,1,20261114,1,20261115,1,20261116,1,20261117,1,20261118,1,20261119,1,20261120,1,20261121,1,20261122,1,20261123,1,20261124,1,20261125,1,20261126,1,20261127,1,20261128,1,20261129,1,20261130,1
'1035608',20261013,1,20261014,1,20261015,1,20261016,1,20261017,1,20261018,1,20261019,1,20261020,1,20261021,1,20261022,1,20261023,1,20261024,1,20261025,1,20261026,1,20261027,1,20261028,1,20261029,1,20261030,1,20261031,1,20261101,1,20261102,1,20261103,1,20261104,1,20261105,1,20261106,1,20261107,1,20261108,1,20261109,1,20261110,1,20261111,1,20261112,1,20261113,1,20261114,1,20261115,1,20261116,1,20261117,1,20261118,1,20261119,1,20261120,1,20261121,1,20261122,1,20261123,1,20261124,1,20261125,1,20261126,1,20261127,1,20261128,1,20261129,1,20261130,1
'1035609',20261013,1,20261014,1,20261015,1,20261016,1,20261017,1,20261018,1,20261019,1,20261020,1,20261021,1,20261022,1,20261023,1,20261024,1,20261025,1,20261026,1,20261027,1,20261028,1,20261029,1,20261030,1,20261031,1,20261101,1,20261102,1,20261103,1,20261104,1,20261105,1,20261106,1,20261107,1,20261108,1,20261109,1,20261110,1,20261111,1,20261112,1,20261113,1,20261114,1,20261115,1,20261116,1,20261117,1,20261118,1,20261119,1,20261120,1,20261121,1,20261122,1,20261123,1,20261124,1,20261125,1,20261126,1,20261127,1,20261128,1,20261129,1,20261130,1
'1035610',20261013,1,20261014,1,20261015,1,20261016,1,20261017,1,20261018,1,20261019,1,20261020,1,20261021,1,20261022,1,20261023,1,20261024,1,20261025,1,20261026,1,20261027,1,20261028,1,20261029,1,20261030,1,20261031,1,20261101,1,20261102,1,20261103,1,20261104,1,20261105,1,20261106,1,20261107,1,20261108,1,20261109,1,20261110,1,20261111,1,20261112,1,20261113,1,20261114,1,20261115,1,20261116,1,20261117,1,20261118,1,20261119,1,20261120,1,20261121,1,20261122,1,20261123,1,20261124,1,20261125,1,20261126,1,20261127,1,20261128,1,20261129,1,20261130,1
'1035611',20261013,1,20261014,1,20261015,1,20261016,1,20261017,1,20261018,1,20261019,1,20261020,1,20261021,1,20261022,1,20261023,1,20261024,1,20261025,1,20261026,1,20261027,1,20261028,1,20261029,1,20261030,1,20261031,1,20261101,1,20261102,1,20261103,1,20261104,1,20261105,1,20261106,1,20261107,1,20261108,1,20261109,1,20261110,1,20261111,1,20261112,1,20261113,1,20261114,1,20261115,1,20261116,1,20261117,1,20261118,1,20261119,1,20261120,1,20261121,1,20261122,1,20261123,1,20261124,1,20261125,1,20261126,1,20261127,1,20261128,1,20261129,1,20261130,1
'1035612',20261013,1,20261014,1,20261015,1,20261016,1,20261017,1,20261018,1,20261019,1,20261020,1,20261021,1,20261022,1,20261023,1,20261024,1,20261025,1,20261026,1,20261027,1,20261028,1,20261029,1,20261030,1,20261031,1,20261101,1,20261102,1,20261103,1,20261104,1,20261105,1,20261106,1,20261107,1,20261108,1,20261109,1,20261110,1,20261111,1,20261112,1,20261113,1,20261114,1,20261115,1,20261116,1,20261117,1,20261118,1,20261119,1,20261120,1,20261121,1,20261122,1,20261123,1,20261124,1,20261125,1,20261126,1,20261127,1,20261128,1,20261129,1,20261130,1
'1035613',20261013,1,20261014,1,20261015,1,20261016,1,20261017,1,20261018,1,20261019,1,20261020,1,20261021,1,20261022,1,20261023,1,20261024,1,20261025,1,20261026,1,20261027,1,20261028,1,20261029,1,20261030,1,20261031,1,20261101,1,20261102,1,20261103,1,20261104,1,20261105,1,20261106,1,20261107,1,20261108,1,20261109,1,20261110,1,20261111,1,20261112,1,20261113,1,20261114,1,20261115,1,20261116,1,20261117,1,20261118,1,20261119,1,20261120,1,20261121,1,20261122,1,20261123,1,20261124,1,20261125,1,20261126,1,20261127,1,20261128,1,20261129,1,20261130,1
'1035614',20261013,1,20261014,1,20261015,1,20261016,1,20261017,1,20261018,1,20261019,1,20261020,1,20261021,1,20261022,1,20261023,1,20261024,1,20261025,1,20261026,1,20261027,1,20261028,1,20261029,1,20261030,1,20261031,1,20261101,1,20261102,1,20261103,1,20261104,1,20261105,1,20261106,1,20261107,1,20261108,1,20261109,1,20261110,1,20261111,1,20261112,1,20261113,1,20261114,1,20261115,1,20261116,1,20261117,1,20261118,1,20261119,1,20261120,1,20261121,1,20261122,1,20261123,1,20261124,1,20261125,1,20261126,1,20261127,1,20261128,1,20261129,1,20261130,1
'1035615',20261013,1,20261014,1,20261015,1,20261016,1,20261017,1,20261018,1,20261019,1,20261020,1,20261021,1,20261022,1,20261023,1,20261024,1,20261025,1,20261026,1,20261027,1,20261028,1,20261029,1,20261030,1,20261031,1,20261101,1,20261102,1,20261103,1,20261104,1,20261105,1,20261106,1,20261107,1,20261108,1,20261109,1,20261110,1,20261111,1,20261112,1,20261113,1,20261114,1,20261115,1,20261116,1,20261117,1,20261118,1,20261119,1,20261120,1,20261121,1,20261122,1,20261123,1,20261124,1,20261125,1,20261126,1,20261127,1,20261128,1,20261129,1,20261130,1
'1035616',20261013,1,20261014,1,20261015,1,20261016,1,20261017,1,20261018,1,20261019,1,20261020,1,20261021,1,20261022,1,20261023,1,20261024,1,20261025,1,20261026,1,20261027,1,20261028,1,20261029,1,20261030,1,20261031,1,20261101,1,20261102,1,20261103,1,20261104,1,20261105,1,20261106,1,20261107,1,20261108,1,20261109,1,20261110,1,20261111,1,20261112,1,20261113,1,20261114,1,20261115,1,20261116,1,20261117,1,20261118,1,20261119,1,20261120,1,20261121,1,20261122,1,20261123,1,20261124,1,20261125,1,20261126,1,20261127,1,20261128,1,20261129,1,20261130,1
'1035617',20261013,1,20261014,1,20261015,1,20261016,1,20261017,1,20261018,1,20261019,1,20261020,1,20261021,1,20261022,1,20261023,1,20261024,1,20261025,1,20261026,1,20261027,1,20261028,1,20261029,1,20261030,1,20261031,1,20261101,1,20261102,1,20261103,1,20261104,1,20261105,1,20261106,1,20261107,1,20261108,1,20261109,1,20261110,1,20261111,1,20261112,1,20261113,1,20261114,1,20261115,1,20261116,1,20261117,1,20261118,1,20261119,1,20261120,1,20261121,1,20261122,1,20261123,1,20261124,1,20261125,1,20261126,1,20261127,1,20261128,1,20261129,1,20261130,1
'1035618',20261013,1,20261014,1,20261015,1,20261016,1,20261017,1,20261018,1,20261019,1,20261020,1,20261021,1,20261022,1,20261023,1,20261024,1,20261025,1,20261026,1,20261027,1,20261028,1,20261029,1,20261030,1,20261031,1,20261101,1,20261102,1,20261103,1,20261104,1,20261105,1,20261106,1,20261107,1,20261108,1,20261109,1,20261110,1,20261111,1,20261112,1,20261113,1,20261114,1,20261115,1,20261116,1,20261117,1,20261118,1,20261119,1,20261120,1,20261121,1,20261122,1,20261123,1,20261124,1,20261125,1,20261126,1,20261127,1,20261128,1,20261129,1,20261130,1
'1035619',20261013,1,20261014,1,20261015,1,20261016,1,20261017,1,20261018,1,20261019,1,20261020,1,20261021,1,20261022,1,20261023,1,20261024,1,20261025,1,20261026,1,20261027,1,20261028,1,20261029,1,20261030,1,20261031,1,20261101,1,20261102,1,20261103,1,20261104,1,20261105,1,20261106,1,20261107,1,20261108,1,20261109,1,20261110,1,20261111,1,20261112,1,20261113,1,20261114,1,20261115,1,20261116,1,20261117,1,20261118,1,20261119,1,20261120,1,20261121,1,20261122,1,20261123,1,20261124,1,20261125,1,20261126,1,20261127,1,20261128,1,20261129,1,20261130,1
'1035620',20261013,1,20261014,1,20261015,1,20261016,1,20261017,1,20261018,1,20261019,1,20261020,1,20261021,1,20261022,1,20261023,1,20261024,1,20261025,1,20261026,1,20261027,1,20261028,1,20261029,1,20261030,1,20261031,1,20261101,1,20261102,1,20261103,1,20261104,1,20261105,1,20261106,1,20261107,1,20261108,1,20261109,1,20261110,1,20261111,1,20261112,1,20261113,1,20261114,1,20261115,1,20261116,1,20261117,1,20261118,1,20261119,1,20261120,1,20261121,1,20261122,1,20261123,1,20261124,1,20261125,1,20261126,1,20261127,1,20261128,1,20261129,1,20261130,1
'1035621',20261013,1,20261014,1,20261015,1,20261016,1,20261017,1,20261018,1,20261019,1,20261020,1,20261021,1,20261022,1,20261023,1,20261024,1,20261025,1,20261026,1,20261027,1,20261028,1,20261029,1,20261030,1,20261031,1,20261101,1,20261102,1,20261103,1,20261104,1,20261105,1,20261106,1,20261107,1,20261108,1,20261109,1,20261110,1,20261111,1,20261112,1,20261113,1,20261114,1,20261115,1,20261116,1,20261117,1,20261118,1,20261119,1,20261120,1,20261121,1,20261122,1,20261123,1,20261124,1,20261125,1,20261126,1,20261127,1,20261128,1,20261129,1,20261130,1
'1035622',20261013,1,20261014,1,20261015,1,20261016,1,20261017,1,20261018,1,20261019,1,20261020,1,20261021,1,20261022,1,20261023,1,20261024,1,20261025,1,20261026,1,20261027,1,20261028,1,20261029,1,20261030,1,20261031,1,20261101,1,20261102,1,20261103,1,20261104,1,20261105,1,20261106,1,20261107,1,20261108,1,20261109,1,20261110,1,20261111,1,20261112,1,20261113,1,20261114,1,20261115,1,20261116,1,20261117,1,20261118,1,20261119,1,20261120,1,20261121,1,20261122,1,20261123,1,20261124,1,20261125,1,20261126,1,20261127,1,20261128,1,20261129,1,20261130,1
'1035623',20261013,1,20261014,1,20261015,1,20261016,1,20261017,1,20261018,1,20261019,1,20261020,1,20261021,1,20261022,1,20261023,1,20261024,1,20261025,1,20261026,1,20261027,1,20261028,1,20261029,1,20261030,1,20261031,1,20261101,1,20261102,1,20261103,1,20261104,1,20261105,1,20261106,1,20261107,1,20261108,1,20261109,1,20261110,1,20261111,1,20261112,1,20261113,1,20261114,1,20261115,1,20261116,1,20261117,1,20261118,1,20261119,1,20261120,1,20261121,1,20261122,1,20261123,1,20261124,1,20261125,1,20261126,1,20261127,1,20261128,1,20261129,1,20261130,1
'1035624',20261013,1,20261014,1,20261015,1,20261016,1,20261017,1,20261018,1,20261019,1,20261020,1,20261021,1,20261022,1,20261023,1,20261024,1,20261025,1,20261026,1,20261027,1,20261028,1,20261029,1,20261030,1,20261031,1,20261101,1,20261102,1,20261103,1,20261104,1,20261105,1,20261106,1,20261107,1,20261108,1,20261109,1,20261110,1,20261111,1,20261112,1,20261113,1,20261114,1,20261115,1,20261116,1,20261117,1,20261118,1,20261119,1,20261120,1,20261121,1,20261122,1,20261123,1,20261124,1,20261125,1,20261126,1,20261127,1,20261128,1,20261129,1,20261130,1
'1035625',20261013,1,20261014,1,20261015,1,20261016,1,20261017,1,20261018,1,20261019,1,20261020,1,20261021,1,20261022,1,20261023,1,20261024,1,20261025,1,20261026,1,20261027,1,20261028,1,20261029,1,20261030,1,20261031,1,20261101,1,20261102,1,20261103,1,20261104,1,20261105,1,20261106,1,20261107,1,20261108,1,20261109,1,20261110,1,20261111,1,20261112,1,20261113,1,20261114,1,20261115,1,20261116,1,20261117,1,20261118,1,20261119,1,20261120,1,20261121,1,20261122,1,20261123,1,20261124,1,20261125,1,20261126,1,20261127,1,20261128,1,20261129,1,20261130,1
'1035626',20261013,1,20261014,1,20261015,1,20261016,1,20261017,1,20261018,1,20261019,1,20261020,1,20261021,1,20261022,1,20261023,1,20261024,1,20261025,1,20261026,1,20261027,1,20261028,1,20261029,1,20261030,1,20261031,1,20261101,1,20261102,1,20261103,1,20261104,1,20261105,1,20261106,1,20261107,1,20261108,1,20261109,1,20261110,1,20261111,1,20261112,1,20261113,1,20261114,1,20261115,1,20261116,1,20261117,1,20261118,1,20261119,1,20261120,1,20261121,1,20261122,1,20261123,1,20261124,1,20261125,1,20261126,1,20261127,1,20261128,1,20261129,1,20261130,1
'1035627',20261013,1,20261014,1,20261015,1,20261016,1,20261017,1,20261018,1,20261019,1,20261020,1,20261021,1,20261022,1,20261023,1,20261024,1,20261025,1,20261026,1,20261027,1,20261028,1,20261029,1,20261030,1,20261031,1,20261101,1,20261102,1,20261103,1,20261104,1,20261105,1,20261106,1,20261107,1,20261108,1,20261109,1,20261110,1,20261111,1,20261112,1,20261113,1,20261114,1,20261115,1,20261116,1,20261117,1,20261118,1,20261119,1,20261120,1,20261121,1,20261122,1,20261123,1,20261124,1,20261125,1,20261126,1,20261127,1,20261128,1,20261129,1,20261130,1
'1035628',20261013,1,20261014,1,20261015,1,20261016,1,20261017,1,20261018,1,20261019,1,20261020,1,20261021,1,20261022,1,20261023,1,20261024,1,20261025,1,20261026,1,20261027,1,20261028,1,20261029,1,20261030,1,20261031,1,20261101,1,20261102,1,20261103,1,20261104,1,20261105,1,20261106,1,20261107,1,20261108,1,20261109,1,20261110,1,20261111,1,20261112,1,20261113,1,20261114,1,20261115,1,20261116,1,20261117,1,20261118,1,20261119,1,20261120,1,20261121,1,20261122,1,20261123,1,20261124,1,20261125,1,20261126,1,20261127,1,20261128,1,20261129,1,20261130,1
'1035629',20261013,1,20261014,1,20261015,1,20261016,1,20261017,1,20261018,1,20261019,1,20261020,1,20261021,1,20261022,1,20261023,1,20261024,1,20261025,1,20261026,1,20261027,1,20261028,1,20261029,1,20261030,1,20261031,1,20261101,1,20261102,1,20261103,1,20261104,1,20261105,1,20261106,1,20261107,1,20261108,1,20261109,1,20261110,1,20261111,1,20261112,1,20261113,1,20261114,1,20261115,1,20261116,1,20261117,1,20261118,1,20261119,1,20261120,1,20261121,1,20261122,1,20261123,1,20261124,1,20261125,1,20261126,1,20261127,1,20261128,1,20261129,1,20261130,1
'1035630',20261013,1,20261014,1,20261015,1,20261016,1,20261017,1,20261018,1,20261019,1,20261020,1,20261021,1,20261022,1,20261023,1,20261024,1,20261025,1,20261026,1,20261027,1,20261028,1,20261029,1,20261030,1,20261031,1,20261101,1,20261102,1,20261103,1,20261104,1,20261105,1,20261106,1,20261107,1,20261108,1,20261109,1,20261110,1,20261111,1,20261112,1,20261113,1,20261114,1,20261115,1,20261116,1,20261117,1,20261118,1,20261119,1,20261120,1,20261121,1,20261122,1,20261123,1,20261124,1,20261125,1,20261126,1,20261127,1,20261128,1,20261129,1,20261130,1
'1035631',20261013,1,20261014,1,20261015,1,20261016,1,20261017,1,20261018,1,20261019,1,20261020,1,20261021,1,20261022,1,20261023,1,20261024,1,20261025,1,20261026,1,20261027,1,20261028,1,20261029,1,20261030,1,20261031,1,20261101,1,20261102,1,20261103,1,20261104,1,20261105,1,20261106,1,20261107,1,20261108,1,20261109,1,20261110,1,20261111,1,20261112,1,20261113,1,20261114,1,20261115,1,20261116,1,20261117,1,20261118,1,20261119,1,20261120,1,20261121,1,20261122,1,20261123,1,20261124,1,20261125,1,20261126,1,20261127,1,20261128,1,20261129,1,20261130,1
'1035632',20261013,1,20261014,1,20261015,1,20261016,1,20261017,1,20261018,1,20261019,1,20261020,1,20261021,1,20261022,1,20261023,1,20261024,1,20261025,1,20261026,1,20261027,1,20261028,1,20261029,1,20261030,1,20261031,1,20261101,1,20261102,1,20261103,1,20261104,1,20261105,1,20261106,1,20261107,1,20261108,1,20261109,1,20261110,1,20261111,1,20261112,1,20261113,1,20261114,1,20261115,1,20261116,1,20261117,1,20261118,1,20261119,1,20261120,1,20261121,1,20261122,1,20261123,1,20261124,1,20261125,1,20261126,1,20261127,1,20261128,1,20261129,1,20261130,1
'1035633',20261013,1,20261014,1,20261015,1,20261016,1,20261017,1,20261018,1,20261019,1,20261020,1,20261021,1,20261022,1,20261023,1,20261024,1,20261025,1,20261026,1,20261027,1,20261028,1,20261029,1,20261030,1,20261031,1,20261101,1,20261102,1,20261103,1,20261104,1,20261105,1,20261106,1,20261107,1,20261108,1,20261109,1,20261110,1,20261111,1,20261112,1,20261113,1,20261114,1,20261115,1,20261116,1,20261117,1,20261118,1,20261119,1,20261120,1,20261121,1,20261122,1,20261123,1,20261124,1,20261125,1,20261126,1,20261127,1,20261128,1,20261129,1,20261130,1
'1035634',20261013,1,20261014,1,20261015,1,20261016,1,20261017,1,20261018,1,20261019,1,20261020,1,20261021,1,20261022,1,20261023,1,20261024,1,20261025,1,20261026,1,20261027,1,20261028,1,20261029,1,20261030,1,20261031,1,20261101,1,20261102,1,20261103,1,20261104,1,20261105,1,20261106,1,20261107,1,20261108,1,20261109,1,20261110,1,20261111,1,20261112,1,20261113,1,20261114,1,20261115,1,20261116,1,20261117,1,20261118,1,20261119,1,20261120,1,20261121,1,20261122,1,20261123,1,20261124,1,20261125,1,20261126,1,20261127,1,20261128,1,20261129,1,20261130,1
'1035635',20261013,1,20261014,1,20261015,1,20261016,1,20261017,1,20261018,1,20261019,1,20261020,1,20261021,1,20261022,1,20261023,1,20261024,1,20261025,1,20261026,1,20261027,1,20261028,1,20261029,1,20261030,1,20261031,1,20261101,1,20261102,1,20261103,1,20261104,1,20261105,1,20261106,1,20261107,1,20261108,1,20261109,1,20261110,1,20261111,1,20261112,1,20261113,1,20261114,1,20261115,1,20261116,1,20261117,1,20261118,1,20261119,1,20261120,1,20261121,1,20261122,1,20261123,1,20261124,1,20261125,1,20261126,1,20261127,1,20261128,1,20261129,1,20261130,1
'1035636',20261013,1,20261014,1,20261015,1,20261016,1,20261017,1,20261018,1,20261019,1,20261020,1,20261021,1,20261022,1,20261023,1,20261024,1,20261025,1,20261026,1,20261027,1,20261028,1,20261029,1,20261030,1,20261031,1,20261101,1,20261102,1,20261103,1,20261104,1,20261105,1,20261106,1,20261107,1,20261108,1,20261109,1,20261110,1,20261111,1,20261112,1,20261113,1,20261114,1,20261115,1,20261116,1,20261117,1,20261118,1,20261119,1,20261120,1,20261121,1,20261122,1,20261123,1,20261124,1,20261125,1,20261126,1,20261127,1,20261128,1,20261129,1,20261130,1
'1035637',20261013,1,20261014,1,20261015,1,20261016,1,20261017,1,20261018,1,20261019,1,20261020,1,20261021,1,20261022,1,20261023,1,20261024,1,20261025,1,20261026,1,20261027,1,20261028,1,20261029,1,20261030,1,20261031,1,20261101,1,20261102,1,20261103,1,20261104,1,20261105,1,20261106,1,20261107,1,20261108,1,20261109,1,20261110,1,20261111,1,20261112,1,20261113,1,20261114,1,20261115,1,20261116,1,20261117,1,20261118,1,20261119,1,20261120,1,20261121,1,20261122,1,20261123,1,20261124,1,20261125,1,20261126,1,20261127,1,20261128,1,20261129,1,20261130,1
'1035638',20261013,1,20261014,1,20261015,1,20261016,1,20261017,1,20261018,1,20261019,1,20261020,1,20261021,1,20261022,1,20261023,1,20261024,1,20261025,1,20261026,1,20261027,1,20261028,1,20261029,1,20261030,1,20261031,1,20261101,1,20261102,1,20261103,1,20261104,1,20261105,1,20261106,1,20261107,1,20261108,1,20261109,1,20261110,1,20261111,1,20261112,1,20261113,1,20261114,1,20261115,1,20261116,1,20261117,1,20261118,1,20261119,1,20261120,1,20261121,1,20261122,1,20261123,1,20261124,1,20261125,1,20261126,1,20261127,1,20261128,1,20261129,1,20261130,1
'1035639',20261013,1,20261014,1,20261015,1,20261016,1,20261017,1,20261018,1,20261019,1,20261020,1,20261021,1,20261022,1,20261023,1,20261024,1,20261025,1,20261026,1,20261027,1,20261028,1,20261029,1,20261030,1,20261031,1,20261101,1,20261102,1,20261103,1,20261104,1,20261105,1,20261106,1,20261107,1,20261108,1,20261109,1,20261110,1,20261111,1,20261112,1,20261113,1,20261114,1,20261115,1,20261116,1,20261117,1,20261118,1,20261119,1,20261120,1,20261121,1,20261122,1,20261123,1,20261124,1,20261125,1,20261126,1,20261127,1,20261128,1,20261129,1,20261130,1
'1035640',20261013,1,20261014,1,20261015,1,20261016,1,20261017,1,20261018,1,20261019,1,20261020,1,20261021,1,20261022,1,20261023,1,20261024,1,20261025,1,20261026,1,20261027,1,20261028,1,20261029,1,20261030,1,20261031,1,20261101,1,20261102,1,20261103,1,20261104,1,20261105,1,20261106,1,20261107,1,20261108,1,20261109,1,20261110,1,20261111,1,20261112,1,20261113,1,20261114,1,20261115,1,20261116,1,20261117,1,20261118,1,20261119,1,20261120,1,20261121,1,20261122,1,20261123,1,20261124,1,20261125,1,20261126,1,20261127,1,20261128,1,20261129,1,20261130,1
'1035641',20261013,1,20261014,1,20261015,1,20261016,1,20261017,1,20261018,1,20261019,1,20261020,1,20261021,1,20261022,1,20261023,1,20261024,1,20261025,1,20261026,1,20261027,1,20261028,1,20261029,1,20261030,1,20261031,1,20261101,1,20261102,1,20261103,1,20261104,1,20261105,1,20261106,1,20261107,1,20261108,1,20261109,1,20261110,1,20261111,1,20261112,1,20261113,1,20261114,1,20261115,1,20261116,1,20261117,1,20261118,1,20261119,1,20261120,1,20261121,1,20261122,1,20261123,1,20261124,1,20261125,1,20261126,1,20261127,1,20261128,1,20261129,1,20261130,1
'1035642',20261013,1,20261014,1,20261015,1,20261016,1,20261017,1,20261018,1,20261019,1,20261020,1,20261021,1,20261022,1,20261023,1,20261024,1,20261025,1,20261026,1,20261027,1,20261028,1,20261029,1,20261030,1,20261031,1,20261101,1,20261102,1,20261103,1,20261104,1,20261105,1,20261106,1,20261107,1,20261108,1,20261109,1,20261110,1,20261111,1,20261112,1,20261113,1,20261114,1,20261115,1,20261116,1,20261117,1,20261118,1,20261119,1,20261120,1,20261121,1,20261122,1,20261123,1,20261124,1,20261125,1,20261126,1,20261127,1,20261128,1,20261129,1,20261130,1
'1035643',20261013,1,20261014,1,20261015,1,20261016,1,20261017,1,20261018,1,20261019,1,20261020,1,20261021,1,20261022,1,20261023,1,20261024,1,20261025,1,20261026,1,20261027,1,20261028,1,20261029,1,20261030,1,20261031,1,20261101,1,20261102,1,20261103,1,20261104,1,20261105,1,20261106,1,20261107,1,20261108,1,20261109,1,20261110,1,20261111,1,20261112,1,20261113,1,20261114,1,20261115,1,20261116,1,20261117,1,20261118,1,20261119,1,20261120,1,20261121,1,20261122,1,20261123,1,20261124,1,20261125,1,20261126,1,20261127,1,20261128,1,20261129,1,20261130,1
'1035644',20261013,1,20261014,1,20261015,1,20261016,1,20261017,1,20261018,1,20261019,1,20261020,1,20261021,1,20261022,1,20261023,1,20261024,1,20261025,1,20261026,1,20261027,1,20261028,1,20261029,1,20261030,1,20261031,1,20261101,1,20261102,1,20261103,1,20261104,1,20261105,1,20261106,1,20261107,1,20261108,1,20261109,1,20261110,1,20261111,1,20261112,1,20261113,1,20261114,1,20261115,1,20261116,1,20261117,1,20261118,1,20261119,1,20261120,1,20261121,1,20261122,1,20261123,1,20261124,1,20261125,1,20261126,1,20261127,1,20261128,1,20261129,1,20261130,1
'1035645',20261013,1,20261014,1,20261015,1,20261016,1,20261017,1,20261018,1,20261019,1,20261020,1,20261021,1,20261022,1,20261023,1,20261024,1,20261025,1,20261026,1,20261027,1,20261028,1,20261029,1,20261030,1,20261031,1,20261101,1,20261102,1,20261103,1,20261104,1,20261105,1,20261106,1,20261107,1,20261108,1,20261109,1,20261110,1,20261111,1,20261112,1,20261113,1,20261114,1,20261115,1,20261116,1,20261117,1,20261118,1,20261119,1,20261120,1,20261121,1,20261122,1,20261123,1,20261124,1,20261125,1,20261126,1,20261127,1,20261128,1,20261129,1,20261130,1
'1035646',20261013,1,20261014,1,20261015,1,20261016,1,20261017,1,20261018,1,20261019,1,20261020,1,20261021,1,20261022,1,20261023,1,20261024,1,20261025,1,20261026,1,20261027,1,20261028,1,20261029,1,20261030,1,20261031,1,20261101,1,20261102,1,20261103,1,20261104,1,20261105,1,20261106,1,20261107,1,20261108,1,20261109,1,20261110,1,20261111,1,20261112,1,20261113,1,20261114,1,20261115,1,20261116,1,20261117,1,20261118,1,20261119,1,20261120,1,20261121,1,20261122,1,20261123,1,20261124,1,20261125,1,20261126,1,20261127,1,20261128,1,20261129,1,20261130,1
'1035647',20261013,1,20261014,1,20261015,1,20261016,1,20261017,1,20261018,1,20261019,1,20261020,1,20261021,1,20261022,1,20261023,1,20261024,1,20261025,1,20261026,1,20261027,1,20261028,1,20261029,1,20261030,1,20261031,1,20261101,1,20261102,1,20261103,1,20261104,1,20261105,1,20261106,1,20261107,1,20261108,1,20261109,1,20261110,1,20261111,1,20261112,1,20261113,1,20261114,1,20261115,1,20261116,1,20261117,1,20261118,1,20261119,1,20261120,1,20261121,1,20261122,1,20261123,1,20261124,1,20261125,1,20261126,1,20261127,1,20261128,1,20261129,1,20261130,1
'1035648',20261013,1,20261014,1,20261015,1,20261016,1,20261017,1,20261018,1,20261019,1,20261020,1,20261021,1,20261022,1,20261023,1,20261024,1,20261025,1,20261026,1,20261027,1,20261028,1,20261029,1,20261030,1,20261031,1,20261101,1,20261102,1,20261103,1,20261104,1,20261105,1,20261106,1,20261107,1,20261108,1,20261109,1,20261110,1,20261111,1,20261112,1,20261113,1,20261114,1,20261115,1,20261116,1,20261117,1,20261118,1,20261119,1,20261120,1,20261121,1,20261122,1,20261123,1,20261124,1,20261125,1,20261126,1,20261127,1,20261128,1,20261129,1,20261130,1
'1035649',20261013,1,20261014,1,20261015,1,20261016,1,20261017,1,20261018,1,20261019,1,20261020,1,20261021,1,20261022,1,20261023,1,20261024,1,20261025,1,20261026,1,20261027,1,20261028,1,20261029,1,20261030,1,20261031,1,20261101,1,20261102,1,20261103,1,20261104,1,20261105,1,20261106,1,20261107,1,20261108,1,20261109,1,20261110,1,20261111,1,20261112,1,20261113,1,20261114,1,20261115,1,20261116,1,20261117,1,20261118,1,20261119,1,20261120,1,20261121,1,20261122,1,20261123,1,20261124,1,20261125,1,20261126,1,20261127,1,20261128,1,20261129,1,20261130,1
'1035650',20261013,1,20261014,1,20261015,1,20261016,1,20261017,1,20261018,1,20261019,1,20261020,1,20261021,1,20261022,1,20261023,1,20261024,1,20261025,1,20261026,1,20261027,1,20261028,1,20261029,1,20261030,1,20261031,1,20261101,1,20261102,1,20261103,1,20261104,1,20261105,1,20261106,1,20261107,1,20261108,1,20261109,1,20261110,1,20261111,1,20261112,1,20261113,1,20261114,1,20261115,1,20261116,1,20261117,1,20261118,1,20261119,1,20261120,1,20261121,1,20261122,1,20261123,1,20261124,1,20261125,1,20261126,1,20261127,1,20261128,1,20261129,1,20261130,1
'1035651',20261013,1,20261014,1,20261015,1,20261016,1,20261017,1,20261018,1,20261019,1,20261020,1,20261021,1,20261022,1,20261023,1,20261024,1,20261025,1,20261026,1,20261027,1,20261028,1,20261029,1,20261030,1,20261031,1,20261101,1,20261102,1,20261103,1,20261104,1,20261105,1,20261106,1,20261107,1,20261108,1,20261109,1,20261110,1,20261111,1,20261112,1,20261113,1,20261114,1,20261115,1,20261116,1,20261117,1,20261118,1,20261119,1,20261120,1,20261121,1,20261122,1,20261123,1,20261124,1,20261125,1,20261126,1,20261127,1,20261128,1,20261129,1,20261130,1
'1035652',20261013,1,20261014,1,20261015,1,20261016,1,20261017,1,20261018,1,20261019,1,20261020,1,20261021,1,20261022,1,20261023,1,20261024,1,20261025,1,20261026,1,20261027,1,20261028,1,20261029,1,20261030,1,20261031,1,20261101,1,20261102,1,20261103,1,20261104,1,20261105,1,20261106,1,20261107,1,20261108,1,20261109,1,20261110,1,20261111,1,20261112,1,20261113,1,20261114,1,20261115,1,20261116,1,20261117,1,20261118,1,20261119,1,20261120,1,20261121,1,20261122,1,20261123,1,20261124,1,20261125,1,20261126,1,20261127,1,20261128,1,20261129,1,20261130,1
'1035653',20261013,1,20261014,1,20261015,1,20261016,1,20261017,1,20261018,1,20261019,1,20261020,1,20261021,1,20261022,1,20261023,1,20261024,1,20261025,1,20261026,1,20261027,1,20261028,1,20261029,1,20261030,1,20261031,1,20261101,1,20261102,1,20261103,1,20261104,1,20261105,1,20261106,1,20261107,1,20261108,1,20261109,1,20261110,1,20261111,1,20261112,1,20261113,1,20261114,1,20261115,1,20261116,1,20261117,1,20261118,1,20261119,1,20261120,1,20261121,1,20261122,1,20261123,1,20261124,1,20261125,1,20261126,1,20261127,1,20261128,1,20261129,1,20261130,1
'1035654',20261013,1,20261014,1,20261015,1,20261016,1,20261017,1,20261018,1,20261019,1,20261020,1,20261021,1,20261022,1,20261023,1,20261024,1,20261025,1,20261026,1,20261027,1,20261028,1,20261029,1,20261030,1,20261031,1,20261101,1,20261102,1,20261103,1,20261104,1,20261105,1,20261106,1,20261107,1,20261108,1,20261109,1,20261110,1,20261111,1,20261112,1,20261113,1,20261114,1,20261115,1,20261116,1,20261117,1,20261118,1,20261119,1,20261120,1,20261121,1,20261122,1,20261123,1,20261124,1,20261125,1,20261126,1,20261127,1,20261128,1,20261129,1,20261130,1
'1035655',20261013,1,20261014,1,20261015,1,20261016,1,20261017,1,20261018,1,20261019,1,20261020,1,20261021,1,20261022,1,20261023,1,20261024,1,20261025,1,20261026,1,20261027,1,20261028,1,20261029,1,20261030,1,20261031,1,20261101,1,20261102,1,20261103,1,20261104,1,20261105,1,20261106,1,20261107,1,20261108,1,20261109,1,20261110,1,20261111,1,20261112,1,20261113,1,20261114,1,20261115,1,20261116,1,20261117,1,20261118,1,20261119,1,20261120,1,20261121,1,20261122,1,20261123,1,20261124,1,20261125,1,20261126,1,20261127,1,20261128,1,20261129,1,20261130,1
'1035656',20261013,1,20261014,1,20261015,1,20261016,1,20261017,1,20261018,1,20261019,1,20261020,1,20261021,1,20261022,1,20261023,1,20261024,1,20261025,1,20261026,1,20261027,1,20261028,1,20261029,1,20261030,1,20261031,1,20261101,1,20261102,1,20261103,1,20261104,1,20261105,1,20261106,1,20261107,1,20261108,1,20261109,1,20261110,1,20261111,1,20261112,1,20261113,1,20261114,1,20261115,1,20261116,1,20261117,1,20261118,1,20261119,1,20261120,1,20261121,1,20261122,1,20261123,1,20261124,1,20261125,1,20261126,1,20261127,1,20261128,1,20261129,1,20261130,1
'1035657',20261013,1,20261014,1,20261015,1,20261016,1,20261017,1,20261018,1,20261019,1,20261020,1,20261021,1,20261022,1,20261023,1,20261024,1,20261025,1,20261026,1,20261027,1,20261028,1,20261029,1,20261030,1,20261031,1,20261101,1,20261102,1,20261103,1,20261104,1,20261105,1,20261106,1,20261107,1,20261108,1,20261109,1,20261110,1,20261111,1,20261112,1,20261113,1,20261114,1,20261115,1,20261116,1,20261117,1,20261118,1,20261119,1,20261120,1,20261121,1,20261122,1,20261123,1,20261124,1,20261125,1,20261126,1,20261127,1,20261128,1,20261129,1,20261130,1
'1035658',20261013,1,20261014,1,20261015,1,20261016,1,20261017,1,20261018,1,20261019,1,20261020,1,20261021,1,20261022,1,20261023,1,20261024,1,20261025,1,20261026,1,20261027,1,20261028,1,20261029,1,20261030,1,20261031,1,20261101,1,20261102,1,20261103,1,20261104,1,20261105,1,20261106,1,20261107,1,20261108,1,20261109,1,20261110,1,20261111,1,20261112,1,20261113,1,20261114,1,20261115,1,20261116,1,20261117,1,20261118,1,20261119,1,20261120,1,20261121,1,20261122,1,20261123,1,20261124,1,20261125,1,20261126,1,20261127,1,20261128,1,20261129,1,20261130,1
'1035659',20261013,1,20261014,1,20261015,1,20261016,1,20261017,1,20261018,1,20261019,1,20261020,1,20261021,1,20261022,1,20261023,1,20261024,1,20261025,1,20261026,1,20261027,1,20261028,1,20261029,1,20261030,1,20261031,1,20261101,1,20261102,1,20261103,1,20261104,1,20261105,1,20261106,1,20261107,1,20261108,1,20261109,1,20261110,1,20261111,1,20261112,1,20261113,1,20261114,1,20261115,1,20261116,1,20261117,1,20261118,1,20261119,1,20261120,1,20261121,1,20261122,1,20261123,1,20261124,1,20261125,1,20261126,1,20261127,1,20261128,1,20261129,1,20261130,1
'1035660',20261013,1,20261014,1,20261015,1,20261016,1,20261017,1,20261018,1,20261019,1,20261020,1,20261021,1,20261022,1,20261023,1,20261024,1,20261025,1,20261026,1,20261027,1,20261028,1,20261029,1,20261030,1,20261031,1,20261101,1,20261102,1,20261103,1,20261104,1,20261105,1,20261106,1,20261107,1,20261108,1,20261109,1,20261110,1,20261111,1,20261112,1,20261113,1,20261114,1,20261115,1,20261116,1,20261117,1,20261118,1,20261119,1,20261120,1,20261121,1,20261122,1,20261123,1,20261124,1,20261125,1,20261126,1,20261127,1,20261128,1,20261129,1,20261130,1
'1035661',20261013,1,20261014,1,20261015,1,20261016,1,20261017,1,20261018,1,20261019,1,20261020,1,20261021,1,20261022,1,20261023,1,20261024,1,20261025,1,20261026,1,20261027,1,20261028,1,20261029,1,20261030,1,20261031,1,20261101,1,20261102,1,20261103,1,20261104,1,20261105,1,20261106,1,20261107,1,20261108,1,20261109,1,20261110,1,20261111,1,20261112,1,20261113,1,20261114,1,20261115,1,20261116,1,20261117,1,20261118,1,20261119,1,20261120,1,20261121,1,20261122,1,20261123,1,20261124,1,20261125,1,20261126,1,20261127,1,20261128,1,20261129,1,20261130,1
'1035662',20261013,1,20261014,1,20261015,1,20261016,1,20261017,1,20261018,1,20261019,1,20261020,1,20261021,1,20261022,1,20261023,1,20261024,1,20261025,1,20261026,1,20261027,1,20261028,1,20261029,1,20261030,1,20261031,1,20261101,1,20261102,1,20261103,1,20261104,1,20261105,1,20261106,1,20261107,1,20261108,1,20261109,1,20261110,1,20261111,1,20261112,1,20261113,1,20261114,1,20261115,1,20261116,1,20261117,1,20261118,1,20261119,1,20261120,1,20261121,1,20261122,1,20261123,1,20261124,1,20261125,1,20261126,1,20261127,1,20261128,1,20261129,1,20261130,1
'1035663',20261013,1,20261014,1,20261015,1,20261016,1,20261017,1,20261018,1,20261019,1,20261020,1,20261021,1,20261022,1,20261023,1,20261024,1,20261025,1,20261026,1,20261027,1,20261028,1,20261029,1,20261030,1,20261031,1,20261101,1,20261102,1,20261103,1,20261104,1,20261105,1,20261106,1,20261107,1,20261108,1,20261109,1,20261110,1,20261111,1,20261112,1,20261113,1,20261114,1,20261115,1,20261116,1,20261117,1,20261118,1,20261119,1,20261120,1,20261121,1,20261122,1,20261123,1,20261124,1,20261125,1,20261126,1,20261127,1,20261128,1,20261129,1,20261130,1
'1035664',20261013,1,20261014,1,20261015,1,20261016,1,20261017,1,20261018,1,20261019,1,20261020,1,20261021,1,20261022,1,20261023,1,20261024,1,20261025,1,20261026,1,20261027,1,20261028,1,20261029,1,20261030,1,20261031,1,20261101,1,20261102,1,20261103,1,20261104,1,20261105,1,20261106,1,20261107,1,20261108,1,20261109,1,20261110,1,20261111,1,20261112,1,20261113,1,20261114,1,20261115,1,20261116,1,20261117,1,20261118,1,20261119,1,20261120,1,20261121,1,20261122,1,20261123,1,20261124,1,20261125,1,20261126,1,20261127,1,20261128,1,20261129,1,20261130,1
'1035665',20261013,1,20261014,1,20261015,1,20261016,1,20261017,1,20261018,1,20261019,1,20261020,1,20261021,1,20261022,1,20261023,1,20261024,1,20261025,1,20261026,1,20261027,1,20261028,1,20261029,1,20261030,1,20261031,1,20261101,1,20261102,1,20261103,1,20261104,1,20261105,1,20261106,1,20261107,1,20261108,1,20261109,1,20261110,1,20261111,1,20261112,1,20261113,1,20261114,1,20261115,1,20261116,1,20261117,1,20261118,1,20261119,1,20261120,1,20261121,1,20261122,1,20261123,1,20261124,1,20261125,1,20261126,1,20261127,1,20261128,1,20261129,1,20261130,1
'1035666',20261017,1,20261018,1,20261024,1,20261025,1,20261031,1,20261101,1,20261107,1,20261108,1,20261111,1,20261114,1,20261115,1,20261121,1,20261122,1,20261128,1,20261129,1
'1035667',20261013,1,20261014,1,20261015,1,20261016,1,20261017,1,20261018,1,20261019,1,20261020,1,20261021,1,20261022,1,20261023,1,20261024,1,20261025,1,20261026,1,20261027,1,20261028,1,20261029,1,20261030,1,20261031,1,20261101,1,20261102,1,20261103,1,20261104,1,20261105,1,20261106,1,20261107,1,20261108,1,20261109,1,20261110,1,20261111,1,20261112,1,20261113,1,20261114,1,20261115,1,20261116,1,20261117,1,20261118,1,20261119,1,20261120,1,20261121,1,20261122,1,20261123,1,20261124,1,20261125,1,20261126,1,20261127,1,20261128,1,20261129,1,20261130,1
'1035668',20261013,1,20261014,1,20261015,1,20261016,1,20261017,1,20261018,1,20261019,1,20261020,1,20261021,1,20261022,1,20261023,1,20261024,1,20261025,1,20261026,1,20261027,1,20261028,1,20261029,1,20261030,1,20261031,1,20261101,1,20261102,1,20261103,1,20261104,1,20261105,1,20261106,1,20261107,1,20261108,1,20261109,1,20261110,1,20261111,1,20261112,1,20261113,1,20261114,1,20261115,1,20261116,1,20261117,1,20261118,1,20261119,1,20261120,1,20261121,1,20261122,1,20261123,1,20261124,1,20261125,1,20261126,1,20261127,1,20261128,1,20261129,1,20261130,1
'1035669',20261013,1,20261014,1,20261015,1,20261016,1,20261017,1,20261018,1,20261019,1,20261020,1,20261021,1,20261022,1,20261023,1,20261024,1,20261025,1,20261026,1,20261027,1,20261028,1,20261029,1,20261030,1,20261031,1,20261101,1,20261102,1,20261103,1,20261104,1,20261105,1,20261106,1,20261107,1,20261108,1,20261109,1,20261110,1,20261111,1,20261112,1,20261113,1,20261114,1,20261115,1,20261116,1,20261117,1,20261118,1,20261119,1,20261120,1,20261121,1,20261122,1,20261123,1,20261124,1,20261125,1,20261126,1,20261127,1,20261128,1,20261129,1,20261130,1
'1035670',20261013,1,20261014,1,20261015,1,20261016,1,20261017,1,20261018,1,20261019,1,20261020,1,20261021,1,20261022,1,20261023,1,20261024,1,20261025,1,20261026,1,20261027,1,20261028,1,20261029,1,20261030,1,20261031,1,20261101,1,20261102,1,20261103,1,20261104,1,20261105,1,20261106,1,20261107,1,20261108,1,20261109,1,20261110,1,20261111,1,20261112,1,20261113,1,20261114,1,20261115,1,20261116,1,20261117,1,20261118,1,20261119,1,20261120,1,20261121,1,20261122,1,20261123,1,20261124,1,20261125,1,20261126,1,20261127,1,20261128,1,20261129,1,20261130,1
'1035671',20261013,1,20261014,1,20261015,1,20261016,1,20261017,1,20261018,1,20261019,1,20261020,1,20261021,1,20261022,1,20261023,1,20261024,1,20261025,1,20261026,1,20261027,1,20261028,1,20261029,1,20261030,1,20261031,1,20261101,1,20261102,1,20261103,1,20261104,1,20261105,1,20261106,1,20261107,1,20261108,1,20261109,1,20261110,1,20261111,1,20261112,1,20261113,1,20261114,1,20261115,1,20261116,1,20261117,1,20261118,1,20261119,1,20261120,1,20261121,1,20261122,1,20261123,1,20261124,1,20261125,1,20261126,1,20261127,1,20261128,1,20261129,1,20261130,1
'1035672',20261013,1,20261014,1,20261015,1,20261016,1,20261017,1,20261018,1,20261019,1,20261020,1,20261021,1,20261022,1,20261023,1,20261024,1,20261025,1,20261026,1,20261027,1,20261028,1,20261029,1,20261030,1,20261031,1,20261101,1,20261102,1,20261103,1,20261104,1,20261105,1,20261106,1,20261107,1,20261108,1,20261109,1,20261110,1,20261111,1,20261112,1,20261113,1,20261114,1,20261115,1,20261116,1,20261117,1,20261118,1,20261119,1,20261120,1,20261121,1,20261122,1,20261123,1,20261124,1,20261125,1,20261126,1,20261127,1,20261128,1,20261129,1,20261130,1
'1035673',20261013,1,20261014,1,20261015,1,20261016,1,20261017,1,20261018,1,20261019,1,20261020,1,20261021,1,20261022,1,20261023,1,20261024,1,20261025,1,20261026,1,20261027,1,20261028,1,20261029,1,20261030,1,20261031,1,20261101,1,20261102,1,20261103,1,20261104,1,20261105,1,20261106,1,20261107,1,20261108,1,20261109,1,20261110,1,20261111,1,20261112,1,20261113,1,20261114,1,20261115,1,20261116,1,20261117,1,20261118,1,20261119,1,20261120,1,20261121,1,20261122,1,20261123,1,20261124,1,20261125,1,20261126,1,20261127,1,20261128,1,20261129,1,20261130,1
'1035674',20261013,1,20261014,1,20261015,1,20261016,1,20261017,1,20261018,1,20261019,1,20261020,1,20261021,1,20261022,1,20261023,1,20261024,1,20261025,1,20261026,1,20261027,1,20261028,1,20261029,1,20261030,1,20261031,1,20261101,1,20261102,1,20261103,1,20261104,1,20261105,1,20261106,1,20261107,1,20261108,1,20261109,1,20261110,1,20261111,1,20261112,1,20261113,1,20261114,1,20261115,1,20261116,1,20261117,1,20261118,1,20261119,1,20261120,1,20261121,1,20261122,1,20261123,1,20261124,1,20261125,1,20261126,1,20261127,1,20261128,1,20261129,1,20261130,1
'1035675',20261017,1,20261018,1,20261024,1,20261025,1,20261031,1,20261101,1,20261107,1,20261108,1,20261111,1,20261114,1,20261115,1,20261121,1,20261122,1,20261128,1,20261129,1
'1035676',20261013,1,20261014,1,20261015,1,20261016,1,20261017,1,20261018,1,20261019,1,20261020,1,20261021,1,20261022,1,20261023,1,20261024,1,20261025,1,20261026,1,20261027,1,20261028,1,20261029,1,20261030,1,20261031,1,20261101,1,20261102,1,20261103,1,20261104,1,20261105,1,20261106,1,20261107,1,20261108,1,20261109,1,20261110,1,20261111,1,20261112,1,20261113,1,20261114,1,20261115,1,20261116,1,20261117,1,20261118,1,20261119,1,20261120,1,20261121,1,20261122,1,20261123,1,20261124,1,20261125,1,20261126,1,20261127,1,20261128,1,20261129,1,20261130,1
'1035677',20261013,1,20261014,1,20261015,1,20261016,1,20261017,1,20261018,1,20261019,1,20261020,1,20261021,1,20261022,1,20261023,1,20261024,1,20261025,1,20261026,1,20261027,1,20261028,1,20261029,1,20261030,1,20261031,1,20261101,1,20261102,1,20261103,1,20261104,1,20261105,1,20261106,1,20261107,1,20261108,1,20261109,1,20261110,1,20261111,1,20261112,1,20261113,1,20261114,1,20261115,1,20261116,1,20261117,1,20261118,1,20261119,1,20261120,1,20261121,1,20261122,1,20261123,1,20261124,1,20261125,1,20261126,1,20261127,1,20261128,1,20261129,1,20261130,1
'1035678',20261013,1,20261014,1,20261015,1,20261016,1,20261017,1,20261018,1,20261019,1,20261020,1,20261021,1,20261022,1,20261023,1,20261024,1,20261025,1,20261026,1,20261027,1,20261028,1,20261029,1,20261030,1,20261031,1,20261101,1,20261102,1,20261103,1,20261104,1,20261105,1,20261106,1,20261107,1,20261108,1,20261109,1,20261110,1,20261111,1,20261112,1,20261113,1,20261114,1,20261115,1,20261116,1,20261117,1,20261118,1,20261119,1,20261120,1,20261121,1,20261122,1,20261123,1,20261124,1,20261125,1,20261126,1,20261127,1,20261128,1,20261129,1,20261130,1
'1035679',20261013,1,20261014,1,20261015,1,20261016,1,20261017,1,20261018,1,20261019,1,20261020,1,20261021,1,20261022,1,20261023,1,20261024,1,20261025,1,20261026,1,20261027,1,20261028,1,20261029,1,20261030,1,20261031,1,20261101,1,20261102,1,20261103,1,20261104,1,20261105,1,20261106,1,20261107,1,20261108,1,20261109,1,20261110,1,20261111,1,20261112,1,20261113,1,20261114,1,20261115,1,20261116,1,20261117,1,20261118,1,20261119,1,20261120,1,20261121,1,20261122,1,20261123,1,20261124,1,20261125,1,20261126,1,20261127,1,20261128,1,20261129,1,20261130,1
'1035680',20261013,1,20261014,1,20261015,1,20261016,1,20261017,1,20261018,1,20261019,1,20261020,1,20261021,1,20261022,1,20261023,1,20261024,1,20261025,1,20261026,1,20261027,1,20261028,1,20261029,1,20261030,1,20261031,1,20261101,1,20261102,1,20261103,1,20261104,1,20261105,1,20261106,1,20261107,1,20261108,1,20261109,1,20261110,1,20261111,1,20261112,1,20261113,1,20261114,1,20261115,1,20261116,1,20261117,1,20261118,1,20261119,1,20261120,1,20261121,1,20261122,1,20261123,1,20261124,1,20261125,1,20261126,1,20261127,1,20261128,1,20261129,1,20261130,1
'1035681',20261013,1,20261014,1,20261015,1,20261016,1,20261017,1,20261018,1,20261019,1,20261020,1,20261021,1,20261022,1,20261023,1,20261024,1,20261025,1,20261026,1,20261027,1,20261028,1,20261029,1,20261030,1,20261031,1,20261101,1,20261102,1,20261103,1,20261104,1,20261105,1,20261106,1,20261107,1,20261108,1,20261109,1,20261110,1,20261111,1,20261112,1,20261113,1,20261114,1,20261115,1,20261116,1,20261117,1,20261118,1,20261119,1,20261120,1,20261121,1,20261122,1,20261123,1,20261124,1,20261125,1,20261126,1,20261127,1,20261128,1,20261129,1,20261130,1
'1035682',20261013,1,20261014,1,20261015,1,20261016,1,20261017,1,20261018,1,20261019,1,20261020,1,20261021,1,20261022,1,20261023,1,20261024,1,20261025,1,20261026,1,20261027,1,20261028,1,20261029,1,20261030,1,20261031,1,20261101,1,20261102,1,20261103,1,20261104,1,20261105,1,20261106,1,20261107,1,20261108,1,20261109,1,20261110,1,20261111,1,20261112,1,20261113,1,20261114,1,20261115,1,20261116,1,20261117,1,20261118,1,20261119,1,20261120,1,20261121,1,20261122,1,20261123,1,20261124,1,20261125,1,20261126,1,20261127,1,20261128,1,20261129,1,20261130,1
'1035683',20261013,1,20261014,1,20261015,1,20261016,1,20261017,1,20261018,1,20261019,1,20261020,1,20261021,1,20261022,1,20261023,1,20261024,1,20261025,1,20261026,1,20261027,1,20261028,1,20261029,1,20261030,1,20261031,1,20261101,1,20261102,1,20261103,1,20261104,1,20261105,1,20261106,1,20261107,1,20261108,1,20261109,1,20261110,1,20261111,1,20261112,1,20261113,1,20261114,1,20261115,1,20261116,1,20261117,1,20261118,1,20261119,1,20261120,1,20261121,1,20261122,1,20261123,1,20261124,1,20261125,1,20261126,1,20261127,1,20261128,1,20261129,1,20261130,1
'1035684',20261013,1,20261014,1,20261015,1,20261016,1,20261017,1,20261018,1,20261019,1,20261020,1,20261021,1,20261022,1,20261023,1,20261024,1,20261025,1,20261026,1,20261027,1,20261028,1,20261029,1,20261030,1,20261031,1,20261101,1,20261102,1,20261103,1,20261104,1,20261105,1,20261106,1,20261107,1,20261108,1,20261109,1,20261110,1,20261111,1,20261112,1,20261113,1,20261114,1,20261115,1,20261116,1,20261117,1,20261118,1,20261119,1,20261120,1,20261121,1,20261122,1,20261123,1,20261124,1,20261125,1,20261126,1,20261127,1,20261128,1,20261129,1,20261130,1
'1035685',20261013,1,20261014,1,20261015,1,20261016,1,20261017,1,20261018,1,20261019,1,20261020,1,20261021,1,20261022,1,20261023,1,20261024,1,20261025,1,20261026,1,20261027,1,20261028,1,20261029,1,20261030,1,20261031,1,20261101,1,20261102,1,20261103,1,20261104,1,20261105,1,20261106,1,20261107,1,20261108,1,20261109,1,20261110,1,20261111,1,20261112,1,20261113,1,20261114,1,20261115,1,20261116,1,20261117,1,20261118,1,20261119,1,20261120,1,20261121,1,20261122,1,20261123,1,20261124,1,20261125,1,20261126,1,20261127,1,20261128,1,20261129,1,20261130,1
'1035686',20261013,1,20261014,1,20261015,1,20261016,1,20261017,1,20261018,1,20261019,1,20261020,1,20261021,1,20261022,1,20261023,1,20261024,1,20261025,1,20261026,1,20261027,1,20261028,1,20261029,1,20261030,1,20261031,1,20261101,1,20261102,1,20261103,1,20261104,1,20261105,1,20261106,1,20261107,1,20261108,1,20261109,1,20261110,1,20261111,1,20261112,1,20261113,1,20261114,1,20261115,1,20261116,1,20261117,1,20261118,1,20261119,1,20261120,1,20261121,1,20261122,1,20261123,1,20261124,1,20261125,1,20261126,1,20261127,1,20261128,1,20261129,1,20261130,1
'1035687',20261013,1,20261014,1,20261015,1,20261016,1,20261017,1,20261018,1,20261019,1,20261020,1,20261021,1,20261022,1,20261023,1,20261024,1,20261025,1,20261026,1,20261027,1,20261028,1,20261029,1,20261030,1,20261031,1,20261101,1,20261102,1,20261103,1,20261104,1,20261105,1,20261106,1,20261107,1,20261108,1,20261109,1,20261110,1,20261111,1,20261112,1,20261113,1,20261114,1,20261115,1,20261116,1,20261117,1,20261118,1,20261119,1,20261120,1,20261121,1,20261122,1,20261123,1,20261124,1,20261125,1,20261126,1,20261127,1,20261128,1,20261129,1,20261130,1
'1035688',20261013,1,20261014,1,20261015,1,20261016,1,20261017,1,20261018,1,20261019,1,20261020,1,20261021,1,20261022,1,20261023,1,20261024,1,20261025,1,20261026,1,20261027,1,20261028,1,20261029,1,20261030,1,20261031,1,20261101,1,20261102,1,20261103,1,20261104,1,20261105,1,20261106,1,20261107,1,20261108,1,20261109,1,20261110,1,20261111,1,20261112,1,20261113,1,20261114,1,20261115,1,20261116,1,20261117,1,20261118,1,20261119,1,20261120,1,20261121,1,20261122,1,20261123,1,20261124,1,20261125,1,20261126,1,20261127,1,20261128,1,20261129,1,20261130,1
'1035689',20261013,1,20261014,1,20261015,1,20261016,1,20261017,1,20261018,1,20261019,1,20261020,1,20261021,1,20261022,1,20261023,1,20261024,1,20261025,1,20261026,1,20261027,1,20261028,1,20261029,1,20261030,1,20261031,1,20261101,1,20261102,1,20261103,1,20261104,1,20261105,1,20261106,1,20261107,1,20261108,1,20261109,1,20261110,1,20261111,1,20261112,1,20261113,1,20261114,1,20261115,1,20261116,1,20261117,1,20261118,1,20261119,1,20261120,1,20261121,1,20261122,1,20261123,1,20261124,1,20261125,1,20261126,1,20261127,1,20261128,1,20261129,1,20261130,1
'1035690',20261013,1,20261014,1,20261015,1,20261016,1,20261017,1,20261018,1,20261019,1,20261020,1,20261021,1,20261022,1,20261023,1,20261024,1,20261025,1,20261026,1,20261027,1,20261028,1,20261029,1,20261030,1,20261031,1,20261101,1,20261102,1,20261103,1,20261104,1,20261105,1,20261106,1,20261107,1,20261108,1,20261109,1,20261110,1,20261111,1,20261112,1,20261113,1,20261114,1,20261115,1,20261116,1,20261117,1,20261118,1,20261119,1,20261120,1,20261121,1,20261122,1,20261123,1,20261124,1,20261125,1,20261126,1,20261127,1,20261128,1,20261129,1,20261130,1
'1035691',20261013,1,20261014,1,20261015,1,20261016,1,20261017,1,20261018,1,20261019,1,20261020,1,20261021,1,20261022,1,20261023,1,20261024,1,20261025,1,20261026,1,20261027,1,20261028,1,20261029,1,20261030,1,20261031,1,20261101,1,20261102,1,20261103,1,20261104,1,20261105,1,20261106,1,20261107,1,20261108,1,20261109,1,20261110,1,20261111,1,20261112,1,20261113,1,20261114,1,20261115,1,20261116,1,20261117,1,20261118,1,20261119,1,20261120,1,20261121,1,20261122,1,20261123,1,20261124,1,20261125,1,20261126,1,20261127,1,20261128,1,20261129,1,20261130,1
'1035692',20261013,1,20261014,1,20261015,1,20261016,1,20261017,1,20261018,1,20261019,1,20261020,1,20261021,1,20261022,1,20261023,1,20261024,1,20261025,1,20261026,1,20261027,1,20261028,1,20261029,1,20261030,1,20261031,1,20261101,1,20261102,1,20261103,1,20261104,1,20261105,1,20261106,1,20261107,1,20261108,1,20261109,1,20261110,1,20261111,1,20261112,1,20261113,1,20261114,1,20261115,1,20261116,1,20261117,1,20261118,1,20261119,1,20261120,1,20261121,1,20261122,1,20261123,1,20261124,1,20261125,1,20261126,1,20261127,1,20261128,1,20261129,1,20261130,1
'1035693',20261013,1,20261014,1,20261015,1,20261016,1,20261017,1,20261018,1,20261019,1,20261020,1,20261021,1,20261022,1,20261023,1,20261024,1,20261025,1,20261026,1,20261027,1,20261028,1,20261029,1,20261030,1,20261031,1,20261101,1,20261102,1,20261103,1,20261104,1,20261105,1,20261106,1,20261107,1,20261108,1,20261109,1,20261110,1,20261111,1,20261112,1,20261113,1,20261114,1,20261115,1,20261116,1,20261117,1,20261118,1,20261119,1,20261120,1,20261121,1,20261122,1,20261123,1,20261124,1,20261125,1,20261126,1,20261127,1,20261128,1,20261129,1,20261130,1
'1035694',20261013,1,20261014,1,20261015,1,20261016,1,20261017,1,20261018,1,20261019,1,20261020,1,20261021,1,20261022,1,20261023,1,20261024,1,20261025,1,20261026,1,20261027,1,20261028,1,20261029,1,20261030,1,20261031,1,20261101,1,20261102,1,20261103,1,20261104,1,20261105,1,20261106,1,20261107,1,20261108,1,20261109,1,20261110,1,20261111,1,20261112,1,20261113,1,20261114,1,20261115,1,20261116,1,20261117,1,20261118,1,20261119,1,20261120,1,20261121,1,20261122,1,20261123,1,20261124,1,20261125,1,20261126,1,20261127,1,20261128,1,20261129,1,20261130,1
'1035695',20261013,1,20261014,1,20261015,1,20261016,1,20261017,1,20261018,1,20261019,1,20261020,1,20261021,1,20261022,1,20261023,1,20261024,1,20261025,1,20261026,1,20261027,1,20261028,1,20261029,1,20261030,1,20261031,1,20261101,1,20261102,1,20261103,1,20261104,1,20261105,1,20261106,1,20261107,1,20261108,1,20261109,1,20261110,1,20261111,1,20261112,1,20261113,1,20261114,1,20261115,1,20261116,1,20261117,1,20261118,1,20261119,1,20261120,1,20261121,1,20261122,1,20261123,1,20261124,1,20261125,1,20261126,1,20261127,1,20261128,1,20261129,1,20261130,1
'1035696',20261013,1,20261014,1,20261015,1,20261016,1,20261017,1,20261018,1,20261019,1,20261020,1,20261021,1,20261022,1,20261023,1,20261024,1,20261025,1,20261026,1,20261027,1,20261028,1,20261029,1,20261030,1,20261031,1,20261101,1,20261102,1,20261103,1,20261104,1,20261105,1,20261106,1,20261107,1,20261108,1,20261109,1,20261110,1,20261111,1,20261112,1,20261113,1,20261114,1,20261115,1,20261116,1,20261117,1,20261118,1,20261119,1,20261120,1,20261121,1,20261122,1,20261123,1,20261124,1,20261125,1,20261126,1,20261127,1,20261128,1,20261129,1,20261130,1
'1035697',20261013,1,20261014,1,20261015,1,20261016,1,20261017,1,20261018,1,20261019,1,20261020,1,20261021,1,20261022,1,20261023,1,20261024,1,20261025,1,20261026,1,20261027,1,20261028,1,20261029,1,20261030,1,20261031,1,20261101,1,20261102,1,20261103,1,20261104,1,20261105,1,20261106,1,20261107,1,20261108,1,20261109,1,20261110,1,20261111,1,20261112,1,20261113,1,20261114,1,20261115,1,20261116,1,20261117,1,20261118,1,20261119,1,20261120,1,20261121,1,20261122,1,20261123,1,20261124,1,20261125,1,20261126,1,20261127,1,20261128,1,20261129,1,20261130,1
'1035698',20261013,1,20261014,1,20261015,1,20261016,1,20261017,1,20261018,1,20261019,1,20261020,1,20261021,1,20261022,1,20261023,1,20261024,1,20261025,1,20261026,1,20261027,1,20261028,1,20261029,1,20261030,1,20261031,1,20261101,1,20261102,1,20261103,1,20261104,1,20261105,1,20261106,1,20261107,1,20261108,1,20261109,1,20261110,1,20261111,1,20261112,1,20261113,1,20261114,1,20261115,1,20261116,1,20261117,1,20261118,1,20261119,1,20261120,1,20261121,1,20261122,1,20261123,1,20261124,1,20261125,1,20261126,1,20261127,1,20261128,1,20261129,1,20261130,1
'1035699',20261013,1,20261014,1,20261015,1,20261016,1,20261017,1,20261018,1,20261019,1,20261020,1,20261021,1,20261022,1,20261023,1,20261024,1,20261025,1,20261026,1,20261027,1,20261028,1,20261029,1,20261030,1,20261031,1,20261101,1,20261102,1,20261103,1,20261104,1,20261105,1,20261106,1,20261107,1,20261108,1,20261109,1,20261110,1,20261111,1,20261112,1,20261113,1,20261114,1,20261115,1,20261116,1,20261117,1,20261118,1,20261119,1,20261120,1,20261121,1,20261122,1,20261123,1,20261124,1,20261125,1,20261126,1,20261127,1,20261128,1,20261129,1,20261130,1
'1035700',20261013,1,20261014,1,20261015,1,20261016,1,20261017,1,20261018,1,20261019,1,20261020,1,20261021,1,20261022,1,20261023,1,20261024,1,20261025,1,20261026,1,20261027,1,20261028,1,20261029,1,20261030,1,20261031,1,20261101,1,20261102,1,20261103,1,20261104,1,20261105,1,20261106,1,20261107,1,20261108,1,20261109,1,20261110,1,20261111,1,20261112,1,20261113,1,20261114,1,20261115,1,20261116,1,20261117,1,20261118,1,20261119,1,20261120,1,20261121,1,20261122,1,20261123,1,20261124,1,20261125,1,20261126,1,20261127,1,20261128,1,20261129,1,20261130,1
'1035701',20261013,1,20261014,1,20261015,1,20261016,1,20261017,1,20261018,1,20261019,1,20261020,1,20261021,1,20261022,1,20261023,1,20261024,1,20261025,1,20261026,1,20261027,1,20261028,1,20261029,1,20261030,1,20261031,1,20261101,1,20261102,1,20261103,1,20261104,1,20261105,1,20261106,1,20261107,1,20261108,1,20261109,1,20261110,1,20261111,1,20261112,1,20261113,1,20261114,1,20261115,1,20261116,1,20261117,1,20261118,1,20261119,1,20261120,1,20261121,1,20261122,1,20261123,1,20261124,1,20261125,1,20261126,1,20261127,1,20261128,1,20261129,1,20261130,1
'1035702',20261013,1,20261014,1,20261015,1,20261016,1,20261017,1,20261018,1,20261019,1,20261020,1,20261021,1,20261022,1,20261023,1,20261024,1,20261025,1,20261026,1,20261027,1,20261028,1,20261029,1,20261030,1,20261031,1,20261101,1,20261102,1,20261103,1,20261104,1,20261105,1,20261106,1,20261107,1,20261108,1,20261109,1,20261110,1,20261111,1,20261112,1,20261113,1,20261114,1,20261115,1,20261116,1,20261117,1,20261118,1,20261119,1,20261120,1,20261121,1,20261122,1,20261123,1,20261124,1,20261125,1,20261126,1,20261127,1,20261128,1,20261129,1,20261130,1
'1035703',20261013,1,20261014,1,20261015,1,20261016,1,20261017,1,20261018,1,20261019,1,20261020,1,20261021,1,20261022,1,20261023,1,20261024,1,20261025,1,20261026,1,20261027,1,20261028,1,20261029,1,20261030,1,20261031,1,20261101,1,20261102,1,20261103,1,20261104,1,20261105,1,20261106,1,20261107,1,20261108,1,20261109,1,20261110,1,20261111,1,20261112,1,20261113,1,20261114,1,20261115,1,20261116,1,20261117,1,20261118,1,20261119,1,20261120,1,20261121,1,20261122,1,20261123,1,20261124,1,20261125,1,20261126,1,20261127,1,20261128,1,20261129,1,20261130,1
'1035704',20261013,1,20261014,1,20261015,1,20261016,1,20261017,1,20261018,1,20261019,1,20261020,1,20261021,1,20261022,1,20261023,1,20261024,1,20261025,1,20261026,1,20261027,1,20261028,1,20261029,1,20261030,1,20261031,1,20261101,1,20261102,1,20261103,1,20261104,1,20261105,1,20261106,1,20261107,1,20261108,1,20261109,1,20261110,1,20261111,1,20261112,1,20261113,1,20261114,1,20261115,1,20261116,1,20261117,1,20261118,1,20261119,1,20261120,1,20261121,1,20261122,1,20261123,1,20261124,1,20261125,1,20261126,1,20261127,1,20261128,1,20261129,1,20261130,1
'1035705',20261017,1,20261018,1,20261024,1,20261025,1,20261031,1,20261101,1,20261107,1,20261108,1,20261111,1,20261114,1,20261115,1,20261121,1,20261122,1,20261128,1,20261129,1
'1035706',20261013,1,20261014,1,20261015,1,20261016,1,20261017,1,20261018,1,20261019,1,20261020,1,20261021,1,20261022,1,20261023,1,20261024,1,20261025,1,20261026,1,20261027,1,20261028,1,20261029,1,20261030,1,20261031,1,20261101,1,20261102,1,20261103,1,20261104,1,20261105,1,20261106,1,20261107,1,20261108,1,20261109,1,20261110,1,20261111,1,20261112,1,20261113,1,20261114,1,20261115,1,20261116,1,20261117,1,20261118,1,20261119,1,20261120,1,20261121,1,20261122,1,20261123,1,20261124,1,20261125,1,20261126,1,20261127,1,20261128,1,20261129,1,20261130,1
'1035707',20261013,1,20261014,1,20261015,1,20261016,1,20261017,1,20261018,1,20261019,1,20261020,1,20261021,1,20261022,1,20261023,1,20261024,1,20261025,1,20261026,1,20261027,1,20261028,1,20261029,1,20261030,1,20261031,1,20261101,1,20261102,1,20261103,1,20261104,1,20261105,1,20261106,1,20261107,1,20261108,1,20261109,1,20261110,1,20261111,1,20261112,1,20261113,1,20261114,1,20261115,1,20261116,1,20261117,1,20261118,1,20261119,1,20261120,1,20261121,1,20261122,1,20261123,1,20261124,1,20261125,1,20261126,1,20261127,1,20261128,1,20261129,1,20261130,1
'1035708',20261013,1,20261014,1,20261015,1,20261016,1,20261017,1,20261018,1,20261019,1,20261020,1,20261021,1,20261022,1,20261023,1,20261024,1,20261025,1,20261026,1,20261027,1,20261028,1,20261029,1,20261030,1,20261031,1,20261101,1,20261102,1,20261103,1,20261104,1,20261105,1,20261106,1,20261107,1,20261108,1,20261109,1,20261110,1,20261111,1,20261112,1,20261113,1,20261114,1,20261115,1,20261116,1,20261117,1,20261118,1,20261119,1,20261120,1,20261121,1,20261122,1,20261123,1,20261124,1,20261125,1,20261126,1,20261127,1,20261128,1,20261129,1,20261130,1
'1035709',20261013,1,20261014,1,20261015,1,20261016,1,20261017,1,20261018,1,20261019,1,20261020,1,20261021,1,20261022,1,20261023,1,20261024,1,20261025,1,20261026,1,20261027,1,20261028,1,20261029,1,20261030,1,20261031,1,20261101,1,20261102,1,20261103,1,20261104,1,20261105,1,20261106,1,20261107,1,20261108,1,20261109,1,20261110,1,20261111,1,20261112,1,20261113,1,20261114,1,20261115,1,20261116,1,20261117,1,20261118,1,20261119,1,20261120,1,20261121,1,20261122,1,20261123,1,20261124,1,20261125,1,20261126,1,20261127,1,20261128,1,20261129,1,20261130,1
'1035710',20261013,1,20261014,1,20261015,1,20261016,1,20261017,1,20261018,1,20261019,1,20261020,1,20261021,1,20261022,1,20261023,1,20261024,1,20261025,1,20261026,1,20261027,1,20261028,1,20261029,1,20261030,1,20261031,1,20261101,1,20261102,1,20261103,1,20261104,1,20261105,1,20261106,1,20261107,1,20261108,1,20261109,1,20261110,1,20261111,1,20261112,1,20261113,1,20261114,1,20261115,1,20261116,1,20261117,1,20261118,1,20261119,1,20261120,1,20261121,1,20261122,1,20261123,1,20261124,1,20261125,1,20261126,1,20261127,1,20261128,1,20261129,1,20261130,1
'1035711',20261013,1,20261014,1,20261015,1,20261016,1,20261017,1,20261018,1,20261019,1,20261020,1,20261021,1,20261022,1,20261023,1,20261024,1,20261025,1,20261026,1,20261027,1,20261028,1,20261029,1,20261030,1,20261031,1,20261101,1,20261102,1,20261103,1,20261104,1,20261105,1,20261106,1,20261107,1,20261108,1,20261109,1,20261110,1,20261111,1,20261112,1,20261113,1,20261114,1,20261115,1,20261116,1,20261117,1,20261118,1,20261119,1,20261120,1,20261121,1,20261122,1,20261123,1,20261124,1,20261125,1,20261126,1,20261127,1,20261128,1,20261129,1,20261130,1
'1035712',20261013,1,20261014,1,20261015,1,20261016,1,20261017,1,20261018,1,20261019,1,20261020,1,20261021,1,20261022,1,20261023,1,20261024,1,20261025,1,20261026,1,20261027,1,20261028,1,20261029,1,20261030,1,20261031,1,20261101,1,20261102,1,20261103,1,20261104,1,20261105,1,20261106,1,20261107,1,20261108,1,20261109,1,20261110,1,20261111,1,20261112,1,20261113,1,20261114,1,20261115,1,20261116,1,20261117,1,20261118,1,20261119,1,20261120,1,20261121,1,20261122,1,20261123,1,20261124,1,20261125,1,20261126,1,20261127,1,20261128,1,20261129,1,20261130,1
'1035713',20261013,1,20261014,1,20261015,1,20261016,1,20261017,1,20261018,1,20261019,1,20261020,1,20261021,1,20261022,1,20261023,1,20261024,1,20261025,1,20261026,1,20261027,1,20261028,1,20261029,1,20261030,1,20261031,1,20261101,1,20261102,1,20261103,1,20261104,1,20261105,1,20261106,1,20261107,1,20261108,1,20261109,1,20261110,1,20261111,1,20261112,1,20261113,1,20261114,1,20261115,1,20261116,1,20261117,1,20261118,1,20261119,1,20261120,1,20261121,1,20261122,1,20261123,1,20261124,1,20261125,1,20261126,1,20261127,1,20261128,1,20261129,1,20261130,1
'1035714',20261013,1,20261014,1,20261015,1,20261016,1,20261017,1,20261018,1,20261019,1,20261020,1,20261021,1,20261022,1,20261023,1,20261024,1,20261025,1,20261026,1,20261027,1,20261028,1,20261029,1,20261030,1,20261031,1,20261101,1,20261102,1,20261103,1,20261104,1,20261105,1,20261106,1,20261107,1,20261108,1,20261109,1,20261110,1,20261111,1,20261112,1,20261113,1,20261114,1,20261115,1,20261116,1,20261117,1,20261118,1,20261119,1,20261120,1,20261121,1,20261122,1,20261123,1,20261124,1,20261125,1,20261126,1,20261127,1,20261128,1,20261129,1,20261130,1
'1035715',20261013,1,20261014,1,20261015,1,20261016,1,20261017,1,20261018,1,20261019,1,20261020,1,20261021,1,20261022,1,20261023,1,20261024,1,20261025,1,20261026,1,20261027,1,20261028,1,20261029,1,20261030,1,20261031,1,20261101,1,20261102,1,20261103,1,20261104,1,20261105,1,20261106,1,20261107,1,20261108,1,20261109,1,20261110,1,20261111,1,20261112,1,20261113,1,20261114,1,20261115,1,20261116,1,20261117,1,20261118,1,20261119,1,20261120,1,20261121,1,20261122,1,20261123,1,20261124,1,20261125,1,20261126,1,20261127,1,20261128,1,20261129,1,20261130,1
'1035716',20261013,1,20261014,1,20261015,1,20261016,1,20261017,1,20261018,1,20261019,1,20261020,1,20261021,1,20261022,1,20261023,1,20261024,1,20261025,1,20261026,1,20261027,1,20261028,1,20261029,1,20261030,1,20261031,1,20261101,1,20261102,1,20261103,1,20261104,1,20261105,1,20261106,1,20261107,1,20261108,1,20261109,1,20261110,1,20261111,1,20261112,1,20261113,1,20261114,1,20261115,1,20261116,1,20261117,1,20261118,1,20261119,1,20261120,1,20261121,1,20261122,1,20261123,1,20261124,1,20261125,1,20261126,1,20261127,1,20261128,1,20261129,1,20261130,1
'1035717',20261013,1,20261014,1,20261015,1,20261016,1,20261017,1,20261018,1,20261019,1,20261020,1,20261021,1,20261022,1,20261023,1,20261024,1,20261025,1,20261026,1,20261027,1,20261028,1,20261029,1,20261030,1,20261031,1,20261101,1,20261102,1,20261103,1,20261104,1,20261105,1,20261106,1,20261107,1,20261108,1,20261109,1,20261110,1,20261111,1,20261112,1,20261113,1,20261114,1,20261115,1,20261116,1,20261117,1,20261118,1,20261119,1,20261120,1,20261121,1,20261122,1,20261123,1,20261124,1,20261125,1,20261126,1,20261127,1,20261128,1,20261129,1,20261130,1
'1035718',20261013,1,20261014,1,20261015,1,20261016,1,20261017,1,20261018,1,20261019,1,20261020,1,20261021,1,20261022,1,20261023,1,20261024,1,20261025,1,20261026,1,20261027,1,20261028,1,20261029,1,20261030,1,20261031,1,20261101,1,20261102,1,20261103,1,20261104,1,20261105,1,20261106,1,20261107,1,20261108,1,20261109,1,20261110,1,20261111,1,20261112,1,20261113,1,20261114,1,20261115,1,20261116,1,20261117,1,20261118,1,20261119,1,20261120,1,20261121,1,20261122,1,20261123,1,20261124,1,20261125,1,20261126,1,20261127,1,20261128,1,20261129,1,20261130,1
'1035719',20261013,1,20261014,1,20261015,1,20261016,1,20261017,1,20261018,1,20261019,1,20261020,1,20261021,1,20261022,1,20261023,1,20261024,1,20261025,1,20261026,1,20261027,1,20261028,1,20261029,1,20261030,1,20261031,1,20261101,1,20261102,1,20261103,1,20261104,1,20261105,1,20261106,1,20261107,1,20261108,1,20261109,1,20261110,1,20261111,1,20261112,1,20261113,1,20261114,1,20261115,1,20261116,1,20261117,1,20261118,1,20261119,1,20261120,1,20261121,1,20261122,1,20261123,1,20261124,1,20261125,1,20261126,1,20261127,1,20261128,1,20261129,1,20261130,1
'1035720',20261013,1,20261014,1,20261015,1,20261016,1,20261017,1,20261018,1,20261019,1,20261020,1,20261021,1,20261022,1,20261023,1,20261024,1,20261025,1,20261026,1,20261027,1,20261028,1,20261029,1,20261030,1,20261031,1,20261101,1,20261102,1,20261103,1,20261104,1,20261105,1,20261106,1,20261107,1,20261108,1,20261109,1,20261110,1,20261111,1,20261112,1,20261113,1,20261114,1,20261115,1,20261116,1,20261117,1,20261118,1,20261119,1,20261120,1,20261121,1,20261122,1,20261123,1,20261124,1,20261125,1,20261126,1,20261127,1,20261128,1,20261129,1,20261130,1
'1035721',20261013,1,20261014,1,20261015,1,20261016,1,20261017,1,20261018,1,20261019,1,20261020,1,20261021,1,20261022,1,20261023,1,20261024,1,20261025,1,20261026,1,20261027,1,20261028,1,20261029,1,20261030,1,20261031,1,20261101,1,20261102,1,20261103,1,20261104,1,20261105,1,20261106,1,20261107,1,20261108,1,20261109,1,20261110,1,20261111,1,20261112,1,20261113,1,20261114,1,20261115,1,20261116,1,20261117,1,20261118,1,20261119,1,20261120,1,20261121,1,20261122,1,20261123,1,20261124,1,20261125,1,20261126,1,20261127,1,20261128,1,20261129,1,20261130,1
'1035722',20261013,1,20261014,1,20261015,1,20261016,1,20261017,1,20261018,1,20261019,1,20261020,1,20261021,1,20261022,1,20261023,1,20261024,1,20261025,1,20261026,1,20261027,1,20261028,1,20261029,1,20261030,1,20261031,1,20261101,1,20261102,1,20261103,1,20261104,1,20261105,1,20261106,1,20261107,1,20261108,1,20261109,1,20261110,1,20261111,1,20261112,1,20261113,1,20261114,1,20261115,1,20261116,1,20261117,1,20261118,1,20261119,1,20261120,1,20261121,1,20261122,1,20261123,1,20261124,1,20261125,1,20261126,1,20261127,1,20261128,1,20261129,1,20261130,1
'1035723',20261013,1,20261014,1,20261015,1,20261016,1,20261017,1,20261018,1,20261019,1,20261020,1,20261021,1,20261022,1,20261023,1,20261024,1,20261025,1,20261026,1,20261027,1,20261028,1,20261029,1,20261030,1,20261031,1,20261101,1,20261102,1,20261103,1,20261104,1,20261105,1,20261106,1,20261107,1,20261108,1,20261109,1,20261110,1,20261111,1,20261112,1,20261113,1,20261114,1,20261115,1,20261116,1,20261117,1,20261118,1,20261119,1,20261120,1,20261121,1,20261122,1,20261123,1,20261124,1,20261125,1,20261126,1,20261127,1,20261128,1,20261129,1,20261130,1
'1035724',20261013,1,20261014,1,20261015,1,20261016,1,20261017,1,20261018,1,20261019,1,20261020,1,20261021,1,20261022,1,20261023,1,20261024,1,20261025,1,20261026,1,20261027,1,20261028,1,20261029,1,20261030,1,20261031,1,20261101,1,20261102,1,20261103,1,20261104,1,20261105,1,20261106,1,20261107,1,20261108,1,20261109,1,20261110,1,20261111,1,20261112,1,20261113,1,20261114,1,20261115,1,20261116,1,20261117,1,20261118,1,20261119,1,20261120,1,20261121,1,20261122,1,20261123,1,20261124,1,20261125,1,20261126,1,20261127,1,20261128,1,20261129,1,20261130,1
'1035725',20261013,1,20261014,1,20261015,1,20261016,1,20261017,1,20261018,1,20261019,1,20261020,1,20261021,1,20261022,1,20261023,1,20261024,1,20261025,1,20261026,1,20261027,1,20261028,1,20261029,1,20261030,1,20261031,1,20261101,1,20261102,1,20261103,1,20261104,1,20261105,1,20261106,1,20261107,1,20261108,1,20261109,1,20261110,1,20261111,1,20261112,1,20261113,1,20261114,1,20261115,1,20261116,1,20261117,1,20261118,1,20261119,1,20261120,1,20261121,1,20261122,1,20261123,1,20261124,1,20261125,1,20261126,1,20261127,1,20261128,1,20261129,1,20261130,1
'1035726',20261013,1,20261014,1,20261015,1,20261016,1,20261017,1,20261018,1,20261019,1,20261020,1,20261021,1,20261022,1,20261023,1,20261024,1,20261025,1,20261026,1,20261027,1,20261028,1,20261029,1,20261030,1,20261031,1,20261101,1,20261102,1,20261103,1,20261104,1,20261105,1,20261106,1,20261107,1,20261108,1,20261109,1,20261110,1,20261111,1,20261112,1,20261113,1,20261114,1,20261115,1,20261116,1,20261117,1,20261118,1,20261119,1,20261120,1,20261121,1,20261122,1,20261123,1,20261124,1,20261125,1,20261126,1,20261127,1,20261128,1,20261129,1,20261130,1
'1035727',20261013,1,20261014,1,20261015,1,20261016,1,20261017,1,20261018,1,20261019,1,20261020,1,20261021,1,20261022,1,20261023,1,20261024,1,20261025,1,20261026,1,20261027,1,20261028,1,20261029,1,20261030,1,20261031,1,20261101,1,20261102,1,20261103,1,20261104,1,20261105,1,20261106,1,20261107,1,20261108,1,20261109,1,20261110,1,20261111,1,20261112,1,20261113,1,20261114,1,20261115,1,20261116,1,20261117,1,20261118,1,20261119,1,20261120,1,20261121,1,20261122,1,20261123,1,20261124,1,20261125,1,20261126,1,20261127,1,20261128,1,20261129,1,20261130,1
'1035728',20261017,1,20261018,1,20261024,1,20261025,1,20261031,1,20261101,1,20261107,1,20261108,1,20261111,1,20261114,1,20261115,1,20261121,1,20261122,1,20261128,1,20261129,1
'1035729',20261013,1,20261014,1,20261015,1,20261016,1,20261017,1,20261018,1,20261019,1,20261020,1,20261021,1,20261022,1,20261023,1,20261024,1,20261025,1,20261026,1,20261027,1,20261028,1,20261029,1,20261030,1,20261031,1,20261101,1,20261102,1,20261103,1,20261104,1,20261105,1,20261106,1,20261107,1,20261108,1,20261109,1,20261110,1,20261111,1,20261112,1,20261113,1,20261114,1,20261115,1,20261116,1,20261117,1,20261118,1,20261119,1,20261120,1,20261121,1,20261122,1,20261123,1,20261124,1,20261125,1,20261126,1,20261127,1,20261128,1,20261129,1,20261130,1
'1035730',20261013,1,20261014,1,20261015,1,20261016,1,20261017,1,20261018,1,20261019,1,20261020,1,20261021,1,20261022,1,20261023,1,20261024,1,20261025,1,20261026,1,20261027,1,20261028,1,20261029,1,20261030,1,20261031,1,20261101,1,20261102,1,20261103,1,20261104,1,20261105,1,20261106,1,20261107,1,20261108,1,20261109,1,20261110,1,20261111,1,20261112,1,20261113,1,20261114,1,20261115,1,20261116,1,20261117,1,20261118,1,20261119,1,20261120,1,20261121,1,20261122,1,20261123,1,20261124,1,20261125,1,20261126,1,20261127,1,20261128,1,20261129,1,20261130,1
'1035731',20261013,1,20261014,1,20261015,1,20261016,1,20261017,1,20261018,1,20261019,1,20261020,1,20261021,1,20261022,1,20261023,1,20261024,1,20261025,1,20261026,1,20261027,1,20261028,1,20261029,1,20261030,1,20261031,1,20261101,1,20261102,1,20261103,1,20261104,1,20261105,1,20261106,1,20261107,1,20261108,1,20261109,1,20261110,1,20261111,1,20261112,1,20261113,1,20261114,1,20261115,1,20261116,1,20261117,1,20261118,1,20261119,1,20261120,1,20261121,1,20261122,1,20261123,1,20261124,1,20261125,1,20261126,1,20261127,1,20261128,1,20261129,1,20261130,1
'1035732',20261013,1,20261014,1,20261015,1,20261016,1,20261017,1,20261018,1,20261019,1,20261020,1,20261021,1,20261022,1,20261023,1,20261024,1,20261025,1,20261026,1,20261027,1,20261028,1,20261029,1,20261030,1,20261031,1,20261101,1,20261102,1,20261103,1,20261104,1,20261105,1,20261106,1,20261107,1,20261108,1,20261109,1,20261110,1,20261111,1,20261112,1,20261113,1,20261114,1,20261115,1,20261116,1,20261117,1,20261118,1,20261119,1,20261120,1,20261121,1,20261122,1,20261123,1,20261124,1,20261125,1,20261126,1,20261127,1,20261128,1,20261129,1,20261130,1
'1035733',20261013,1,20261014,1,20261015,1,20261016,1,20261017,1,20261018,1,20261019,1,20261020,1,20261021,1,20261022,1,20261023,1,20261024,1,20261025,1,20261026,1,20261027,1,20261028,1,20261029,1,20261030,1,20261031,1,20261101,1,20261102,1,20261103,1,20261104,1,20261105,1,20261106,1,20261107,1,20261108,1,20261109,1,20261110,1,20261111,1,20261112,1,20261113,1,20261114,1,20261115,1,20261116,1,20261117,1,20261118,1,20261119,1,20261120,1,20261121,1,20261122,1,20261123,1,20261124,1,20261125,1,20261126,1,20261127,1,20261128,1,20261129,1,20261130,1
'1035734',20261013,1,20261014,1,20261015,1,20261016,1,20261017,1,20261018,1,20261019,1,20261020,1,20261021,1,20261022,1,20261023,1,20261024,1,20261025,1,20261026,1,20261027,1,20261028,1,20261029,1,20261030,1,20261031,1,20261101,1,20261102,1,20261103,1,20261104,1,20261105,1,20261106,1,20261107,1,20261108,1,20261109,1,20261110,1,20261111,1,20261112,1,20261113,1,20261114,1,20261115,1,20261116,1,20261117,1,20261118,1,20261119,1,20261120,1,20261121,1,20261122,1,20261123,1,20261124,1,20261125,1,20261126,1,20261127,1,20261128,1,20261129,1,20261130,1
'1035735',20261013,1,20261014,1,20261015,1,20261016,1,20261017,1,20261018,1,20261019,1,20261020,1,20261021,1,20261022,1,20261023,1,20261024,1,20261025,1,20261026,1,20261027,1,20261028,1,20261029,1,20261030,1,20261031,1,20261101,1,20261102,1,20261103,1,20261104,1,20261105,1,20261106,1,20261107,1,20261108,1,20261109,1,20261110,1,20261111,1,20261112,1,20261113,1,20261114,1,20261115,1,20261116,1,20261117,1,20261118,1,20261119,1,20261120,1,20261121,1,20261122,1,20261123,1,20261124,1,20261125,1,20261126,1,20261127,1,20261128,1,20261129,1,20261130,1
'1035736',20261013,1,20261014,1,20261015,1,20261016,1,20261017,1,20261018,1,20261019,1,20261020,1,20261021,1,20261022,1,20261023,1,20261024,1,20261025,1,20261026,1,20261027,1,20261028,1,20261029,1,20261030,1,20261031,1,20261101,1,20261102,1,20261103,1,20261104,1,20261105,1,20261106,1,20261107,1,20261108,1,20261109,1,20261110,1,20261111,1,20261112,1,20261113,1,20261114,1,20261115,1,20261116,1,20261117,1,20261118,1,20261119,1,20261120,1,20261121,1,20261122,1,20261123,1,20261124,1,20261125,1,20261126,1,20261127,1,20261128,1,20261129,1,20261130,1
'1035737',20261013,1,20261014,1,20261015,1,20261016,1,20261017,1,20261018,1,20261019,1,20261020,1,20261021,1,20261022,1,20261023,1,20261024,1,20261025,1,20261026,1,20261027,1,20261028,1,20261029,1,20261030,1,20261031,1,20261101,1,20261102,1,20261103,1,20261104,1,20261105,1,20261106,1,20261107,1,20261108,1,20261109,1,20261110,1,20261111,1,20261112,1,20261113,1,20261114,1,20261115,1,20261116,1,20261117,1,20261118,1,20261119,1,20261120,1,20261121,1,20261122,1,20261123,1,20261124,1,20261125,1,20261126,1,20261127,1,20261128,1,20261129,1,20261130,1
'1035738',20261013,1,20261014,1,20261015,1,20261016,1,20261017,1,20261018,1,20261019,1,20261020,1,20261021,1,20261022,1,20261023,1,20261024,1,20261025,1,20261026,1,20261027,1,20261028,1,20261029,1,20261030,1,20261031,1,20261101,1,20261102,1,20261103,1,20261104,1,20261105,1,20261106,1,20261107,1,20261108,1,20261109,1,20261110,1,20261111,1,20261112,1,20261113,1,20261114,1,20261115,1,20261116,1,20261117,1,20261118,1,20261119,1,20261120,1,20261121,1,20261122,1,20261123,1,20261124,1,20261125,1,20261126,1,20261127,1,20261128,1,20261129,1,20261130,1
'1035739',20261013,1,20261014,1,20261015,1,20261016,1,20261017,1,20261018,1,20261019,1,20261020,1,20261021,1,20261022,1,20261023,1,20261024,1,20261025,1,20261026,1,20261027,1,20261028,1,20261029,1,20261030,1,20261031,1,20261101,1,20261102,1,20261103,1,20261104,1,20261105,1,20261106,1,20261107,1,20261108,1,20261109,1,20261110,1,20261111,1,20261112,1,20261113,1,20261114,1,20261115,1,20261116,1,20261117,1,20261118,1,20261119,1,20261120,1,20261121,1,20261122,1,20261123,1,20261124,1,20261125,1,20261126,1,20261127,1,20261128,1,20261129,1,20261130,1
'1035740',20261013,1,20261014,1,20261015,1,20261016,1,20261017,1,20261018,1,20261019,1,20261020,1,20261021,1,20261022,1,20261023,1,20261024,1,20261025,1,20261026,1,20261027,1,20261028,1,20261029,1,20261030,1,20261031,1,20261101,1,20261102,1,20261103,1,20261104,1,20261105,1,20261106,1,20261107,1,20261108,1,20261109,1,20261110,1,20261111,1,20261112,1,20261113,1,20261114,1,20261115,1,20261116,1,20261117,1,20261118,1,20261119,1,20261120,1,20261121,1,20261122,1,20261123,1,20261124,1,20261125,1,20261126,1,20261127,1,20261128,1,20261129,1,20261130,1
'1035741',20261013,1,20261014,1,20261015,1,20261016,1,20261017,1,20261018,1,20261019,1,20261020,1,20261021,1,20261022,1,20261023,1,20261024,1,20261025,1,20261026,1,20261027,1,20261028,1,20261029,1,20261030,1,20261031,1,20261101,1,20261102,1,20261103,1,20261104,1,20261105,1,20261106,1,20261107,1,20261108,1,20261109,1,20261110,1,20261111,1,20261112,1,20261113,1,20261114,1,20261115,1,20261116,1,20261117,1,20261118,1,20261119,1,20261120,1,20261121,1,20261122,1,20261123,1,20261124,1,20261125,1,20261126,1,20261127,1,20261128,1,20261129,1,20261130,1
'1035742',20261013,1,20261014,1,20261015,1,20261016,1,20261017,1,20261018,1,20261019,1,20261020,1,20261021,1,20261022,1,20261023,1,20261024,1,20261025,1,20261026,1,20261027,1,20261028,1,20261029,1,20261030,1,20261031,1,20261101,1,20261102,1,20261103,1,20261104,1,20261105,1,20261106,1,20261107,1,20261108,1,20261109,1,20261110,1,20261111,1,20261112,1,20261113,1,20261114,1,20261115,1,20261116,1,20261117,1,20261118,1,20261119,1,20261120,1,20261121,1,20261122,1,20261123,1,20261124,1,20261125,1,20261126,1,20261127,1,20261128,1,20261129,1,20261130,1
'1035743',20261013,1,20261014,1,20261015,1,20261016,1,20261017,1,20261018,1,20261019,1,20261020,1,20261021,1,20261022,1,20261023,1,20261024,1,20261025,1,20261026,1,20261027,1,20261028,1,20261029,1,20261030,1,20261031,1,20261101,1,20261102,1,20261103,1,20261104,1,20261105,1,20261106,1,20261107,1,20261108,1,20261109,1,20261110,1,20261111,1,20261112,1,20261113,1,20261114,1,20261115,1,20261116,1,20261117,1,20261118,1,20261119,1,20261120,1,20261121,1,20261122,1,20261123,1,20261124,1,20261125,1,20261126,1,20261127,1,20261128,1,20261129,1,20261130,1
'1035744',20261013,1,20261014,1,20261015,1,20261016,1,20261017,1,20261018,1,20261019,1,20261020,1,20261021,1,20261022,1,20261023,1,20261024,1,20261025,1,20261026,1,20261027,1,20261028,1,20261029,1,20261030,1,20261031,1,20261101,1,20261102,1,20261103,1,20261104,1,20261105,1,20261106,1,20261107,1,20261108,1,20261109,1,20261110,1,20261111,1,20261112,1,20261113,1,20261114,1,20261115,1,20261116,1,20261117,1,20261118,1,20261119,1,20261120,1,20261121,1,20261122,1,20261123,1,20261124,1,20261125,1,20261126,1,20261127,1,20261128,1,20261129,1,20261130,1
'1035745',20261013,1,20261014,1,20261015,1,20261016,1,20261017,1,20261018,1,20261019,1,20261020,1,20261021,1,20261022,1,20261023,1,20261024,1,20261025,1,20261026,1,20261027,1,20261028,1,20261029,1,20261030,1,20261031,1,20261101,1,20261102,1,20261103,1,20261104,1,20261105,1,20261106,1,20261107,1,20261108,1,20261109,1,20261110,1,20261111,1,20261112,1,20261113,1,20261114,1,20261115,1,20261116,1,20261117,1,20261118,1,20261119,1,20261120,1,20261121,1,20261122,1,20261123,1,20261124,1,20261125,1,20261126,1,20261127,1,20261128,1,20261129,1,20261130,1
'1035746',20261013,1,20261014,1,20261015,1,20261016,1,20261017,1,20261018,1,20261019,1,20261020,1,20261021,1,20261022,1,20261023,1,20261024,1,20261025,1,20261026,1,20261027,1,20261028,1,20261029,1,20261030,1,20261031,1,20261101,1,20261102,1,20261103,1,20261104,1,20261105,1,20261106,1,20261107,1,20261108,1,20261109,1,20261110,1,20261111,1,20261112,1,20261113,1,20261114,1,20261115,1,20261116,1,20261117,1,20261118,1,20261119,1,20261120,1,20261121,1,20261122,1,20261123,1,20261124,1,20261125,1,20261126,1,20261127,1,20261128,1,20261129,1,20261130,1
